tabla_origen,bloque,set_features,algoritmo,metrica,n,media,sd,min,max,valor_semilla_42,dentro_banda_42,distancia_fuera_banda_42,commit_semilla_42,semillas,alcance,nota_bloque,decisiones_no_constantes,commits_origen,commit_agregador,fecha
metricas_anomalias_semillas.csv,calidad,122_sin_seleccion,Autoencoder,f1,10,0.8687,0.0232,0.8351,0.8965,0.8659,dentro,0.0,1163c90,1 2 3 4 5 6 7 8 9 10,binario normal-vs-ataque (2 clases) sobre D2 completo,,"config_ganadora: {'hidden_layer_sizes': (64, 32, 64)} en 6 semilla(s) · {'hidden_layer_sizes': (32, 16, 32)} en 4 semilla(s)",df30cb2,6bb224c-sucio,2026-08-14T15:15:13
metricas_anomalias_semillas.csv,calidad,122_sin_seleccion,Autoencoder,fpr,10,0.0861,0.0138,0.0488,0.0978,0.0849,dentro,0.0,1163c90,1 2 3 4 5 6 7 8 9 10,binario normal-vs-ataque (2 clases) sobre D2 completo,,"config_ganadora: {'hidden_layer_sizes': (64, 32, 64)} en 6 semilla(s) · {'hidden_layer_sizes': (32, 16, 32)} en 4 semilla(s)",df30cb2,6bb224c-sucio,2026-08-14T15:15:13
metricas_anomalias_semillas.csv,calidad,122_sin_seleccion,Autoencoder,pr_auc,10,0.9542,0.0067,0.9407,0.9602,0.9519,dentro,0.0,1163c90,1 2 3 4 5 6 7 8 9 10,binario normal-vs-ataque (2 clases) sobre D2 completo,,"config_ganadora: {'hidden_layer_sizes': (64, 32, 64)} en 6 semilla(s) · {'hidden_layer_sizes': (32, 16, 32)} en 4 semilla(s)",df30cb2,6bb224c-sucio,2026-08-14T15:15:13
metricas_anomalias_semillas.csv,calidad,122_sin_seleccion,Autoencoder,roc_auc,10,0.948,0.0069,0.9341,0.9573,0.9472,dentro,0.0,1163c90,1 2 3 4 5 6 7 8 9 10,binario normal-vs-ataque (2 clases) sobre D2 completo,,"config_ganadora: {'hidden_layer_sizes': (64, 32, 64)} en 6 semilla(s) · {'hidden_layer_sizes': (32, 16, 32)} en 4 semilla(s)",df30cb2,6bb224c-sucio,2026-08-14T15:15:13
metricas_anomalias_semillas.csv,calidad,122_sin_seleccion,Autoencoder,umbral,10,0.0014,0.0016,0.0001,0.0043,0.0001,dentro,0.0,1163c90,1 2 3 4 5 6 7 8 9 10,binario normal-vs-ataque (2 clases) sobre D2 completo,,"config_ganadora: {'hidden_layer_sizes': (64, 32, 64)} en 6 semilla(s) · {'hidden_layer_sizes': (32, 16, 32)} en 4 semilla(s)",df30cb2,6bb224c-sucio,2026-08-14T15:15:13
metricas_anomalias_semillas.csv,calidad,122_sin_seleccion,IsolationForest,f1,10,0.8194,0.0087,0.8063,0.8322,0.8187,dentro,0.0,1163c90,1 2 3 4 5 6 7 8 9 10,binario normal-vs-ataque (2 clases) sobre D2 completo,,"config_ganadora: {'n_estimators': 100, 'max_samples': 1.0} en 3 semilla(s) · {'n_estimators': 300, 'max_samples': 1.0} en 3 semilla(s) · {'n_estimators': 200, 'max_samples': 1.0} en 2 semilla(s) · {'n_estimators': 300, 'max_samples': 0.5} en 1 semilla(s) · {'n_estimators': 200, 'max_samples': 0.5} en 1 semilla(s)",df30cb2,6bb224c-sucio,2026-08-14T15:15:13
metricas_anomalias_semillas.csv,calidad,122_sin_seleccion,IsolationForest,fpr,10,0.0898,0.0034,0.0823,0.0938,0.0928,dentro,0.0,1163c90,1 2 3 4 5 6 7 8 9 10,binario normal-vs-ataque (2 clases) sobre D2 completo,,"config_ganadora: {'n_estimators': 100, 'max_samples': 1.0} en 3 semilla(s) · {'n_estimators': 300, 'max_samples': 1.0} en 3 semilla(s) · {'n_estimators': 200, 'max_samples': 1.0} en 2 semilla(s) · {'n_estimators': 300, 'max_samples': 0.5} en 1 semilla(s) · {'n_estimators': 200, 'max_samples': 0.5} en 1 semilla(s)",df30cb2,6bb224c-sucio,2026-08-14T15:15:13
metricas_anomalias_semillas.csv,calidad,122_sin_seleccion,IsolationForest,pr_auc,10,0.957,0.0019,0.9546,0.9609,0.9511,fuera,0.003474,1163c90,1 2 3 4 5 6 7 8 9 10,binario normal-vs-ataque (2 clases) sobre D2 completo,,"config_ganadora: {'n_estimators': 100, 'max_samples': 1.0} en 3 semilla(s) · {'n_estimators': 300, 'max_samples': 1.0} en 3 semilla(s) · {'n_estimators': 200, 'max_samples': 1.0} en 2 semilla(s) · {'n_estimators': 300, 'max_samples': 0.5} en 1 semilla(s) · {'n_estimators': 200, 'max_samples': 0.5} en 1 semilla(s)",df30cb2,6bb224c-sucio,2026-08-14T15:15:13
metricas_anomalias_semillas.csv,calidad,122_sin_seleccion,IsolationForest,roc_auc,10,0.9502,0.0022,0.9473,0.9539,0.9459,fuera,0.001405,1163c90,1 2 3 4 5 6 7 8 9 10,binario normal-vs-ataque (2 clases) sobre D2 completo,,"config_ganadora: {'n_estimators': 100, 'max_samples': 1.0} en 3 semilla(s) · {'n_estimators': 300, 'max_samples': 1.0} en 3 semilla(s) · {'n_estimators': 200, 'max_samples': 1.0} en 2 semilla(s) · {'n_estimators': 300, 'max_samples': 0.5} en 1 semilla(s) · {'n_estimators': 200, 'max_samples': 0.5} en 1 semilla(s)",df30cb2,6bb224c-sucio,2026-08-14T15:15:13
metricas_anomalias_semillas.csv,calidad,122_sin_seleccion,IsolationForest,umbral,10,0.406,0.0042,0.4003,0.4126,0.4098,dentro,0.0,1163c90,1 2 3 4 5 6 7 8 9 10,binario normal-vs-ataque (2 clases) sobre D2 completo,,"config_ganadora: {'n_estimators': 100, 'max_samples': 1.0} en 3 semilla(s) · {'n_estimators': 300, 'max_samples': 1.0} en 3 semilla(s) · {'n_estimators': 200, 'max_samples': 1.0} en 2 semilla(s) · {'n_estimators': 300, 'max_samples': 0.5} en 1 semilla(s) · {'n_estimators': 200, 'max_samples': 0.5} en 1 semilla(s)",df30cb2,6bb224c-sucio,2026-08-14T15:15:13
metricas_anomalias_semillas.csv,calidad,122_sin_seleccion,LocalOutlierFactor,f1,10,0.7148,0.0253,0.6511,0.7342,0.7272,dentro,0.0,1163c90,1 2 3 4 5 6 7 8 9 10,binario normal-vs-ataque (2 clases) sobre D2 completo,,config_ganadora: {'n_neighbors': 20} en 9 semilla(s) · {'n_neighbors': 35} en 1 semilla(s),df30cb2,6bb224c-sucio,2026-08-14T15:15:13
metricas_anomalias_semillas.csv,calidad,122_sin_seleccion,LocalOutlierFactor,fpr,10,0.1607,0.0021,0.1569,0.1635,0.1659,fuera,0.002368,1163c90,1 2 3 4 5 6 7 8 9 10,binario normal-vs-ataque (2 clases) sobre D2 completo,,config_ganadora: {'n_neighbors': 20} en 9 semilla(s) · {'n_neighbors': 35} en 1 semilla(s),df30cb2,6bb224c-sucio,2026-08-14T15:15:13
metricas_anomalias_semillas.csv,calidad,122_sin_seleccion,LocalOutlierFactor,pr_auc,10,0.7559,0.0036,0.7484,0.7599,0.7546,dentro,0.0,1163c90,1 2 3 4 5 6 7 8 9 10,binario normal-vs-ataque (2 clases) sobre D2 completo,,config_ganadora: {'n_neighbors': 20} en 9 semilla(s) · {'n_neighbors': 35} en 1 semilla(s),df30cb2,6bb224c-sucio,2026-08-14T15:15:13
metricas_anomalias_semillas.csv,calidad,122_sin_seleccion,LocalOutlierFactor,roc_auc,10,0.8315,0.0042,0.8218,0.8364,0.834,dentro,0.0,1163c90,1 2 3 4 5 6 7 8 9 10,binario normal-vs-ataque (2 clases) sobre D2 completo,,config_ganadora: {'n_neighbors': 20} en 9 semilla(s) · {'n_neighbors': 35} en 1 semilla(s),df30cb2,6bb224c-sucio,2026-08-14T15:15:13
metricas_anomalias_semillas.csv,calidad,122_sin_seleccion,LocalOutlierFactor,umbral,10,2.4144,0.0588,2.2966,2.5244,2.3155,dentro,0.0,1163c90,1 2 3 4 5 6 7 8 9 10,binario normal-vs-ataque (2 clases) sobre D2 completo,,config_ganadora: {'n_neighbors': 20} en 9 semilla(s) · {'n_neighbors': 35} en 1 semilla(s),df30cb2,6bb224c-sucio,2026-08-14T15:15:13
metricas_anomalias_semillas.csv,calidad,122_sin_seleccion,OneClassSVM,f1,10,0.8014,0.001,0.7997,0.8033,0.8017,dentro,0.0,1163c90,1 2 3 4 5 6 7 8 9 10,binario normal-vs-ataque (2 clases) sobre D2 completo,,,df30cb2,6bb224c-sucio,2026-08-14T15:15:13
metricas_anomalias_semillas.csv,calidad,122_sin_seleccion,OneClassSVM,fpr,10,0.0825,0.0004,0.0819,0.083,0.0834,fuera,0.000412,1163c90,1 2 3 4 5 6 7 8 9 10,binario normal-vs-ataque (2 clases) sobre D2 completo,,,df30cb2,6bb224c-sucio,2026-08-14T15:15:13
metricas_anomalias_semillas.csv,calidad,122_sin_seleccion,OneClassSVM,pr_auc,10,0.9254,0.0008,0.9238,0.927,0.9258,dentro,0.0,1163c90,1 2 3 4 5 6 7 8 9 10,binario normal-vs-ataque (2 clases) sobre D2 completo,,,df30cb2,6bb224c-sucio,2026-08-14T15:15:13
metricas_anomalias_semillas.csv,calidad,122_sin_seleccion,OneClassSVM,roc_auc,10,0.8883,0.0019,0.8855,0.8915,0.8898,dentro,0.0,1163c90,1 2 3 4 5 6 7 8 9 10,binario normal-vs-ataque (2 clases) sobre D2 completo,,,df30cb2,6bb224c-sucio,2026-08-14T15:15:13
metricas_anomalias_semillas.csv,calidad,122_sin_seleccion,OneClassSVM,umbral,10,0.0837,0.3817,-0.5839,0.5857,-0.5063,dentro,0.0,1163c90,1 2 3 4 5 6 7 8 9 10,binario normal-vs-ataque (2 clases) sobre D2 completo,,,df30cb2,6bb224c-sucio,2026-08-14T15:15:13
metricas_anomalias_semillas.csv,calidad,54,Autoencoder,f1,10,0.8721,0.0161,0.8492,0.8934,0.8716,dentro,0.0,1163c90,1 2 3 4 5 6 7 8 9 10,binario normal-vs-ataque (2 clases) sobre D2 completo,,,df30cb2,6bb224c-sucio,2026-08-14T15:15:13
metricas_anomalias_semillas.csv,calidad,54,Autoencoder,fpr,10,0.0986,0.005,0.0934,0.107,0.1017,dentro,0.0,1163c90,1 2 3 4 5 6 7 8 9 10,binario normal-vs-ataque (2 clases) sobre D2 completo,,,df30cb2,6bb224c-sucio,2026-08-14T15:15:13
metricas_anomalias_semillas.csv,calidad,54,Autoencoder,pr_auc,10,0.9287,0.0077,0.9208,0.9464,0.9092,fuera,0.011533,1163c90,1 2 3 4 5 6 7 8 9 10,binario normal-vs-ataque (2 clases) sobre D2 completo,,,df30cb2,6bb224c-sucio,2026-08-14T15:15:13
metricas_anomalias_semillas.csv,calidad,54,Autoencoder,roc_auc,10,0.9343,0.0077,0.9242,0.9489,0.9288,dentro,0.0,1163c90,1 2 3 4 5 6 7 8 9 10,binario normal-vs-ataque (2 clases) sobre D2 completo,,,df30cb2,6bb224c-sucio,2026-08-14T15:15:13
metricas_anomalias_semillas.csv,calidad,54,Autoencoder,umbral,10,0.0001,0.0001,0.0,0.0003,0.0,dentro,0.0,1163c90,1 2 3 4 5 6 7 8 9 10,binario normal-vs-ataque (2 clases) sobre D2 completo,,,df30cb2,6bb224c-sucio,2026-08-14T15:15:13
metricas_anomalias_semillas.csv,calidad,54,IsolationForest,f1,10,0.8259,0.012,0.8062,0.8428,0.8341,dentro,0.0,1163c90,1 2 3 4 5 6 7 8 9 10,binario normal-vs-ataque (2 clases) sobre D2 completo,,"config_ganadora: {'n_estimators': 100, 'max_samples': 1.0} en 5 semilla(s) · {'n_estimators': 200, 'max_samples': 1.0} en 4 semilla(s) · {'n_estimators': 300, 'max_samples': 1.0} en 1 semilla(s)",df30cb2,6bb224c-sucio,2026-08-14T15:15:13
metricas_anomalias_semillas.csv,calidad,54,IsolationForest,fpr,10,0.0995,0.0019,0.0969,0.1024,0.1002,dentro,0.0,1163c90,1 2 3 4 5 6 7 8 9 10,binario normal-vs-ataque (2 clases) sobre D2 completo,,"config_ganadora: {'n_estimators': 100, 'max_samples': 1.0} en 5 semilla(s) · {'n_estimators': 200, 'max_samples': 1.0} en 4 semilla(s) · {'n_estimators': 300, 'max_samples': 1.0} en 1 semilla(s)",df30cb2,6bb224c-sucio,2026-08-14T15:15:13
metricas_anomalias_semillas.csv,calidad,54,IsolationForest,pr_auc,10,0.9347,0.0079,0.9197,0.9421,0.9181,fuera,0.00163,1163c90,1 2 3 4 5 6 7 8 9 10,binario normal-vs-ataque (2 clases) sobre D2 completo,,"config_ganadora: {'n_estimators': 100, 'max_samples': 1.0} en 5 semilla(s) · {'n_estimators': 200, 'max_samples': 1.0} en 4 semilla(s) · {'n_estimators': 300, 'max_samples': 1.0} en 1 semilla(s)",df30cb2,6bb224c-sucio,2026-08-14T15:15:13
metricas_anomalias_semillas.csv,calidad,54,IsolationForest,roc_auc,10,0.9294,0.0041,0.9225,0.9336,0.9229,dentro,0.0,1163c90,1 2 3 4 5 6 7 8 9 10,binario normal-vs-ataque (2 clases) sobre D2 completo,,"config_ganadora: {'n_estimators': 100, 'max_samples': 1.0} en 5 semilla(s) · {'n_estimators': 200, 'max_samples': 1.0} en 4 semilla(s) · {'n_estimators': 300, 'max_samples': 1.0} en 1 semilla(s)",df30cb2,6bb224c-sucio,2026-08-14T15:15:13
metricas_anomalias_semillas.csv,calidad,54,IsolationForest,umbral,10,0.4366,0.0033,0.432,0.4436,0.4406,dentro,0.0,1163c90,1 2 3 4 5 6 7 8 9 10,binario normal-vs-ataque (2 clases) sobre D2 completo,,"config_ganadora: {'n_estimators': 100, 'max_samples': 1.0} en 5 semilla(s) · {'n_estimators': 200, 'max_samples': 1.0} en 4 semilla(s) · {'n_estimators': 300, 'max_samples': 1.0} en 1 semilla(s)",df30cb2,6bb224c-sucio,2026-08-14T15:15:13
metricas_anomalias_semillas.csv,calidad,54,LocalOutlierFactor,f1,10,0.5838,0.0404,0.5196,0.648,0.5718,dentro,0.0,1163c90,1 2 3 4 5 6 7 8 9 10,binario normal-vs-ataque (2 clases) sobre D2 completo,,,df30cb2,6bb224c-sucio,2026-08-14T15:15:13
metricas_anomalias_semillas.csv,calidad,54,LocalOutlierFactor,fpr,10,0.1598,0.0025,0.1559,0.165,0.1604,dentro,0.0,1163c90,1 2 3 4 5 6 7 8 9 10,binario normal-vs-ataque (2 clases) sobre D2 completo,,,df30cb2,6bb224c-sucio,2026-08-14T15:15:13
metricas_anomalias_semillas.csv,calidad,54,LocalOutlierFactor,pr_auc,10,0.7416,0.0057,0.7335,0.7502,0.7401,dentro,0.0,1163c90,1 2 3 4 5 6 7 8 9 10,binario normal-vs-ataque (2 clases) sobre D2 completo,,,df30cb2,6bb224c-sucio,2026-08-14T15:15:13
metricas_anomalias_semillas.csv,calidad,54,LocalOutlierFactor,roc_auc,10,0.8105,0.0075,0.8,0.8223,0.8071,dentro,0.0,1163c90,1 2 3 4 5 6 7 8 9 10,binario normal-vs-ataque (2 clases) sobre D2 completo,,,df30cb2,6bb224c-sucio,2026-08-14T15:15:13
metricas_anomalias_semillas.csv,calidad,54,LocalOutlierFactor,umbral,10,2.2577,0.0588,2.1594,2.3362,2.1863,dentro,0.0,1163c90,1 2 3 4 5 6 7 8 9 10,binario normal-vs-ataque (2 clases) sobre D2 completo,,,df30cb2,6bb224c-sucio,2026-08-14T15:15:13
metricas_anomalias_semillas.csv,calidad,54,OneClassSVM,f1,10,0.7834,0.0016,0.7801,0.7847,0.7844,dentro,0.0,1163c90,1 2 3 4 5 6 7 8 9 10,binario normal-vs-ataque (2 clases) sobre D2 completo,,"config_ganadora: {'nu': 0.1, 'gamma': 'scale'} en 7 semilla(s) · {'nu': 0.05, 'gamma': 'scale'} en 3 semilla(s)",df30cb2,6bb224c-sucio,2026-08-14T15:15:13
metricas_anomalias_semillas.csv,calidad,54,OneClassSVM,fpr,10,0.0837,0.001,0.0821,0.085,0.0849,dentro,0.0,1163c90,1 2 3 4 5 6 7 8 9 10,binario normal-vs-ataque (2 clases) sobre D2 completo,,"config_ganadora: {'nu': 0.1, 'gamma': 'scale'} en 7 semilla(s) · {'nu': 0.05, 'gamma': 'scale'} en 3 semilla(s)",df30cb2,6bb224c-sucio,2026-08-14T15:15:13
metricas_anomalias_semillas.csv,calidad,54,OneClassSVM,pr_auc,10,0.8866,0.0028,0.8807,0.8896,0.889,dentro,0.0,1163c90,1 2 3 4 5 6 7 8 9 10,binario normal-vs-ataque (2 clases) sobre D2 completo,,"config_ganadora: {'nu': 0.1, 'gamma': 'scale'} en 7 semilla(s) · {'nu': 0.05, 'gamma': 'scale'} en 3 semilla(s)",df30cb2,6bb224c-sucio,2026-08-14T15:15:13
metricas_anomalias_semillas.csv,calidad,54,OneClassSVM,roc_auc,10,0.8301,0.0051,0.82,0.8359,0.836,fuera,9.7e-05,1163c90,1 2 3 4 5 6 7 8 9 10,binario normal-vs-ataque (2 clases) sobre D2 completo,,"config_ganadora: {'nu': 0.1, 'gamma': 'scale'} en 7 semilla(s) · {'nu': 0.05, 'gamma': 'scale'} en 3 semilla(s)",df30cb2,6bb224c-sucio,2026-08-14T15:15:13
metricas_anomalias_semillas.csv,calidad,54,OneClassSVM,umbral,10,14.218,9.7495,0.128,22.2675,19.1866,dentro,0.0,1163c90,1 2 3 4 5 6 7 8 9 10,binario normal-vs-ataque (2 clases) sobre D2 completo,,"config_ganadora: {'nu': 0.1, 'gamma': 'scale'} en 7 semilla(s) · {'nu': 0.05, 'gamma': 'scale'} en 3 semilla(s)",df30cb2,6bb224c-sucio,2026-08-14T15:15:13
metricas_baseline_semillas.csv,calidad,122_sin_seleccion,RandomForest_monolitico,bin_accuracy,10,0.7476,0.0009,0.746,0.7489,0.7477,dentro,0.0,1163c90,1 2 3 4 5 6 7 8 9 10,multiclase 5 clases (normal + 4 ataques) sobre D2 completo,,"config_ganadora: {'max_depth': None, 'n_estimators': 300} en 5 semilla(s) · {'max_depth': None, 'n_estimators': 100} en 5 semilla(s)",df30cb2,6bb224c-sucio,2026-08-14T15:15:13
metricas_baseline_semillas.csv,calidad,122_sin_seleccion,RandomForest_monolitico,bin_fpr,10,0.0261,0.0002,0.026,0.0265,0.0261,dentro,0.0,1163c90,1 2 3 4 5 6 7 8 9 10,multiclase 5 clases (normal + 4 ataques) sobre D2 completo,,"config_ganadora: {'max_depth': None, 'n_estimators': 300} en 5 semilla(s) · {'max_depth': None, 'n_estimators': 100} en 5 semilla(s)",df30cb2,6bb224c-sucio,2026-08-14T15:15:13
metricas_baseline_semillas.csv,calidad,122_sin_seleccion,RandomForest_monolitico,f1_macro,10,0.4694,0.0016,0.4672,0.472,0.4698,dentro,0.0,1163c90,1 2 3 4 5 6 7 8 9 10,multiclase 5 clases (normal + 4 ataques) sobre D2 completo,,"config_ganadora: {'max_depth': None, 'n_estimators': 300} en 5 semilla(s) · {'max_depth': None, 'n_estimators': 100} en 5 semilla(s)",df30cb2,6bb224c-sucio,2026-08-14T15:15:13
metricas_baseline_semillas.csv,calidad,122_sin_seleccion,RandomForest_monolitico,recall_0day_global,10,0.1471,0.0046,0.1376,0.1539,0.148,dentro,0.0,1163c90,1 2 3 4 5 6 7 8 9 10,multiclase 5 clases (normal + 4 ataques) sobre D2 completo,,"config_ganadora: {'max_depth': None, 'n_estimators': 300} en 5 semilla(s) · {'max_depth': None, 'n_estimators': 100} en 5 semilla(s)",df30cb2,6bb224c-sucio,2026-08-14T15:15:13
metricas_baseline_semillas.csv,calidad,54,RandomForest_monolitico,bin_accuracy,10,0.7451,0.0017,0.7429,0.7484,0.7466,dentro,0.0,1163c90,1 2 3 4 5 6 7 8 9 10,multiclase 5 clases (normal + 4 ataques) sobre D2 completo,,"config_ganadora: {'max_depth': None, 'n_estimators': 300} en 5 semilla(s) · {'max_depth': None, 'n_estimators': 100} en 5 semilla(s)",df30cb2,6bb224c-sucio,2026-08-14T15:15:13
metricas_baseline_semillas.csv,calidad,54,RandomForest_monolitico,bin_fpr,10,0.0269,0.0002,0.0266,0.0271,0.0268,dentro,0.0,1163c90,1 2 3 4 5 6 7 8 9 10,multiclase 5 clases (normal + 4 ataques) sobre D2 completo,,"config_ganadora: {'max_depth': None, 'n_estimators': 300} en 5 semilla(s) · {'max_depth': None, 'n_estimators': 100} en 5 semilla(s)",df30cb2,6bb224c-sucio,2026-08-14T15:15:13
metricas_baseline_semillas.csv,calidad,54,RandomForest_monolitico,f1_macro,10,0.4703,0.0017,0.4678,0.4734,0.4721,dentro,0.0,1163c90,1 2 3 4 5 6 7 8 9 10,multiclase 5 clases (normal + 4 ataques) sobre D2 completo,,"config_ganadora: {'max_depth': None, 'n_estimators': 300} en 5 semilla(s) · {'max_depth': None, 'n_estimators': 100} en 5 semilla(s)",df30cb2,6bb224c-sucio,2026-08-14T15:15:13
metricas_baseline_semillas.csv,calidad,54,RandomForest_monolitico,recall_0day_global,10,0.1402,0.0107,0.1269,0.1597,0.1496,dentro,0.0,1163c90,1 2 3 4 5 6 7 8 9 10,multiclase 5 clases (normal + 4 ataques) sobre D2 completo,,"config_ganadora: {'max_depth': None, 'n_estimators': 300} en 5 semilla(s) · {'max_depth': None, 'n_estimators': 100} en 5 semilla(s)",df30cb2,6bb224c-sucio,2026-08-14T15:15:13
metricas_cascada_invertida_semillas.csv,calidad,122_sin_seleccion,RandomForest,n_condenadas,10,6011.1,2398.7285,2157.0,9051.0,3329.0,dentro,0.0,274923d-sucio,1 2 3 4 5 6 7 8 9 10,medida CONTRAFACTUAL de la cascada invertida (T3): predict_proba del clasificador de firmas YA ENTRENADO sobre la POBLACIÓN de las filas normales de D2 —que en el sistema real NUNCA llegan a la etapa 2— para contar cuántas conservarían etiqueta de ataque con confianza >= UMBRAL_CONF. NO describe el híbrido publicado y NO es comparable con ninguna columna de metricas_firmas.csv ni de metricas_hibrido.csv. La etapa 2 carece de clase 'normal' (D3 son solo ataques) así que etiqueta como ataque TODA fila: por eso 'n_argmax' de '__global__' es el total de normales. DENOMINADOR de 'tasa_condena': ese total y no el bucket de la fila —así los RECUENTOS de las cuatro categorías suman el de '__global__'; las tasas solo hasta el redondeo—. LÍMITE: 'tasa_condena' de '__global__' es COTA INFERIOR del FPR de un sistema de firmas-primero y lo citable es 'n_condenadas' — el porqué está en el puntero y no se replica aquí. UMBRAL_CONF se lee del descriptor del híbrido (ver 'origen_umbral_conf') donde lo dejó la calibración out-of-fold sobre D3. Cero fit: solo inferencia sobre modelos persistidos y D2 SOLO se reporta — ninguna decisión sale de esta tabla (P-4). Lectura cifras y porqué del límite: Implementacion/PIPELINE.md sección 'La cascada invertida (T3)',,,df30cb2,6bb224c-sucio,2026-08-14T15:15:13
metricas_cascada_invertida_semillas.csv,calidad,122_sin_seleccion,RandomForest,tasa_condena,10,0.619,0.247,0.2221,0.932,0.3428,dentro,0.0,274923d-sucio,1 2 3 4 5 6 7 8 9 10,medida CONTRAFACTUAL de la cascada invertida (T3): predict_proba del clasificador de firmas YA ENTRENADO sobre la POBLACIÓN de las filas normales de D2 —que en el sistema real NUNCA llegan a la etapa 2— para contar cuántas conservarían etiqueta de ataque con confianza >= UMBRAL_CONF. NO describe el híbrido publicado y NO es comparable con ninguna columna de metricas_firmas.csv ni de metricas_hibrido.csv. La etapa 2 carece de clase 'normal' (D3 son solo ataques) así que etiqueta como ataque TODA fila: por eso 'n_argmax' de '__global__' es el total de normales. DENOMINADOR de 'tasa_condena': ese total y no el bucket de la fila —así los RECUENTOS de las cuatro categorías suman el de '__global__'; las tasas solo hasta el redondeo—. LÍMITE: 'tasa_condena' de '__global__' es COTA INFERIOR del FPR de un sistema de firmas-primero y lo citable es 'n_condenadas' — el porqué está en el puntero y no se replica aquí. UMBRAL_CONF se lee del descriptor del híbrido (ver 'origen_umbral_conf') donde lo dejó la calibración out-of-fold sobre D3. Cero fit: solo inferencia sobre modelos persistidos y D2 SOLO se reporta — ninguna decisión sale de esta tabla (P-4). Lectura cifras y porqué del límite: Implementacion/PIPELINE.md sección 'La cascada invertida (T3)',,,df30cb2,6bb224c-sucio,2026-08-14T15:15:13
metricas_cascada_invertida_semillas.csv,calidad,54,RandomForest,n_condenadas,10,7436.9,1524.547,5585.0,9586.0,6558.0,dentro,0.0,274923d-sucio,1 2 3 4 5 6 7 8 9 10,medida CONTRAFACTUAL de la cascada invertida (T3): predict_proba del clasificador de firmas YA ENTRENADO sobre la POBLACIÓN de las filas normales de D2 —que en el sistema real NUNCA llegan a la etapa 2— para contar cuántas conservarían etiqueta de ataque con confianza >= UMBRAL_CONF. NO describe el híbrido publicado y NO es comparable con ninguna columna de metricas_firmas.csv ni de metricas_hibrido.csv. La etapa 2 carece de clase 'normal' (D3 son solo ataques) así que etiqueta como ataque TODA fila: por eso 'n_argmax' de '__global__' es el total de normales. DENOMINADOR de 'tasa_condena': ese total y no el bucket de la fila —así los RECUENTOS de las cuatro categorías suman el de '__global__'; las tasas solo hasta el redondeo—. LÍMITE: 'tasa_condena' de '__global__' es COTA INFERIOR del FPR de un sistema de firmas-primero y lo citable es 'n_condenadas' — el porqué está en el puntero y no se replica aquí. UMBRAL_CONF se lee del descriptor del híbrido (ver 'origen_umbral_conf') donde lo dejó la calibración out-of-fold sobre D3. Cero fit: solo inferencia sobre modelos persistidos y D2 SOLO se reporta — ninguna decisión sale de esta tabla (P-4). Lectura cifras y porqué del límite: Implementacion/PIPELINE.md sección 'La cascada invertida (T3)',,,df30cb2,6bb224c-sucio,2026-08-14T15:15:13
metricas_cascada_invertida_semillas.csv,calidad,54,RandomForest,tasa_condena,10,0.7658,0.157,0.5751,0.9871,0.6753,dentro,0.0,274923d-sucio,1 2 3 4 5 6 7 8 9 10,medida CONTRAFACTUAL de la cascada invertida (T3): predict_proba del clasificador de firmas YA ENTRENADO sobre la POBLACIÓN de las filas normales de D2 —que en el sistema real NUNCA llegan a la etapa 2— para contar cuántas conservarían etiqueta de ataque con confianza >= UMBRAL_CONF. NO describe el híbrido publicado y NO es comparable con ninguna columna de metricas_firmas.csv ni de metricas_hibrido.csv. La etapa 2 carece de clase 'normal' (D3 son solo ataques) así que etiqueta como ataque TODA fila: por eso 'n_argmax' de '__global__' es el total de normales. DENOMINADOR de 'tasa_condena': ese total y no el bucket de la fila —así los RECUENTOS de las cuatro categorías suman el de '__global__'; las tasas solo hasta el redondeo—. LÍMITE: 'tasa_condena' de '__global__' es COTA INFERIOR del FPR de un sistema de firmas-primero y lo citable es 'n_condenadas' — el porqué está en el puntero y no se replica aquí. UMBRAL_CONF se lee del descriptor del híbrido (ver 'origen_umbral_conf') donde lo dejó la calibración out-of-fold sobre D3. Cero fit: solo inferencia sobre modelos persistidos y D2 SOLO se reporta — ninguna decisión sale de esta tabla (P-4). Lectura cifras y porqué del límite: Implementacion/PIPELINE.md sección 'La cascada invertida (T3)',,,df30cb2,6bb224c-sucio,2026-08-14T15:15:13
metricas_firmas_semillas.csv,calidad,122_sin_seleccion,DecisionTree,accuracy_D2,10,0.874,0.0402,0.7924,0.908,0.9029,dentro,0.0,1163c90,1 2 3 4 5 6 7 8 9 10,multiclase 4 categorías de ataque sobre los ataques de D2 de tipo conocido,,"balanceo: SMOTE en 5 semilla(s) · class_weight en 5 semilla(s) | config_ganadora: {'clf__max_depth': 20, 'clf__min_samples_leaf': 1} en 4 semilla(s) · {'max_depth': 10, 'min_samples_leaf': 1} en 3 semilla(s) · {'max_depth': 20, 'min_samples_leaf': 1} en 2 semilla(s) · {'clf__max_depth': 10, 'clf__min_samples_leaf': 1} en 1 semilla(s)",df30cb2,6bb224c-sucio,2026-08-14T15:15:13
metricas_firmas_semillas.csv,calidad,122_sin_seleccion,DecisionTree,f1_macro,10,0.6716,0.0786,0.5356,0.7462,0.7309,dentro,0.0,1163c90,1 2 3 4 5 6 7 8 9 10,multiclase 4 categorías de ataque sobre los ataques de D2 de tipo conocido,,"balanceo: SMOTE en 5 semilla(s) · class_weight en 5 semilla(s) | config_ganadora: {'clf__max_depth': 20, 'clf__min_samples_leaf': 1} en 4 semilla(s) · {'max_depth': 10, 'min_samples_leaf': 1} en 3 semilla(s) · {'max_depth': 20, 'min_samples_leaf': 1} en 2 semilla(s) · {'clf__max_depth': 10, 'clf__min_samples_leaf': 1} en 1 semilla(s)",df30cb2,6bb224c-sucio,2026-08-14T15:15:13
metricas_firmas_semillas.csv,calidad,122_sin_seleccion,DecisionTree,f1_u2r,10,0.2306,0.1599,0.0296,0.381,0.3492,dentro,0.0,1163c90,1 2 3 4 5 6 7 8 9 10,multiclase 4 categorías de ataque sobre los ataques de D2 de tipo conocido,,"balanceo: SMOTE en 5 semilla(s) · class_weight en 5 semilla(s) | config_ganadora: {'clf__max_depth': 20, 'clf__min_samples_leaf': 1} en 4 semilla(s) · {'max_depth': 10, 'min_samples_leaf': 1} en 3 semilla(s) · {'max_depth': 20, 'min_samples_leaf': 1} en 2 semilla(s) · {'clf__max_depth': 10, 'clf__min_samples_leaf': 1} en 1 semilla(s)",df30cb2,6bb224c-sucio,2026-08-14T15:15:13
metricas_firmas_semillas.csv,calidad,122_sin_seleccion,DecisionTree,recall_macro,10,0.7251,0.0489,0.648,0.7705,0.7536,dentro,0.0,1163c90,1 2 3 4 5 6 7 8 9 10,multiclase 4 categorías de ataque sobre los ataques de D2 de tipo conocido,,"balanceo: SMOTE en 5 semilla(s) · class_weight en 5 semilla(s) | config_ganadora: {'clf__max_depth': 20, 'clf__min_samples_leaf': 1} en 4 semilla(s) · {'max_depth': 10, 'min_samples_leaf': 1} en 3 semilla(s) · {'max_depth': 20, 'min_samples_leaf': 1} en 2 semilla(s) · {'clf__max_depth': 10, 'clf__min_samples_leaf': 1} en 1 semilla(s)",df30cb2,6bb224c-sucio,2026-08-14T15:15:13
metricas_firmas_semillas.csv,calidad,122_sin_seleccion,HistGradientBoosting,accuracy_D2,10,0.9333,0.0146,0.915,0.9519,0.9296,dentro,0.0,1163c90,1 2 3 4 5 6 7 8 9 10,multiclase 4 categorías de ataque sobre los ataques de D2 de tipo conocido,,"config_ganadora: {'clf__learning_rate': 0.1, 'clf__max_iter': 100} en 7 semilla(s) · {'clf__learning_rate': 0.05, 'clf__max_iter': 300} en 2 semilla(s) · {'clf__learning_rate': 0.1, 'clf__max_iter': 300} en 1 semilla(s)",df30cb2,6bb224c-sucio,2026-08-14T15:15:13
metricas_firmas_semillas.csv,calidad,122_sin_seleccion,HistGradientBoosting,f1_macro,10,0.7489,0.0329,0.6896,0.7866,0.7131,dentro,0.0,1163c90,1 2 3 4 5 6 7 8 9 10,multiclase 4 categorías de ataque sobre los ataques de D2 de tipo conocido,,"config_ganadora: {'clf__learning_rate': 0.1, 'clf__max_iter': 100} en 7 semilla(s) · {'clf__learning_rate': 0.05, 'clf__max_iter': 300} en 2 semilla(s) · {'clf__learning_rate': 0.1, 'clf__max_iter': 300} en 1 semilla(s)",df30cb2,6bb224c-sucio,2026-08-14T15:15:13
metricas_firmas_semillas.csv,calidad,122_sin_seleccion,HistGradientBoosting,f1_u2r,10,0.325,0.1006,0.1082,0.42,0.1699,dentro,0.0,1163c90,1 2 3 4 5 6 7 8 9 10,multiclase 4 categorías de ataque sobre los ataques de D2 de tipo conocido,,"config_ganadora: {'clf__learning_rate': 0.1, 'clf__max_iter': 100} en 7 semilla(s) · {'clf__learning_rate': 0.05, 'clf__max_iter': 300} en 2 semilla(s) · {'clf__learning_rate': 0.1, 'clf__max_iter': 300} en 1 semilla(s)",df30cb2,6bb224c-sucio,2026-08-14T15:15:13
metricas_firmas_semillas.csv,calidad,122_sin_seleccion,HistGradientBoosting,recall_macro,10,0.8301,0.0141,0.8117,0.854,0.8312,dentro,0.0,1163c90,1 2 3 4 5 6 7 8 9 10,multiclase 4 categorías de ataque sobre los ataques de D2 de tipo conocido,,"config_ganadora: {'clf__learning_rate': 0.1, 'clf__max_iter': 100} en 7 semilla(s) · {'clf__learning_rate': 0.05, 'clf__max_iter': 300} en 2 semilla(s) · {'clf__learning_rate': 0.1, 'clf__max_iter': 300} en 1 semilla(s)",df30cb2,6bb224c-sucio,2026-08-14T15:15:13
metricas_firmas_semillas.csv,calidad,122_sin_seleccion,KNN,accuracy_D2,10,0.9529,0.0044,0.9459,0.9583,0.9499,dentro,0.0,1163c90,1 2 3 4 5 6 7 8 9 10,multiclase 4 categorías de ataque sobre los ataques de D2 de tipo conocido,,"config_ganadora: {'clf__n_neighbors': 5, 'clf__weights': 'distance'} en 2 semilla(s) · {'clf__n_neighbors': 11, 'clf__weights': 'uniform'} en 2 semilla(s) · {'clf__n_neighbors': 3, 'clf__weights': 'distance'} en 2 semilla(s) · {'clf__n_neighbors': 11, 'clf__weights': 'distance'} en 2 semilla(s) · {'clf__n_neighbors': 3, 'clf__weights': 'uniform'} en 1 semilla(s) · {'clf__n_neighbors': 5, 'clf__weights': 'uniform'} en 1 semilla(s)",df30cb2,6bb224c-sucio,2026-08-14T15:15:13
metricas_firmas_semillas.csv,calidad,122_sin_seleccion,KNN,f1_macro,10,0.7584,0.0067,0.7479,0.7658,0.753,dentro,0.0,1163c90,1 2 3 4 5 6 7 8 9 10,multiclase 4 categorías de ataque sobre los ataques de D2 de tipo conocido,,"config_ganadora: {'clf__n_neighbors': 5, 'clf__weights': 'distance'} en 2 semilla(s) · {'clf__n_neighbors': 11, 'clf__weights': 'uniform'} en 2 semilla(s) · {'clf__n_neighbors': 3, 'clf__weights': 'distance'} en 2 semilla(s) · {'clf__n_neighbors': 11, 'clf__weights': 'distance'} en 2 semilla(s) · {'clf__n_neighbors': 3, 'clf__weights': 'uniform'} en 1 semilla(s) · {'clf__n_neighbors': 5, 'clf__weights': 'uniform'} en 1 semilla(s)",df30cb2,6bb224c-sucio,2026-08-14T15:15:13
metricas_firmas_semillas.csv,calidad,122_sin_seleccion,KNN,f1_u2r,10,0.1934,0.0044,0.1824,0.1972,0.1972,dentro,0.0,1163c90,1 2 3 4 5 6 7 8 9 10,multiclase 4 categorías de ataque sobre los ataques de D2 de tipo conocido,,"config_ganadora: {'clf__n_neighbors': 5, 'clf__weights': 'distance'} en 2 semilla(s) · {'clf__n_neighbors': 11, 'clf__weights': 'uniform'} en 2 semilla(s) · {'clf__n_neighbors': 3, 'clf__weights': 'distance'} en 2 semilla(s) · {'clf__n_neighbors': 11, 'clf__weights': 'distance'} en 2 semilla(s) · {'clf__n_neighbors': 3, 'clf__weights': 'uniform'} en 1 semilla(s) · {'clf__n_neighbors': 5, 'clf__weights': 'uniform'} en 1 semilla(s)",df30cb2,6bb224c-sucio,2026-08-14T15:15:13
metricas_firmas_semillas.csv,calidad,122_sin_seleccion,KNN,recall_macro,10,0.8947,0.0043,0.888,0.9004,0.8919,dentro,0.0,1163c90,1 2 3 4 5 6 7 8 9 10,multiclase 4 categorías de ataque sobre los ataques de D2 de tipo conocido,,"config_ganadora: {'clf__n_neighbors': 5, 'clf__weights': 'distance'} en 2 semilla(s) · {'clf__n_neighbors': 11, 'clf__weights': 'uniform'} en 2 semilla(s) · {'clf__n_neighbors': 3, 'clf__weights': 'distance'} en 2 semilla(s) · {'clf__n_neighbors': 11, 'clf__weights': 'distance'} en 2 semilla(s) · {'clf__n_neighbors': 3, 'clf__weights': 'uniform'} en 1 semilla(s) · {'clf__n_neighbors': 5, 'clf__weights': 'uniform'} en 1 semilla(s)",df30cb2,6bb224c-sucio,2026-08-14T15:15:13
metricas_firmas_semillas.csv,calidad,122_sin_seleccion,RandomForest,accuracy_D2,10,0.9307,0.0388,0.8605,0.9747,0.8938,dentro,0.0,1163c90,1 2 3 4 5 6 7 8 9 10,multiclase 4 categorías de ataque sobre los ataques de D2 de tipo conocido,,"balanceo: SMOTE en 6 semilla(s) · class_weight en 4 semilla(s) | config_ganadora: {'clf__max_depth': 10, 'clf__n_estimators': 100} en 2 semilla(s) · {'clf__max_depth': None, 'clf__n_estimators': 300} en 2 semilla(s) · {'max_depth': None, 'n_estimators': 100} en 2 semilla(s) · {'clf__max_depth': 10, 'clf__n_estimators': 300} en 2 semilla(s) · {'max_depth': 10, 'n_estimators': 100} en 1 semilla(s) · {'max_depth': None, 'n_estimators': 300} en 1 semilla(s)",df30cb2,6bb224c-sucio,2026-08-14T15:15:13
metricas_firmas_semillas.csv,calidad,122_sin_seleccion,RandomForest,f1_macro,10,0.7838,0.039,0.7155,0.8435,0.6956,fuera,0.019937,1163c90,1 2 3 4 5 6 7 8 9 10,multiclase 4 categorías de ataque sobre los ataques de D2 de tipo conocido,,"balanceo: SMOTE en 6 semilla(s) · class_weight en 4 semilla(s) | config_ganadora: {'clf__max_depth': 10, 'clf__n_estimators': 100} en 2 semilla(s) · {'clf__max_depth': None, 'clf__n_estimators': 300} en 2 semilla(s) · {'max_depth': None, 'n_estimators': 100} en 2 semilla(s) · {'clf__max_depth': 10, 'clf__n_estimators': 300} en 2 semilla(s) · {'max_depth': 10, 'n_estimators': 100} en 1 semilla(s) · {'max_depth': None, 'n_estimators': 300} en 1 semilla(s)",df30cb2,6bb224c-sucio,2026-08-14T15:15:13
metricas_firmas_semillas.csv,calidad,122_sin_seleccion,RandomForest,f1_u2r,10,0.492,0.1026,0.3182,0.6429,0.3182,dentro,0.0,1163c90,1 2 3 4 5 6 7 8 9 10,multiclase 4 categorías de ataque sobre los ataques de D2 de tipo conocido,,"balanceo: SMOTE en 6 semilla(s) · class_weight en 4 semilla(s) | config_ganadora: {'clf__max_depth': 10, 'clf__n_estimators': 100} en 2 semilla(s) · {'clf__max_depth': None, 'clf__n_estimators': 300} en 2 semilla(s) · {'max_depth': None, 'n_estimators': 100} en 2 semilla(s) · {'clf__max_depth': 10, 'clf__n_estimators': 300} en 2 semilla(s) · {'max_depth': 10, 'n_estimators': 100} en 1 semilla(s) · {'max_depth': None, 'n_estimators': 300} en 1 semilla(s)",df30cb2,6bb224c-sucio,2026-08-14T15:15:13
metricas_firmas_semillas.csv,calidad,122_sin_seleccion,RandomForest,recall_macro,10,0.8267,0.0504,0.748,0.8852,0.7458,fuera,0.002158,1163c90,1 2 3 4 5 6 7 8 9 10,multiclase 4 categorías de ataque sobre los ataques de D2 de tipo conocido,,"balanceo: SMOTE en 6 semilla(s) · class_weight en 4 semilla(s) | config_ganadora: {'clf__max_depth': 10, 'clf__n_estimators': 100} en 2 semilla(s) · {'clf__max_depth': None, 'clf__n_estimators': 300} en 2 semilla(s) · {'max_depth': None, 'n_estimators': 100} en 2 semilla(s) · {'clf__max_depth': 10, 'clf__n_estimators': 300} en 2 semilla(s) · {'max_depth': 10, 'n_estimators': 100} en 1 semilla(s) · {'max_depth': None, 'n_estimators': 300} en 1 semilla(s)",df30cb2,6bb224c-sucio,2026-08-14T15:15:13
metricas_firmas_semillas.csv,calidad,54,DecisionTree,accuracy_D2,10,0.885,0.0242,0.844,0.9145,0.9135,dentro,0.0,1163c90,1 2 3 4 5 6 7 8 9 10,multiclase 4 categorías de ataque sobre los ataques de D2 de tipo conocido,,"balanceo: SMOTE en 7 semilla(s) · class_weight en 3 semilla(s) | config_ganadora: {'clf__max_depth': 20, 'clf__min_samples_leaf': 1} en 4 semilla(s) · {'max_depth': 20, 'min_samples_leaf': 1} en 2 semilla(s) · {'clf__max_depth': 10, 'clf__min_samples_leaf': 5} en 2 semilla(s) · {'clf__max_depth': 10, 'clf__min_samples_leaf': 1} en 1 semilla(s) · {'max_depth': 10, 'min_samples_leaf': 1} en 1 semilla(s)",df30cb2,6bb224c-sucio,2026-08-14T15:15:13
metricas_firmas_semillas.csv,calidad,54,DecisionTree,f1_macro,10,0.6876,0.0533,0.5976,0.7464,0.7456,dentro,0.0,1163c90,1 2 3 4 5 6 7 8 9 10,multiclase 4 categorías de ataque sobre los ataques de D2 de tipo conocido,,"balanceo: SMOTE en 7 semilla(s) · class_weight en 3 semilla(s) | config_ganadora: {'clf__max_depth': 20, 'clf__min_samples_leaf': 1} en 4 semilla(s) · {'max_depth': 20, 'min_samples_leaf': 1} en 2 semilla(s) · {'clf__max_depth': 10, 'clf__min_samples_leaf': 5} en 2 semilla(s) · {'clf__max_depth': 10, 'clf__min_samples_leaf': 1} en 1 semilla(s) · {'max_depth': 10, 'min_samples_leaf': 1} en 1 semilla(s)",df30cb2,6bb224c-sucio,2026-08-14T15:15:13
metricas_firmas_semillas.csv,calidad,54,DecisionTree,f1_u2r,10,0.2514,0.1533,0.0464,0.4138,0.3607,dentro,0.0,1163c90,1 2 3 4 5 6 7 8 9 10,multiclase 4 categorías de ataque sobre los ataques de D2 de tipo conocido,,"balanceo: SMOTE en 7 semilla(s) · class_weight en 3 semilla(s) | config_ganadora: {'clf__max_depth': 20, 'clf__min_samples_leaf': 1} en 4 semilla(s) · {'max_depth': 20, 'min_samples_leaf': 1} en 2 semilla(s) · {'clf__max_depth': 10, 'clf__min_samples_leaf': 5} en 2 semilla(s) · {'clf__max_depth': 10, 'clf__min_samples_leaf': 1} en 1 semilla(s) · {'max_depth': 10, 'min_samples_leaf': 1} en 1 semilla(s)",df30cb2,6bb224c-sucio,2026-08-14T15:15:13
metricas_firmas_semillas.csv,calidad,54,DecisionTree,recall_macro,10,0.7375,0.0282,0.6827,0.7672,0.7668,dentro,0.0,1163c90,1 2 3 4 5 6 7 8 9 10,multiclase 4 categorías de ataque sobre los ataques de D2 de tipo conocido,,"balanceo: SMOTE en 7 semilla(s) · class_weight en 3 semilla(s) | config_ganadora: {'clf__max_depth': 20, 'clf__min_samples_leaf': 1} en 4 semilla(s) · {'max_depth': 20, 'min_samples_leaf': 1} en 2 semilla(s) · {'clf__max_depth': 10, 'clf__min_samples_leaf': 5} en 2 semilla(s) · {'clf__max_depth': 10, 'clf__min_samples_leaf': 1} en 1 semilla(s) · {'max_depth': 10, 'min_samples_leaf': 1} en 1 semilla(s)",df30cb2,6bb224c-sucio,2026-08-14T15:15:13
metricas_firmas_semillas.csv,calidad,54,HistGradientBoosting,accuracy_D2,10,0.9406,0.014,0.918,0.9538,0.9577,fuera,0.003963,1163c90,1 2 3 4 5 6 7 8 9 10,multiclase 4 categorías de ataque sobre los ataques de D2 de tipo conocido,,"config_ganadora: {'clf__learning_rate': 0.05, 'clf__max_iter': 300} en 5 semilla(s) · {'clf__learning_rate': 0.1, 'clf__max_iter': 100} en 3 semilla(s) · {'clf__learning_rate': 0.05, 'clf__max_iter': 100} en 2 semilla(s)",df30cb2,6bb224c-sucio,2026-08-14T15:15:13
metricas_firmas_semillas.csv,calidad,54,HistGradientBoosting,f1_macro,10,0.7929,0.0184,0.768,0.8327,0.8041,dentro,0.0,1163c90,1 2 3 4 5 6 7 8 9 10,multiclase 4 categorías de ataque sobre los ataques de D2 de tipo conocido,,"config_ganadora: {'clf__learning_rate': 0.05, 'clf__max_iter': 300} en 5 semilla(s) · {'clf__learning_rate': 0.1, 'clf__max_iter': 100} en 3 semilla(s) · {'clf__learning_rate': 0.05, 'clf__max_iter': 100} en 2 semilla(s)",df30cb2,6bb224c-sucio,2026-08-14T15:15:13
metricas_firmas_semillas.csv,calidad,54,HistGradientBoosting,f1_u2r,10,0.4823,0.0607,0.3797,0.5747,0.4318,dentro,0.0,1163c90,1 2 3 4 5 6 7 8 9 10,multiclase 4 categorías de ataque sobre los ataques de D2 de tipo conocido,,"config_ganadora: {'clf__learning_rate': 0.05, 'clf__max_iter': 300} en 5 semilla(s) · {'clf__learning_rate': 0.1, 'clf__max_iter': 100} en 3 semilla(s) · {'clf__learning_rate': 0.05, 'clf__max_iter': 100} en 2 semilla(s)",df30cb2,6bb224c-sucio,2026-08-14T15:15:13
metricas_firmas_semillas.csv,calidad,54,HistGradientBoosting,recall_macro,10,0.8382,0.0213,0.8057,0.8756,0.8407,dentro,0.0,1163c90,1 2 3 4 5 6 7 8 9 10,multiclase 4 categorías de ataque sobre los ataques de D2 de tipo conocido,,"config_ganadora: {'clf__learning_rate': 0.05, 'clf__max_iter': 300} en 5 semilla(s) · {'clf__learning_rate': 0.1, 'clf__max_iter': 100} en 3 semilla(s) · {'clf__learning_rate': 0.05, 'clf__max_iter': 100} en 2 semilla(s)",df30cb2,6bb224c-sucio,2026-08-14T15:15:13
metricas_firmas_semillas.csv,calidad,54,KNN,accuracy_D2,10,0.9559,0.0053,0.9489,0.9651,0.9564,dentro,0.0,1163c90,1 2 3 4 5 6 7 8 9 10,multiclase 4 categorías de ataque sobre los ataques de D2 de tipo conocido,,"config_ganadora: {'clf__n_neighbors': 3, 'clf__weights': 'distance'} en 4 semilla(s) · {'clf__n_neighbors': 3, 'clf__weights': 'uniform'} en 2 semilla(s) · {'clf__n_neighbors': 5, 'clf__weights': 'distance'} en 2 semilla(s) · {'clf__n_neighbors': 11, 'clf__weights': 'uniform'} en 1 semilla(s) · {'clf__n_neighbors': 11, 'clf__weights': 'distance'} en 1 semilla(s)",df30cb2,6bb224c-sucio,2026-08-14T15:15:13
metricas_firmas_semillas.csv,calidad,54,KNN,f1_macro,10,0.771,0.0079,0.7603,0.7841,0.7687,dentro,0.0,1163c90,1 2 3 4 5 6 7 8 9 10,multiclase 4 categorías de ataque sobre los ataques de D2 de tipo conocido,,"config_ganadora: {'clf__n_neighbors': 3, 'clf__weights': 'distance'} en 4 semilla(s) · {'clf__n_neighbors': 3, 'clf__weights': 'uniform'} en 2 semilla(s) · {'clf__n_neighbors': 5, 'clf__weights': 'distance'} en 2 semilla(s) · {'clf__n_neighbors': 11, 'clf__weights': 'uniform'} en 1 semilla(s) · {'clf__n_neighbors': 11, 'clf__weights': 'distance'} en 1 semilla(s)",df30cb2,6bb224c-sucio,2026-08-14T15:15:13
metricas_firmas_semillas.csv,calidad,54,KNN,f1_u2r,10,0.2584,0.0129,0.2295,0.2705,0.2445,dentro,0.0,1163c90,1 2 3 4 5 6 7 8 9 10,multiclase 4 categorías de ataque sobre los ataques de D2 de tipo conocido,,"config_ganadora: {'clf__n_neighbors': 3, 'clf__weights': 'distance'} en 4 semilla(s) · {'clf__n_neighbors': 3, 'clf__weights': 'uniform'} en 2 semilla(s) · {'clf__n_neighbors': 5, 'clf__weights': 'distance'} en 2 semilla(s) · {'clf__n_neighbors': 11, 'clf__weights': 'uniform'} en 1 semilla(s) · {'clf__n_neighbors': 11, 'clf__weights': 'distance'} en 1 semilla(s)",df30cb2,6bb224c-sucio,2026-08-14T15:15:13
metricas_firmas_semillas.csv,calidad,54,KNN,recall_macro,10,0.8961,0.0063,0.8854,0.9062,0.8974,dentro,0.0,1163c90,1 2 3 4 5 6 7 8 9 10,multiclase 4 categorías de ataque sobre los ataques de D2 de tipo conocido,,"config_ganadora: {'clf__n_neighbors': 3, 'clf__weights': 'distance'} en 4 semilla(s) · {'clf__n_neighbors': 3, 'clf__weights': 'uniform'} en 2 semilla(s) · {'clf__n_neighbors': 5, 'clf__weights': 'distance'} en 2 semilla(s) · {'clf__n_neighbors': 11, 'clf__weights': 'uniform'} en 1 semilla(s) · {'clf__n_neighbors': 11, 'clf__weights': 'distance'} en 1 semilla(s)",df30cb2,6bb224c-sucio,2026-08-14T15:15:13
metricas_firmas_semillas.csv,calidad,54,RandomForest,accuracy_D2,10,0.9484,0.0134,0.9309,0.9705,0.9683,dentro,0.0,1163c90,1 2 3 4 5 6 7 8 9 10,multiclase 4 categorías de ataque sobre los ataques de D2 de tipo conocido,,"balanceo: SMOTE en 5 semilla(s) · class_weight en 5 semilla(s) | config_ganadora: {'max_depth': None, 'n_estimators': 100} en 3 semilla(s) · {'clf__max_depth': None, 'clf__n_estimators': 100} en 3 semilla(s) · {'clf__max_depth': 10, 'clf__n_estimators': 300} en 1 semilla(s) · {'clf__max_depth': 10, 'clf__n_estimators': 100} en 1 semilla(s) · {'max_depth': 10, 'n_estimators': 100} en 1 semilla(s) · {'max_depth': 10, 'n_estimators': 300} en 1 semilla(s)",df30cb2,6bb224c-sucio,2026-08-14T15:15:13
metricas_firmas_semillas.csv,calidad,54,RandomForest,f1_macro,10,0.8035,0.0146,0.7779,0.8205,0.8223,fuera,0.001792,1163c90,1 2 3 4 5 6 7 8 9 10,multiclase 4 categorías de ataque sobre los ataques de D2 de tipo conocido,,"balanceo: SMOTE en 5 semilla(s) · class_weight en 5 semilla(s) | config_ganadora: {'max_depth': None, 'n_estimators': 100} en 3 semilla(s) · {'clf__max_depth': None, 'clf__n_estimators': 100} en 3 semilla(s) · {'clf__max_depth': 10, 'clf__n_estimators': 300} en 1 semilla(s) · {'clf__max_depth': 10, 'clf__n_estimators': 100} en 1 semilla(s) · {'max_depth': 10, 'n_estimators': 100} en 1 semilla(s) · {'max_depth': 10, 'n_estimators': 300} en 1 semilla(s)",df30cb2,6bb224c-sucio,2026-08-14T15:15:13
metricas_firmas_semillas.csv,calidad,54,RandomForest,f1_u2r,10,0.491,0.0657,0.4054,0.5902,0.4524,dentro,0.0,1163c90,1 2 3 4 5 6 7 8 9 10,multiclase 4 categorías de ataque sobre los ataques de D2 de tipo conocido,,"balanceo: SMOTE en 5 semilla(s) · class_weight en 5 semilla(s) | config_ganadora: {'max_depth': None, 'n_estimators': 100} en 3 semilla(s) · {'clf__max_depth': None, 'clf__n_estimators': 100} en 3 semilla(s) · {'clf__max_depth': 10, 'clf__n_estimators': 300} en 1 semilla(s) · {'clf__max_depth': 10, 'clf__n_estimators': 100} en 1 semilla(s) · {'max_depth': 10, 'n_estimators': 100} en 1 semilla(s) · {'max_depth': 10, 'n_estimators': 300} en 1 semilla(s)",df30cb2,6bb224c-sucio,2026-08-14T15:15:13
metricas_firmas_semillas.csv,calidad,54,RandomForest,recall_macro,10,0.8126,0.0156,0.7839,0.837,0.8496,fuera,0.012574,1163c90,1 2 3 4 5 6 7 8 9 10,multiclase 4 categorías de ataque sobre los ataques de D2 de tipo conocido,,"balanceo: SMOTE en 5 semilla(s) · class_weight en 5 semilla(s) | config_ganadora: {'max_depth': None, 'n_estimators': 100} en 3 semilla(s) · {'clf__max_depth': None, 'clf__n_estimators': 100} en 3 semilla(s) · {'clf__max_depth': 10, 'clf__n_estimators': 300} en 1 semilla(s) · {'clf__max_depth': 10, 'clf__n_estimators': 100} en 1 semilla(s) · {'max_depth': 10, 'n_estimators': 100} en 1 semilla(s) · {'max_depth': 10, 'n_estimators': 300} en 1 semilla(s)",df30cb2,6bb224c-sucio,2026-08-14T15:15:13
metricas_hibrido_semillas.csv,calidad,122_sin_seleccion,Autoencoder->RandomForest,bin_accuracy,10,0.8597,0.0215,0.8275,0.886,0.8567,dentro,0.0,1163c90,1 2 3 4 5 6 7 8 9 10,cascada extremo a extremo (5 clases + unknown) sobre D2 completo; ojo: 'tiempo_entrenamiento_s' aquí es SOLO la calibración de UMBRAL_CONF por OOF sobre D3 — el híbrido no re-entrena las dos etapas. Y ojo también: 'fpr_cascada' y 'bin_fpr' son EL MISMO NÚMERO por construcción y no dos medidas — la etapa 2 solo reclasifica los flujos que la etapa 1 marcó como sospechosos y nunca devuelve uno a 'normal' así que el FPR de la cascada es por fuerza el de la etapa 1; se publican las dos porque P-2 pide el FPR junto al titular de 0-day y H-5 pide el bloque binario completo,,,df30cb2,6bb224c-sucio,2026-08-14T15:15:13
metricas_hibrido_semillas.csv,calidad,122_sin_seleccion,Autoencoder->RandomForest,bin_fpr,10,0.0861,0.0138,0.0488,0.0978,0.0849,dentro,0.0,1163c90,1 2 3 4 5 6 7 8 9 10,cascada extremo a extremo (5 clases + unknown) sobre D2 completo; ojo: 'tiempo_entrenamiento_s' aquí es SOLO la calibración de UMBRAL_CONF por OOF sobre D3 — el híbrido no re-entrena las dos etapas. Y ojo también: 'fpr_cascada' y 'bin_fpr' son EL MISMO NÚMERO por construcción y no dos medidas — la etapa 2 solo reclasifica los flujos que la etapa 1 marcó como sospechosos y nunca devuelve uno a 'normal' así que el FPR de la cascada es por fuerza el de la etapa 1; se publican las dos porque P-2 pide el FPR junto al titular de 0-day y H-5 pide el bloque binario completo,,,df30cb2,6bb224c-sucio,2026-08-14T15:15:13
metricas_hibrido_semillas.csv,calidad,122_sin_seleccion,Autoencoder->RandomForest,bin_recall,10,0.8187,0.0414,0.7644,0.8666,0.8125,dentro,0.0,1163c90,1 2 3 4 5 6 7 8 9 10,cascada extremo a extremo (5 clases + unknown) sobre D2 completo; ojo: 'tiempo_entrenamiento_s' aquí es SOLO la calibración de UMBRAL_CONF por OOF sobre D3 — el híbrido no re-entrena las dos etapas. Y ojo también: 'fpr_cascada' y 'bin_fpr' son EL MISMO NÚMERO por construcción y no dos medidas — la etapa 2 solo reclasifica los flujos que la etapa 1 marcó como sospechosos y nunca devuelve uno a 'normal' así que el FPR de la cascada es por fuerza el de la etapa 1; se publican las dos porque P-2 pide el FPR junto al titular de 0-day y H-5 pide el bloque binario completo,,,df30cb2,6bb224c-sucio,2026-08-14T15:15:13
metricas_hibrido_semillas.csv,calidad,122_sin_seleccion,Autoencoder->RandomForest,conocida_f1_macro,10,0.6757,0.0709,0.6077,0.7909,0.6554,dentro,0.0,1163c90,1 2 3 4 5 6 7 8 9 10,cascada extremo a extremo (5 clases + unknown) sobre D2 completo; ojo: 'tiempo_entrenamiento_s' aquí es SOLO la calibración de UMBRAL_CONF por OOF sobre D3 — el híbrido no re-entrena las dos etapas. Y ojo también: 'fpr_cascada' y 'bin_fpr' son EL MISMO NÚMERO por construcción y no dos medidas — la etapa 2 solo reclasifica los flujos que la etapa 1 marcó como sospechosos y nunca devuelve uno a 'normal' así que el FPR de la cascada es por fuerza el de la etapa 1; se publican las dos porque P-2 pide el FPR junto al titular de 0-day y H-5 pide el bloque binario completo,,,df30cb2,6bb224c-sucio,2026-08-14T15:15:13
metricas_hibrido_semillas.csv,calidad,122_sin_seleccion,Autoencoder->RandomForest,fpr_cascada,10,0.0861,0.0138,0.0488,0.0978,0.0849,dentro,0.0,1163c90,1 2 3 4 5 6 7 8 9 10,cascada extremo a extremo (5 clases + unknown) sobre D2 completo; ojo: 'tiempo_entrenamiento_s' aquí es SOLO la calibración de UMBRAL_CONF por OOF sobre D3 — el híbrido no re-entrena las dos etapas. Y ojo también: 'fpr_cascada' y 'bin_fpr' son EL MISMO NÚMERO por construcción y no dos medidas — la etapa 2 solo reclasifica los flujos que la etapa 1 marcó como sospechosos y nunca devuelve uno a 'normal' así que el FPR de la cascada es por fuerza el de la etapa 1; se publican las dos porque P-2 pide el FPR junto al titular de 0-day y H-5 pide el bloque binario completo,,,df30cb2,6bb224c-sucio,2026-08-14T15:15:13
metricas_hibrido_semillas.csv,calidad,122_sin_seleccion,Autoencoder->RandomForest,recall_0day_global,10,0.7363,0.0409,0.6669,0.78,0.7853,fuera,0.005333,1163c90,1 2 3 4 5 6 7 8 9 10,cascada extremo a extremo (5 clases + unknown) sobre D2 completo; ojo: 'tiempo_entrenamiento_s' aquí es SOLO la calibración de UMBRAL_CONF por OOF sobre D3 — el híbrido no re-entrena las dos etapas. Y ojo también: 'fpr_cascada' y 'bin_fpr' son EL MISMO NÚMERO por construcción y no dos medidas — la etapa 2 solo reclasifica los flujos que la etapa 1 marcó como sospechosos y nunca devuelve uno a 'normal' así que el FPR de la cascada es por fuerza el de la etapa 1; se publican las dos porque P-2 pide el FPR junto al titular de 0-day y H-5 pide el bloque binario completo,,,df30cb2,6bb224c-sucio,2026-08-14T15:15:13
metricas_hibrido_semillas.csv,calidad,122_sin_seleccion,Autoencoder->RandomForest,umbral_conf_elegido,10,0.47,0.0483,0.4,0.5,0.5,dentro,0.0,1163c90,1 2 3 4 5 6 7 8 9 10,cascada extremo a extremo (5 clases + unknown) sobre D2 completo; ojo: 'tiempo_entrenamiento_s' aquí es SOLO la calibración de UMBRAL_CONF por OOF sobre D3 — el híbrido no re-entrena las dos etapas. Y ojo también: 'fpr_cascada' y 'bin_fpr' son EL MISMO NÚMERO por construcción y no dos medidas — la etapa 2 solo reclasifica los flujos que la etapa 1 marcó como sospechosos y nunca devuelve uno a 'normal' así que el FPR de la cascada es por fuerza el de la etapa 1; se publican las dos porque P-2 pide el FPR junto al titular de 0-day y H-5 pide el bloque binario completo,,,df30cb2,6bb224c-sucio,2026-08-14T15:15:13
metricas_hibrido_semillas.csv,calidad,54,Autoencoder->RandomForest,bin_accuracy,10,0.8614,0.0156,0.8395,0.8824,0.8605,dentro,0.0,1163c90,1 2 3 4 5 6 7 8 9 10,cascada extremo a extremo (5 clases + unknown) sobre D2 completo; ojo: 'tiempo_entrenamiento_s' aquí es SOLO la calibración de UMBRAL_CONF por OOF sobre D3 — el híbrido no re-entrena las dos etapas. Y ojo también: 'fpr_cascada' y 'bin_fpr' son EL MISMO NÚMERO por construcción y no dos medidas — la etapa 2 solo reclasifica los flujos que la etapa 1 marcó como sospechosos y nunca devuelve uno a 'normal' así que el FPR de la cascada es por fuerza el de la etapa 1; se publican las dos porque P-2 pide el FPR junto al titular de 0-day y H-5 pide el bloque binario completo,,,df30cb2,6bb224c-sucio,2026-08-14T15:15:13
metricas_hibrido_semillas.csv,calidad,54,Autoencoder->RandomForest,bin_fpr,10,0.0986,0.005,0.0934,0.107,0.1017,dentro,0.0,1163c90,1 2 3 4 5 6 7 8 9 10,cascada extremo a extremo (5 clases + unknown) sobre D2 completo; ojo: 'tiempo_entrenamiento_s' aquí es SOLO la calibración de UMBRAL_CONF por OOF sobre D3 — el híbrido no re-entrena las dos etapas. Y ojo también: 'fpr_cascada' y 'bin_fpr' son EL MISMO NÚMERO por construcción y no dos medidas — la etapa 2 solo reclasifica los flujos que la etapa 1 marcó como sospechosos y nunca devuelve uno a 'normal' así que el FPR de la cascada es por fuerza el de la etapa 1; se publican las dos porque P-2 pide el FPR junto al titular de 0-day y H-5 pide el bloque binario completo,,,df30cb2,6bb224c-sucio,2026-08-14T15:15:13
metricas_hibrido_semillas.csv,calidad,54,Autoencoder->RandomForest,bin_recall,10,0.8312,0.0269,0.7939,0.8656,0.8318,dentro,0.0,1163c90,1 2 3 4 5 6 7 8 9 10,cascada extremo a extremo (5 clases + unknown) sobre D2 completo; ojo: 'tiempo_entrenamiento_s' aquí es SOLO la calibración de UMBRAL_CONF por OOF sobre D3 — el híbrido no re-entrena las dos etapas. Y ojo también: 'fpr_cascada' y 'bin_fpr' son EL MISMO NÚMERO por construcción y no dos medidas — la etapa 2 solo reclasifica los flujos que la etapa 1 marcó como sospechosos y nunca devuelve uno a 'normal' así que el FPR de la cascada es por fuerza el de la etapa 1; se publican las dos porque P-2 pide el FPR junto al titular de 0-day y H-5 pide el bloque binario completo,,,df30cb2,6bb224c-sucio,2026-08-14T15:15:13
metricas_hibrido_semillas.csv,calidad,54,Autoencoder->RandomForest,conocida_f1_macro,10,0.7325,0.029,0.6789,0.7706,0.7481,dentro,0.0,1163c90,1 2 3 4 5 6 7 8 9 10,cascada extremo a extremo (5 clases + unknown) sobre D2 completo; ojo: 'tiempo_entrenamiento_s' aquí es SOLO la calibración de UMBRAL_CONF por OOF sobre D3 — el híbrido no re-entrena las dos etapas. Y ojo también: 'fpr_cascada' y 'bin_fpr' son EL MISMO NÚMERO por construcción y no dos medidas — la etapa 2 solo reclasifica los flujos que la etapa 1 marcó como sospechosos y nunca devuelve uno a 'normal' así que el FPR de la cascada es por fuerza el de la etapa 1; se publican las dos porque P-2 pide el FPR junto al titular de 0-day y H-5 pide el bloque binario completo,,,df30cb2,6bb224c-sucio,2026-08-14T15:15:13
metricas_hibrido_semillas.csv,calidad,54,Autoencoder->RandomForest,fpr_cascada,10,0.0986,0.005,0.0934,0.107,0.1017,dentro,0.0,1163c90,1 2 3 4 5 6 7 8 9 10,cascada extremo a extremo (5 clases + unknown) sobre D2 completo; ojo: 'tiempo_entrenamiento_s' aquí es SOLO la calibración de UMBRAL_CONF por OOF sobre D3 — el híbrido no re-entrena las dos etapas. Y ojo también: 'fpr_cascada' y 'bin_fpr' son EL MISMO NÚMERO por construcción y no dos medidas — la etapa 2 solo reclasifica los flujos que la etapa 1 marcó como sospechosos y nunca devuelve uno a 'normal' así que el FPR de la cascada es por fuerza el de la etapa 1; se publican las dos porque P-2 pide el FPR junto al titular de 0-day y H-5 pide el bloque binario completo,,,df30cb2,6bb224c-sucio,2026-08-14T15:15:13
metricas_hibrido_semillas.csv,calidad,54,Autoencoder->RandomForest,recall_0day_global,10,0.7531,0.0173,0.7232,0.7771,0.7707,dentro,0.0,1163c90,1 2 3 4 5 6 7 8 9 10,cascada extremo a extremo (5 clases + unknown) sobre D2 completo; ojo: 'tiempo_entrenamiento_s' aquí es SOLO la calibración de UMBRAL_CONF por OOF sobre D3 — el híbrido no re-entrena las dos etapas. Y ojo también: 'fpr_cascada' y 'bin_fpr' son EL MISMO NÚMERO por construcción y no dos medidas — la etapa 2 solo reclasifica los flujos que la etapa 1 marcó como sospechosos y nunca devuelve uno a 'normal' así que el FPR de la cascada es por fuerza el de la etapa 1; se publican las dos porque P-2 pide el FPR junto al titular de 0-day y H-5 pide el bloque binario completo,,,df30cb2,6bb224c-sucio,2026-08-14T15:15:13
metricas_hibrido_semillas.csv,calidad,54,Autoencoder->RandomForest,umbral_conf_elegido,10,0.48,0.0632,0.4,0.6,0.5,dentro,0.0,1163c90,1 2 3 4 5 6 7 8 9 10,cascada extremo a extremo (5 clases + unknown) sobre D2 completo; ojo: 'tiempo_entrenamiento_s' aquí es SOLO la calibración de UMBRAL_CONF por OOF sobre D3 — el híbrido no re-entrena las dos etapas. Y ojo también: 'fpr_cascada' y 'bin_fpr' son EL MISMO NÚMERO por construcción y no dos medidas — la etapa 2 solo reclasifica los flujos que la etapa 1 marcó como sospechosos y nunca devuelve uno a 'normal' así que el FPR de la cascada es por fuerza el de la etapa 1; se publican las dos porque P-2 pide el FPR junto al titular de 0-day y H-5 pide el bloque binario completo,,,df30cb2,6bb224c-sucio,2026-08-14T15:15:13
metricas_anomalias_semillas.csv,dispersion_de_maquina,122_sin_seleccion,Autoencoder,flujos_por_segundo,10,721485.96,117671.0275,535460.2,904920.0,,,,,1 2 3 4 5 6 7 8 9 10,binario normal-vs-ataque (2 clases) sobre D2 completo,"wall-clock en máquina no dedicada: su sd mide CARGA DE MÁQUINA y no el algoritmo. Medido en T1: el Autoencoder de 54 features pasó de 37,71 s a 181,91 s entre dos corridas (4,8x) con calidad idéntica al bit y con el recuento de épocas determinista (162 en 54 y 128 en 122). No es una propiedad del algoritmo y no se cita como resultado.","config_ganadora: {'hidden_layer_sizes': (64, 32, 64)} en 6 semilla(s) · {'hidden_layer_sizes': (32, 16, 32)} en 4 semilla(s)",df30cb2,6bb224c-sucio,2026-08-14T15:15:13
metricas_anomalias_semillas.csv,dispersion_de_maquina,122_sin_seleccion,Autoencoder,latencia_ms_por_flujo,10,0.0014,0.0003,0.0011,0.0019,,,,,1 2 3 4 5 6 7 8 9 10,binario normal-vs-ataque (2 clases) sobre D2 completo,"wall-clock en máquina no dedicada: su sd mide CARGA DE MÁQUINA y no el algoritmo. Medido en T1: el Autoencoder de 54 features pasó de 37,71 s a 181,91 s entre dos corridas (4,8x) con calidad idéntica al bit y con el recuento de épocas determinista (162 en 54 y 128 en 122). No es una propiedad del algoritmo y no se cita como resultado.","config_ganadora: {'hidden_layer_sizes': (64, 32, 64)} en 6 semilla(s) · {'hidden_layer_sizes': (32, 16, 32)} en 4 semilla(s)",df30cb2,6bb224c-sucio,2026-08-14T15:15:13
metricas_anomalias_semillas.csv,dispersion_de_maquina,122_sin_seleccion,Autoencoder,tiempo_entrenamiento_s,10,35.7019,15.8,19.323,70.051,,,,,1 2 3 4 5 6 7 8 9 10,binario normal-vs-ataque (2 clases) sobre D2 completo,"wall-clock en máquina no dedicada: su sd mide CARGA DE MÁQUINA y no el algoritmo. Medido en T1: el Autoencoder de 54 features pasó de 37,71 s a 181,91 s entre dos corridas (4,8x) con calidad idéntica al bit y con el recuento de épocas determinista (162 en 54 y 128 en 122). No es una propiedad del algoritmo y no se cita como resultado.","config_ganadora: {'hidden_layer_sizes': (64, 32, 64)} en 6 semilla(s) · {'hidden_layer_sizes': (32, 16, 32)} en 4 semilla(s)",df30cb2,6bb224c-sucio,2026-08-14T15:15:13
metricas_anomalias_semillas.csv,dispersion_de_maquina,122_sin_seleccion,Autoencoder,tiempo_inferencia_s,10,0.032,0.0055,0.025,0.042,,,,,1 2 3 4 5 6 7 8 9 10,binario normal-vs-ataque (2 clases) sobre D2 completo,"wall-clock en máquina no dedicada: su sd mide CARGA DE MÁQUINA y no el algoritmo. Medido en T1: el Autoencoder de 54 features pasó de 37,71 s a 181,91 s entre dos corridas (4,8x) con calidad idéntica al bit y con el recuento de épocas determinista (162 en 54 y 128 en 122). No es una propiedad del algoritmo y no se cita como resultado.","config_ganadora: {'hidden_layer_sizes': (64, 32, 64)} en 6 semilla(s) · {'hidden_layer_sizes': (32, 16, 32)} en 4 semilla(s)",df30cb2,6bb224c-sucio,2026-08-14T15:15:13
metricas_anomalias_semillas.csv,dispersion_de_maquina,122_sin_seleccion,Autoencoder,tiempo_s,10,35.955,15.8082,19.59,70.33,,,,,1 2 3 4 5 6 7 8 9 10,binario normal-vs-ataque (2 clases) sobre D2 completo,"wall-clock en máquina no dedicada: su sd mide CARGA DE MÁQUINA y no el algoritmo. Medido en T1: el Autoencoder de 54 features pasó de 37,71 s a 181,91 s entre dos corridas (4,8x) con calidad idéntica al bit y con el recuento de épocas determinista (162 en 54 y 128 en 122). No es una propiedad del algoritmo y no se cita como resultado.","config_ganadora: {'hidden_layer_sizes': (64, 32, 64)} en 6 semilla(s) · {'hidden_layer_sizes': (32, 16, 32)} en 4 semilla(s)",df30cb2,6bb224c-sucio,2026-08-14T15:15:13
metricas_anomalias_semillas.csv,dispersion_de_maquina,122_sin_seleccion,IsolationForest,flujos_por_segundo,10,116008.73,56548.0205,63219.4,201214.4,,,,,1 2 3 4 5 6 7 8 9 10,binario normal-vs-ataque (2 clases) sobre D2 completo,"wall-clock en máquina no dedicada: su sd mide CARGA DE MÁQUINA y no el algoritmo. Medido en T1: el Autoencoder de 54 features pasó de 37,71 s a 181,91 s entre dos corridas (4,8x) con calidad idéntica al bit y con el recuento de épocas determinista (162 en 54 y 128 en 122). No es una propiedad del algoritmo y no se cita como resultado.","config_ganadora: {'n_estimators': 100, 'max_samples': 1.0} en 3 semilla(s) · {'n_estimators': 300, 'max_samples': 1.0} en 3 semilla(s) · {'n_estimators': 200, 'max_samples': 1.0} en 2 semilla(s) · {'n_estimators': 300, 'max_samples': 0.5} en 1 semilla(s) · {'n_estimators': 200, 'max_samples': 0.5} en 1 semilla(s)",df30cb2,6bb224c-sucio,2026-08-14T15:15:13
metricas_anomalias_semillas.csv,dispersion_de_maquina,122_sin_seleccion,IsolationForest,latencia_ms_por_flujo,10,0.0105,0.0044,0.005,0.0158,,,,,1 2 3 4 5 6 7 8 9 10,binario normal-vs-ataque (2 clases) sobre D2 completo,"wall-clock en máquina no dedicada: su sd mide CARGA DE MÁQUINA y no el algoritmo. Medido en T1: el Autoencoder de 54 features pasó de 37,71 s a 181,91 s entre dos corridas (4,8x) con calidad idéntica al bit y con el recuento de épocas determinista (162 en 54 y 128 en 122). No es una propiedad del algoritmo y no se cita como resultado.","config_ganadora: {'n_estimators': 100, 'max_samples': 1.0} en 3 semilla(s) · {'n_estimators': 300, 'max_samples': 1.0} en 3 semilla(s) · {'n_estimators': 200, 'max_samples': 1.0} en 2 semilla(s) · {'n_estimators': 300, 'max_samples': 0.5} en 1 semilla(s) · {'n_estimators': 200, 'max_samples': 0.5} en 1 semilla(s)",df30cb2,6bb224c-sucio,2026-08-14T15:15:13
metricas_anomalias_semillas.csv,dispersion_de_maquina,122_sin_seleccion,IsolationForest,tiempo_entrenamiento_s,10,2.986,0.1194,2.874,3.215,,,,,1 2 3 4 5 6 7 8 9 10,binario normal-vs-ataque (2 clases) sobre D2 completo,"wall-clock en máquina no dedicada: su sd mide CARGA DE MÁQUINA y no el algoritmo. Medido en T1: el Autoencoder de 54 features pasó de 37,71 s a 181,91 s entre dos corridas (4,8x) con calidad idéntica al bit y con el recuento de épocas determinista (162 en 54 y 128 en 122). No es una propiedad del algoritmo y no se cita como resultado.","config_ganadora: {'n_estimators': 100, 'max_samples': 1.0} en 3 semilla(s) · {'n_estimators': 300, 'max_samples': 1.0} en 3 semilla(s) · {'n_estimators': 200, 'max_samples': 1.0} en 2 semilla(s) · {'n_estimators': 300, 'max_samples': 0.5} en 1 semilla(s) · {'n_estimators': 200, 'max_samples': 0.5} en 1 semilla(s)",df30cb2,6bb224c-sucio,2026-08-14T15:15:13
metricas_anomalias_semillas.csv,dispersion_de_maquina,122_sin_seleccion,IsolationForest,tiempo_inferencia_s,10,0.2356,0.0981,0.112,0.357,,,,,1 2 3 4 5 6 7 8 9 10,binario normal-vs-ataque (2 clases) sobre D2 completo,"wall-clock en máquina no dedicada: su sd mide CARGA DE MÁQUINA y no el algoritmo. Medido en T1: el Autoencoder de 54 features pasó de 37,71 s a 181,91 s entre dos corridas (4,8x) con calidad idéntica al bit y con el recuento de épocas determinista (162 en 54 y 128 en 122). No es una propiedad del algoritmo y no se cita como resultado.","config_ganadora: {'n_estimators': 100, 'max_samples': 1.0} en 3 semilla(s) · {'n_estimators': 300, 'max_samples': 1.0} en 3 semilla(s) · {'n_estimators': 200, 'max_samples': 1.0} en 2 semilla(s) · {'n_estimators': 300, 'max_samples': 0.5} en 1 semilla(s) · {'n_estimators': 200, 'max_samples': 0.5} en 1 semilla(s)",df30cb2,6bb224c-sucio,2026-08-14T15:15:13
metricas_anomalias_semillas.csv,dispersion_de_maquina,122_sin_seleccion,IsolationForest,tiempo_s,10,4.669,0.188,4.39,4.91,,,,,1 2 3 4 5 6 7 8 9 10,binario normal-vs-ataque (2 clases) sobre D2 completo,"wall-clock en máquina no dedicada: su sd mide CARGA DE MÁQUINA y no el algoritmo. Medido en T1: el Autoencoder de 54 features pasó de 37,71 s a 181,91 s entre dos corridas (4,8x) con calidad idéntica al bit y con el recuento de épocas determinista (162 en 54 y 128 en 122). No es una propiedad del algoritmo y no se cita como resultado.","config_ganadora: {'n_estimators': 100, 'max_samples': 1.0} en 3 semilla(s) · {'n_estimators': 300, 'max_samples': 1.0} en 3 semilla(s) · {'n_estimators': 200, 'max_samples': 1.0} en 2 semilla(s) · {'n_estimators': 300, 'max_samples': 0.5} en 1 semilla(s) · {'n_estimators': 200, 'max_samples': 0.5} en 1 semilla(s)",df30cb2,6bb224c-sucio,2026-08-14T15:15:13
metricas_anomalias_semillas.csv,dispersion_de_maquina,122_sin_seleccion,LocalOutlierFactor,flujos_por_segundo,10,12360.02,151.4281,12182.7,12590.2,,,,,1 2 3 4 5 6 7 8 9 10,binario normal-vs-ataque (2 clases) sobre D2 completo,"wall-clock en máquina no dedicada: su sd mide CARGA DE MÁQUINA y no el algoritmo. Medido en T1: el Autoencoder de 54 features pasó de 37,71 s a 181,91 s entre dos corridas (4,8x) con calidad idéntica al bit y con el recuento de épocas determinista (162 en 54 y 128 en 122). No es una propiedad del algoritmo y no se cita como resultado.",config_ganadora: {'n_neighbors': 20} en 9 semilla(s) · {'n_neighbors': 35} en 1 semilla(s),df30cb2,6bb224c-sucio,2026-08-14T15:15:13
metricas_anomalias_semillas.csv,dispersion_de_maquina,122_sin_seleccion,LocalOutlierFactor,latencia_ms_por_flujo,10,0.0809,0.001,0.0794,0.0821,,,,,1 2 3 4 5 6 7 8 9 10,binario normal-vs-ataque (2 clases) sobre D2 completo,"wall-clock en máquina no dedicada: su sd mide CARGA DE MÁQUINA y no el algoritmo. Medido en T1: el Autoencoder de 54 features pasó de 37,71 s a 181,91 s entre dos corridas (4,8x) con calidad idéntica al bit y con el recuento de épocas determinista (162 en 54 y 128 en 122). No es una propiedad del algoritmo y no se cita como resultado.",config_ganadora: {'n_neighbors': 20} en 9 semilla(s) · {'n_neighbors': 35} en 1 semilla(s),df30cb2,6bb224c-sucio,2026-08-14T15:15:13
metricas_anomalias_semillas.csv,dispersion_de_maquina,122_sin_seleccion,LocalOutlierFactor,tiempo_entrenamiento_s,10,16.1018,0.4619,15.294,17.071,,,,,1 2 3 4 5 6 7 8 9 10,binario normal-vs-ataque (2 clases) sobre D2 completo,"wall-clock en máquina no dedicada: su sd mide CARGA DE MÁQUINA y no el algoritmo. Medido en T1: el Autoencoder de 54 features pasó de 37,71 s a 181,91 s entre dos corridas (4,8x) con calidad idéntica al bit y con el recuento de épocas determinista (162 en 54 y 128 en 122). No es una propiedad del algoritmo y no se cita como resultado.",config_ganadora: {'n_neighbors': 20} en 9 semilla(s) · {'n_neighbors': 35} en 1 semilla(s),df30cb2,6bb224c-sucio,2026-08-14T15:15:13
metricas_anomalias_semillas.csv,dispersion_de_maquina,122_sin_seleccion,LocalOutlierFactor,tiempo_inferencia_s,10,1.8242,0.0222,1.791,1.85,,,,,1 2 3 4 5 6 7 8 9 10,binario normal-vs-ataque (2 clases) sobre D2 completo,"wall-clock en máquina no dedicada: su sd mide CARGA DE MÁQUINA y no el algoritmo. Medido en T1: el Autoencoder de 54 features pasó de 37,71 s a 181,91 s entre dos corridas (4,8x) con calidad idéntica al bit y con el recuento de épocas determinista (162 en 54 y 128 en 122). No es una propiedad del algoritmo y no se cita como resultado.",config_ganadora: {'n_neighbors': 20} en 9 semilla(s) · {'n_neighbors': 35} en 1 semilla(s),df30cb2,6bb224c-sucio,2026-08-14T15:15:13
metricas_anomalias_semillas.csv,dispersion_de_maquina,122_sin_seleccion,LocalOutlierFactor,tiempo_s,10,25.014,0.5478,24.09,26.15,,,,,1 2 3 4 5 6 7 8 9 10,binario normal-vs-ataque (2 clases) sobre D2 completo,"wall-clock en máquina no dedicada: su sd mide CARGA DE MÁQUINA y no el algoritmo. Medido en T1: el Autoencoder de 54 features pasó de 37,71 s a 181,91 s entre dos corridas (4,8x) con calidad idéntica al bit y con el recuento de épocas determinista (162 en 54 y 128 en 122). No es una propiedad del algoritmo y no se cita como resultado.",config_ganadora: {'n_neighbors': 20} en 9 semilla(s) · {'n_neighbors': 35} en 1 semilla(s),df30cb2,6bb224c-sucio,2026-08-14T15:15:13
metricas_anomalias_semillas.csv,dispersion_de_maquina,122_sin_seleccion,OneClassSVM,flujos_por_segundo,10,13891.96,456.903,13088.6,14463.3,,,,,1 2 3 4 5 6 7 8 9 10,binario normal-vs-ataque (2 clases) sobre D2 completo,"wall-clock en máquina no dedicada: su sd mide CARGA DE MÁQUINA y no el algoritmo. Medido en T1: el Autoencoder de 54 features pasó de 37,71 s a 181,91 s entre dos corridas (4,8x) con calidad idéntica al bit y con el recuento de épocas determinista (162 en 54 y 128 en 122). No es una propiedad del algoritmo y no se cita como resultado.",,df30cb2,6bb224c-sucio,2026-08-14T15:15:13
metricas_anomalias_semillas.csv,dispersion_de_maquina,122_sin_seleccion,OneClassSVM,latencia_ms_por_flujo,10,0.0721,0.0024,0.0691,0.0764,,,,,1 2 3 4 5 6 7 8 9 10,binario normal-vs-ataque (2 clases) sobre D2 completo,"wall-clock en máquina no dedicada: su sd mide CARGA DE MÁQUINA y no el algoritmo. Medido en T1: el Autoencoder de 54 features pasó de 37,71 s a 181,91 s entre dos corridas (4,8x) con calidad idéntica al bit y con el recuento de épocas determinista (162 en 54 y 128 en 122). No es una propiedad del algoritmo y no se cita como resultado.",,df30cb2,6bb224c-sucio,2026-08-14T15:15:13
metricas_anomalias_semillas.csv,dispersion_de_maquina,122_sin_seleccion,OneClassSVM,tiempo_entrenamiento_s,10,23.3979,0.4999,22.593,24.472,,,,,1 2 3 4 5 6 7 8 9 10,binario normal-vs-ataque (2 clases) sobre D2 completo,"wall-clock en máquina no dedicada: su sd mide CARGA DE MÁQUINA y no el algoritmo. Medido en T1: el Autoencoder de 54 features pasó de 37,71 s a 181,91 s entre dos corridas (4,8x) con calidad idéntica al bit y con el recuento de épocas determinista (162 en 54 y 128 en 122). No es una propiedad del algoritmo y no se cita como resultado.",,df30cb2,6bb224c-sucio,2026-08-14T15:15:13
metricas_anomalias_semillas.csv,dispersion_de_maquina,122_sin_seleccion,OneClassSVM,tiempo_inferencia_s,10,1.6244,0.0542,1.559,1.722,,,,,1 2 3 4 5 6 7 8 9 10,binario normal-vs-ataque (2 clases) sobre D2 completo,"wall-clock en máquina no dedicada: su sd mide CARGA DE MÁQUINA y no el algoritmo. Medido en T1: el Autoencoder de 54 features pasó de 37,71 s a 181,91 s entre dos corridas (4,8x) con calidad idéntica al bit y con el recuento de épocas determinista (162 en 54 y 128 en 122). No es una propiedad del algoritmo y no se cita como resultado.",,df30cb2,6bb224c-sucio,2026-08-14T15:15:13
metricas_anomalias_semillas.csv,dispersion_de_maquina,122_sin_seleccion,OneClassSVM,tiempo_s,10,39.301,0.8445,38.18,40.49,,,,,1 2 3 4 5 6 7 8 9 10,binario normal-vs-ataque (2 clases) sobre D2 completo,"wall-clock en máquina no dedicada: su sd mide CARGA DE MÁQUINA y no el algoritmo. Medido en T1: el Autoencoder de 54 features pasó de 37,71 s a 181,91 s entre dos corridas (4,8x) con calidad idéntica al bit y con el recuento de épocas determinista (162 en 54 y 128 en 122). No es una propiedad del algoritmo y no se cita como resultado.",,df30cb2,6bb224c-sucio,2026-08-14T15:15:13
metricas_anomalias_semillas.csv,dispersion_de_maquina,54,Autoencoder,flujos_por_segundo,10,912386.95,170907.2347,726391.6,1189782.6,,,,,1 2 3 4 5 6 7 8 9 10,binario normal-vs-ataque (2 clases) sobre D2 completo,"wall-clock en máquina no dedicada: su sd mide CARGA DE MÁQUINA y no el algoritmo. Medido en T1: el Autoencoder de 54 features pasó de 37,71 s a 181,91 s entre dos corridas (4,8x) con calidad idéntica al bit y con el recuento de épocas determinista (162 en 54 y 128 en 122). No es una propiedad del algoritmo y no se cita como resultado.",,df30cb2,6bb224c-sucio,2026-08-14T15:15:13
metricas_anomalias_semillas.csv,dispersion_de_maquina,54,Autoencoder,latencia_ms_por_flujo,10,0.0011,0.0002,0.0008,0.0014,,,,,1 2 3 4 5 6 7 8 9 10,binario normal-vs-ataque (2 clases) sobre D2 completo,"wall-clock en máquina no dedicada: su sd mide CARGA DE MÁQUINA y no el algoritmo. Medido en T1: el Autoencoder de 54 features pasó de 37,71 s a 181,91 s entre dos corridas (4,8x) con calidad idéntica al bit y con el recuento de épocas determinista (162 en 54 y 128 en 122). No es una propiedad del algoritmo y no se cita como resultado.",,df30cb2,6bb224c-sucio,2026-08-14T15:15:13
metricas_anomalias_semillas.csv,dispersion_de_maquina,54,Autoencoder,tiempo_entrenamiento_s,10,22.3951,7.0837,8.673,31.961,,,,,1 2 3 4 5 6 7 8 9 10,binario normal-vs-ataque (2 clases) sobre D2 completo,"wall-clock en máquina no dedicada: su sd mide CARGA DE MÁQUINA y no el algoritmo. Medido en T1: el Autoencoder de 54 features pasó de 37,71 s a 181,91 s entre dos corridas (4,8x) con calidad idéntica al bit y con el recuento de épocas determinista (162 en 54 y 128 en 122). No es una propiedad del algoritmo y no se cita como resultado.",,df30cb2,6bb224c-sucio,2026-08-14T15:15:13
metricas_anomalias_semillas.csv,dispersion_de_maquina,54,Autoencoder,tiempo_inferencia_s,10,0.0255,0.0043,0.019,0.031,,,,,1 2 3 4 5 6 7 8 9 10,binario normal-vs-ataque (2 clases) sobre D2 completo,"wall-clock en máquina no dedicada: su sd mide CARGA DE MÁQUINA y no el algoritmo. Medido en T1: el Autoencoder de 54 features pasó de 37,71 s a 181,91 s entre dos corridas (4,8x) con calidad idéntica al bit y con el recuento de épocas determinista (162 en 54 y 128 en 122). No es una propiedad del algoritmo y no se cita como resultado.",,df30cb2,6bb224c-sucio,2026-08-14T15:15:13
metricas_anomalias_semillas.csv,dispersion_de_maquina,54,Autoencoder,tiempo_s,10,22.623,7.0907,8.89,32.18,,,,,1 2 3 4 5 6 7 8 9 10,binario normal-vs-ataque (2 clases) sobre D2 completo,"wall-clock en máquina no dedicada: su sd mide CARGA DE MÁQUINA y no el algoritmo. Medido en T1: el Autoencoder de 54 features pasó de 37,71 s a 181,91 s entre dos corridas (4,8x) con calidad idéntica al bit y con el recuento de épocas determinista (162 en 54 y 128 en 122). No es una propiedad del algoritmo y no se cita como resultado.",,df30cb2,6bb224c-sucio,2026-08-14T15:15:13
metricas_anomalias_semillas.csv,dispersion_de_maquina,54,IsolationForest,flujos_por_segundo,10,134959.09,51455.4713,64631.2,191575.1,,,,,1 2 3 4 5 6 7 8 9 10,binario normal-vs-ataque (2 clases) sobre D2 completo,"wall-clock en máquina no dedicada: su sd mide CARGA DE MÁQUINA y no el algoritmo. Medido en T1: el Autoencoder de 54 features pasó de 37,71 s a 181,91 s entre dos corridas (4,8x) con calidad idéntica al bit y con el recuento de épocas determinista (162 en 54 y 128 en 122). No es una propiedad del algoritmo y no se cita como resultado.","config_ganadora: {'n_estimators': 100, 'max_samples': 1.0} en 5 semilla(s) · {'n_estimators': 200, 'max_samples': 1.0} en 4 semilla(s) · {'n_estimators': 300, 'max_samples': 1.0} en 1 semilla(s)",df30cb2,6bb224c-sucio,2026-08-14T15:15:13
metricas_anomalias_semillas.csv,dispersion_de_maquina,54,IsolationForest,latencia_ms_por_flujo,10,0.0086,0.0036,0.0052,0.0155,,,,,1 2 3 4 5 6 7 8 9 10,binario normal-vs-ataque (2 clases) sobre D2 completo,"wall-clock en máquina no dedicada: su sd mide CARGA DE MÁQUINA y no el algoritmo. Medido en T1: el Autoencoder de 54 features pasó de 37,71 s a 181,91 s entre dos corridas (4,8x) con calidad idéntica al bit y con el recuento de épocas determinista (162 en 54 y 128 en 122). No es una propiedad del algoritmo y no se cita como resultado.","config_ganadora: {'n_estimators': 100, 'max_samples': 1.0} en 5 semilla(s) · {'n_estimators': 200, 'max_samples': 1.0} en 4 semilla(s) · {'n_estimators': 300, 'max_samples': 1.0} en 1 semilla(s)",df30cb2,6bb224c-sucio,2026-08-14T15:15:13
metricas_anomalias_semillas.csv,dispersion_de_maquina,54,IsolationForest,tiempo_entrenamiento_s,10,2.8595,0.1742,2.626,3.25,,,,,1 2 3 4 5 6 7 8 9 10,binario normal-vs-ataque (2 clases) sobre D2 completo,"wall-clock en máquina no dedicada: su sd mide CARGA DE MÁQUINA y no el algoritmo. Medido en T1: el Autoencoder de 54 features pasó de 37,71 s a 181,91 s entre dos corridas (4,8x) con calidad idéntica al bit y con el recuento de épocas determinista (162 en 54 y 128 en 122). No es una propiedad del algoritmo y no se cita como resultado.","config_ganadora: {'n_estimators': 100, 'max_samples': 1.0} en 5 semilla(s) · {'n_estimators': 200, 'max_samples': 1.0} en 4 semilla(s) · {'n_estimators': 300, 'max_samples': 1.0} en 1 semilla(s)",df30cb2,6bb224c-sucio,2026-08-14T15:15:13
metricas_anomalias_semillas.csv,dispersion_de_maquina,54,IsolationForest,tiempo_inferencia_s,10,0.1939,0.0804,0.118,0.349,,,,,1 2 3 4 5 6 7 8 9 10,binario normal-vs-ataque (2 clases) sobre D2 completo,"wall-clock en máquina no dedicada: su sd mide CARGA DE MÁQUINA y no el algoritmo. Medido en T1: el Autoencoder de 54 features pasó de 37,71 s a 181,91 s entre dos corridas (4,8x) con calidad idéntica al bit y con el recuento de épocas determinista (162 en 54 y 128 en 122). No es una propiedad del algoritmo y no se cita como resultado.","config_ganadora: {'n_estimators': 100, 'max_samples': 1.0} en 5 semilla(s) · {'n_estimators': 200, 'max_samples': 1.0} en 4 semilla(s) · {'n_estimators': 300, 'max_samples': 1.0} en 1 semilla(s)",df30cb2,6bb224c-sucio,2026-08-14T15:15:13
metricas_anomalias_semillas.csv,dispersion_de_maquina,54,IsolationForest,tiempo_s,10,4.566,0.2625,4.32,5.15,,,,,1 2 3 4 5 6 7 8 9 10,binario normal-vs-ataque (2 clases) sobre D2 completo,"wall-clock en máquina no dedicada: su sd mide CARGA DE MÁQUINA y no el algoritmo. Medido en T1: el Autoencoder de 54 features pasó de 37,71 s a 181,91 s entre dos corridas (4,8x) con calidad idéntica al bit y con el recuento de épocas determinista (162 en 54 y 128 en 122). No es una propiedad del algoritmo y no se cita como resultado.","config_ganadora: {'n_estimators': 100, 'max_samples': 1.0} en 5 semilla(s) · {'n_estimators': 200, 'max_samples': 1.0} en 4 semilla(s) · {'n_estimators': 300, 'max_samples': 1.0} en 1 semilla(s)",df30cb2,6bb224c-sucio,2026-08-14T15:15:13
metricas_anomalias_semillas.csv,dispersion_de_maquina,54,LocalOutlierFactor,flujos_por_segundo,10,22252.8,1903.3129,17944.4,25193.1,,,,,1 2 3 4 5 6 7 8 9 10,binario normal-vs-ataque (2 clases) sobre D2 completo,"wall-clock en máquina no dedicada: su sd mide CARGA DE MÁQUINA y no el algoritmo. Medido en T1: el Autoencoder de 54 features pasó de 37,71 s a 181,91 s entre dos corridas (4,8x) con calidad idéntica al bit y con el recuento de épocas determinista (162 en 54 y 128 en 122). No es una propiedad del algoritmo y no se cita como resultado.",,df30cb2,6bb224c-sucio,2026-08-14T15:15:13
metricas_anomalias_semillas.csv,dispersion_de_maquina,54,LocalOutlierFactor,latencia_ms_por_flujo,10,0.0453,0.0043,0.0397,0.0557,,,,,1 2 3 4 5 6 7 8 9 10,binario normal-vs-ataque (2 clases) sobre D2 completo,"wall-clock en máquina no dedicada: su sd mide CARGA DE MÁQUINA y no el algoritmo. Medido en T1: el Autoencoder de 54 features pasó de 37,71 s a 181,91 s entre dos corridas (4,8x) con calidad idéntica al bit y con el recuento de épocas determinista (162 en 54 y 128 en 122). No es una propiedad del algoritmo y no se cita como resultado.",,df30cb2,6bb224c-sucio,2026-08-14T15:15:13
metricas_anomalias_semillas.csv,dispersion_de_maquina,54,LocalOutlierFactor,tiempo_entrenamiento_s,10,10.5086,0.5574,9.38,11.636,,,,,1 2 3 4 5 6 7 8 9 10,binario normal-vs-ataque (2 clases) sobre D2 completo,"wall-clock en máquina no dedicada: su sd mide CARGA DE MÁQUINA y no el algoritmo. Medido en T1: el Autoencoder de 54 features pasó de 37,71 s a 181,91 s entre dos corridas (4,8x) con calidad idéntica al bit y con el recuento de épocas determinista (162 en 54 y 128 en 122). No es una propiedad del algoritmo y no se cita como resultado.",,df30cb2,6bb224c-sucio,2026-08-14T15:15:13
metricas_anomalias_semillas.csv,dispersion_de_maquina,54,LocalOutlierFactor,tiempo_inferencia_s,10,1.0205,0.0968,0.895,1.256,,,,,1 2 3 4 5 6 7 8 9 10,binario normal-vs-ataque (2 clases) sobre D2 completo,"wall-clock en máquina no dedicada: su sd mide CARGA DE MÁQUINA y no el algoritmo. Medido en T1: el Autoencoder de 54 features pasó de 37,71 s a 181,91 s entre dos corridas (4,8x) con calidad idéntica al bit y con el recuento de épocas determinista (162 en 54 y 128 en 122). No es una propiedad del algoritmo y no se cita como resultado.",,df30cb2,6bb224c-sucio,2026-08-14T15:15:13
metricas_anomalias_semillas.csv,dispersion_de_maquina,54,LocalOutlierFactor,tiempo_s,10,15.943,0.9189,14.24,17.96,,,,,1 2 3 4 5 6 7 8 9 10,binario normal-vs-ataque (2 clases) sobre D2 completo,"wall-clock en máquina no dedicada: su sd mide CARGA DE MÁQUINA y no el algoritmo. Medido en T1: el Autoencoder de 54 features pasó de 37,71 s a 181,91 s entre dos corridas (4,8x) con calidad idéntica al bit y con el recuento de épocas determinista (162 en 54 y 128 en 122). No es una propiedad del algoritmo y no se cita como resultado.",,df30cb2,6bb224c-sucio,2026-08-14T15:15:13
metricas_anomalias_semillas.csv,dispersion_de_maquina,54,OneClassSVM,flujos_por_segundo,10,10840.2,3818.6411,8145.9,16855.5,,,,,1 2 3 4 5 6 7 8 9 10,binario normal-vs-ataque (2 clases) sobre D2 completo,"wall-clock en máquina no dedicada: su sd mide CARGA DE MÁQUINA y no el algoritmo. Medido en T1: el Autoencoder de 54 features pasó de 37,71 s a 181,91 s entre dos corridas (4,8x) con calidad idéntica al bit y con el recuento de épocas determinista (162 en 54 y 128 en 122). No es una propiedad del algoritmo y no se cita como resultado.","config_ganadora: {'nu': 0.1, 'gamma': 'scale'} en 7 semilla(s) · {'nu': 0.05, 'gamma': 'scale'} en 3 semilla(s)",df30cb2,6bb224c-sucio,2026-08-14T15:15:13
metricas_anomalias_semillas.csv,dispersion_de_maquina,54,OneClassSVM,latencia_ms_por_flujo,10,0.101,0.0276,0.0593,0.1228,,,,,1 2 3 4 5 6 7 8 9 10,binario normal-vs-ataque (2 clases) sobre D2 completo,"wall-clock en máquina no dedicada: su sd mide CARGA DE MÁQUINA y no el algoritmo. Medido en T1: el Autoencoder de 54 features pasó de 37,71 s a 181,91 s entre dos corridas (4,8x) con calidad idéntica al bit y con el recuento de épocas determinista (162 en 54 y 128 en 122). No es una propiedad del algoritmo y no se cita como resultado.","config_ganadora: {'nu': 0.1, 'gamma': 'scale'} en 7 semilla(s) · {'nu': 0.05, 'gamma': 'scale'} en 3 semilla(s)",df30cb2,6bb224c-sucio,2026-08-14T15:15:13
metricas_anomalias_semillas.csv,dispersion_de_maquina,54,OneClassSVM,tiempo_entrenamiento_s,10,10.4263,0.299,10.213,11.206,,,,,1 2 3 4 5 6 7 8 9 10,binario normal-vs-ataque (2 clases) sobre D2 completo,"wall-clock en máquina no dedicada: su sd mide CARGA DE MÁQUINA y no el algoritmo. Medido en T1: el Autoencoder de 54 features pasó de 37,71 s a 181,91 s entre dos corridas (4,8x) con calidad idéntica al bit y con el recuento de épocas determinista (162 en 54 y 128 en 122). No es una propiedad del algoritmo y no se cita como resultado.","config_ganadora: {'nu': 0.1, 'gamma': 'scale'} en 7 semilla(s) · {'nu': 0.05, 'gamma': 'scale'} en 3 semilla(s)",df30cb2,6bb224c-sucio,2026-08-14T15:15:13
metricas_anomalias_semillas.csv,dispersion_de_maquina,54,OneClassSVM,tiempo_inferencia_s,10,2.2766,0.6225,1.337,2.768,,,,,1 2 3 4 5 6 7 8 9 10,binario normal-vs-ataque (2 clases) sobre D2 completo,"wall-clock en máquina no dedicada: su sd mide CARGA DE MÁQUINA y no el algoritmo. Medido en T1: el Autoencoder de 54 features pasó de 37,71 s a 181,91 s entre dos corridas (4,8x) con calidad idéntica al bit y con el recuento de épocas determinista (162 en 54 y 128 en 122). No es una propiedad del algoritmo y no se cita como resultado.","config_ganadora: {'nu': 0.1, 'gamma': 'scale'} en 7 semilla(s) · {'nu': 0.05, 'gamma': 'scale'} en 3 semilla(s)",df30cb2,6bb224c-sucio,2026-08-14T15:15:13
metricas_anomalias_semillas.csv,dispersion_de_maquina,54,OneClassSVM,tiempo_s,10,24.924,0.9084,23.19,25.73,,,,,1 2 3 4 5 6 7 8 9 10,binario normal-vs-ataque (2 clases) sobre D2 completo,"wall-clock en máquina no dedicada: su sd mide CARGA DE MÁQUINA y no el algoritmo. Medido en T1: el Autoencoder de 54 features pasó de 37,71 s a 181,91 s entre dos corridas (4,8x) con calidad idéntica al bit y con el recuento de épocas determinista (162 en 54 y 128 en 122). No es una propiedad del algoritmo y no se cita como resultado.","config_ganadora: {'nu': 0.1, 'gamma': 'scale'} en 7 semilla(s) · {'nu': 0.05, 'gamma': 'scale'} en 3 semilla(s)",df30cb2,6bb224c-sucio,2026-08-14T15:15:13
metricas_baseline_semillas.csv,dispersion_de_maquina,122_sin_seleccion,RandomForest_monolitico,flujos_por_segundo,10,262583.8,106516.3367,143196.9,374553.5,,,,,1 2 3 4 5 6 7 8 9 10,multiclase 5 clases (normal + 4 ataques) sobre D2 completo,"wall-clock en máquina no dedicada: su sd mide CARGA DE MÁQUINA y no el algoritmo. Medido en T1: el Autoencoder de 54 features pasó de 37,71 s a 181,91 s entre dos corridas (4,8x) con calidad idéntica al bit y con el recuento de épocas determinista (162 en 54 y 128 en 122). No es una propiedad del algoritmo y no se cita como resultado.","config_ganadora: {'max_depth': None, 'n_estimators': 300} en 5 semilla(s) · {'max_depth': None, 'n_estimators': 100} en 5 semilla(s)",df30cb2,6bb224c-sucio,2026-08-14T15:15:13
metricas_baseline_semillas.csv,dispersion_de_maquina,122_sin_seleccion,RandomForest_monolitico,latencia_ms_por_flujo,10,0.0045,0.0018,0.0027,0.007,,,,,1 2 3 4 5 6 7 8 9 10,multiclase 5 clases (normal + 4 ataques) sobre D2 completo,"wall-clock en máquina no dedicada: su sd mide CARGA DE MÁQUINA y no el algoritmo. Medido en T1: el Autoencoder de 54 features pasó de 37,71 s a 181,91 s entre dos corridas (4,8x) con calidad idéntica al bit y con el recuento de épocas determinista (162 en 54 y 128 en 122). No es una propiedad del algoritmo y no se cita como resultado.","config_ganadora: {'max_depth': None, 'n_estimators': 300} en 5 semilla(s) · {'max_depth': None, 'n_estimators': 100} en 5 semilla(s)",df30cb2,6bb224c-sucio,2026-08-14T15:15:13
metricas_baseline_semillas.csv,dispersion_de_maquina,122_sin_seleccion,RandomForest_monolitico,tiempo_entrenamiento_s,10,37.0471,1.0061,35.151,38.495,,,,,1 2 3 4 5 6 7 8 9 10,multiclase 5 clases (normal + 4 ataques) sobre D2 completo,"wall-clock en máquina no dedicada: su sd mide CARGA DE MÁQUINA y no el algoritmo. Medido en T1: el Autoencoder de 54 features pasó de 37,71 s a 181,91 s entre dos corridas (4,8x) con calidad idéntica al bit y con el recuento de épocas determinista (162 en 54 y 128 en 122). No es una propiedad del algoritmo y no se cita como resultado.","config_ganadora: {'max_depth': None, 'n_estimators': 300} en 5 semilla(s) · {'max_depth': None, 'n_estimators': 100} en 5 semilla(s)",df30cb2,6bb224c-sucio,2026-08-14T15:15:13
metricas_baseline_semillas.csv,dispersion_de_maquina,122_sin_seleccion,RandomForest_monolitico,tiempo_inferencia_s,10,0.1008,0.0414,0.06,0.157,,,,,1 2 3 4 5 6 7 8 9 10,multiclase 5 clases (normal + 4 ataques) sobre D2 completo,"wall-clock en máquina no dedicada: su sd mide CARGA DE MÁQUINA y no el algoritmo. Medido en T1: el Autoencoder de 54 features pasó de 37,71 s a 181,91 s entre dos corridas (4,8x) con calidad idéntica al bit y con el recuento de épocas determinista (162 en 54 y 128 en 122). No es una propiedad del algoritmo y no se cita como resultado.","config_ganadora: {'max_depth': None, 'n_estimators': 300} en 5 semilla(s) · {'max_depth': None, 'n_estimators': 100} en 5 semilla(s)",df30cb2,6bb224c-sucio,2026-08-14T15:15:13
metricas_baseline_semillas.csv,dispersion_de_maquina,122_sin_seleccion,RandomForest_monolitico,tiempo_s,10,37.046,1.0053,35.15,38.49,,,,,1 2 3 4 5 6 7 8 9 10,multiclase 5 clases (normal + 4 ataques) sobre D2 completo,"wall-clock en máquina no dedicada: su sd mide CARGA DE MÁQUINA y no el algoritmo. Medido en T1: el Autoencoder de 54 features pasó de 37,71 s a 181,91 s entre dos corridas (4,8x) con calidad idéntica al bit y con el recuento de épocas determinista (162 en 54 y 128 en 122). No es una propiedad del algoritmo y no se cita como resultado.","config_ganadora: {'max_depth': None, 'n_estimators': 300} en 5 semilla(s) · {'max_depth': None, 'n_estimators': 100} en 5 semilla(s)",df30cb2,6bb224c-sucio,2026-08-14T15:15:13
metricas_baseline_semillas.csv,dispersion_de_maquina,54,RandomForest_monolitico,flujos_por_segundo,10,276574.02,112872.4809,157752.7,388837.8,,,,,1 2 3 4 5 6 7 8 9 10,multiclase 5 clases (normal + 4 ataques) sobre D2 completo,"wall-clock en máquina no dedicada: su sd mide CARGA DE MÁQUINA y no el algoritmo. Medido en T1: el Autoencoder de 54 features pasó de 37,71 s a 181,91 s entre dos corridas (4,8x) con calidad idéntica al bit y con el recuento de épocas determinista (162 en 54 y 128 en 122). No es una propiedad del algoritmo y no se cita como resultado.","config_ganadora: {'max_depth': None, 'n_estimators': 300} en 5 semilla(s) · {'max_depth': None, 'n_estimators': 100} en 5 semilla(s)",df30cb2,6bb224c-sucio,2026-08-14T15:15:13
metricas_baseline_semillas.csv,dispersion_de_maquina,54,RandomForest_monolitico,latencia_ms_por_flujo,10,0.0043,0.0017,0.0026,0.0063,,,,,1 2 3 4 5 6 7 8 9 10,multiclase 5 clases (normal + 4 ataques) sobre D2 completo,"wall-clock en máquina no dedicada: su sd mide CARGA DE MÁQUINA y no el algoritmo. Medido en T1: el Autoencoder de 54 features pasó de 37,71 s a 181,91 s entre dos corridas (4,8x) con calidad idéntica al bit y con el recuento de épocas determinista (162 en 54 y 128 en 122). No es una propiedad del algoritmo y no se cita como resultado.","config_ganadora: {'max_depth': None, 'n_estimators': 300} en 5 semilla(s) · {'max_depth': None, 'n_estimators': 100} en 5 semilla(s)",df30cb2,6bb224c-sucio,2026-08-14T15:15:13
metricas_baseline_semillas.csv,dispersion_de_maquina,54,RandomForest_monolitico,tiempo_entrenamiento_s,10,31.9097,1.0484,30.518,33.439,,,,,1 2 3 4 5 6 7 8 9 10,multiclase 5 clases (normal + 4 ataques) sobre D2 completo,"wall-clock en máquina no dedicada: su sd mide CARGA DE MÁQUINA y no el algoritmo. Medido en T1: el Autoencoder de 54 features pasó de 37,71 s a 181,91 s entre dos corridas (4,8x) con calidad idéntica al bit y con el recuento de épocas determinista (162 en 54 y 128 en 122). No es una propiedad del algoritmo y no se cita como resultado.","config_ganadora: {'max_depth': None, 'n_estimators': 300} en 5 semilla(s) · {'max_depth': None, 'n_estimators': 100} en 5 semilla(s)",df30cb2,6bb224c-sucio,2026-08-14T15:15:13
metricas_baseline_semillas.csv,dispersion_de_maquina,54,RandomForest_monolitico,tiempo_inferencia_s,10,0.0958,0.0394,0.058,0.143,,,,,1 2 3 4 5 6 7 8 9 10,multiclase 5 clases (normal + 4 ataques) sobre D2 completo,"wall-clock en máquina no dedicada: su sd mide CARGA DE MÁQUINA y no el algoritmo. Medido en T1: el Autoencoder de 54 features pasó de 37,71 s a 181,91 s entre dos corridas (4,8x) con calidad idéntica al bit y con el recuento de épocas determinista (162 en 54 y 128 en 122). No es una propiedad del algoritmo y no se cita como resultado.","config_ganadora: {'max_depth': None, 'n_estimators': 300} en 5 semilla(s) · {'max_depth': None, 'n_estimators': 100} en 5 semilla(s)",df30cb2,6bb224c-sucio,2026-08-14T15:15:13
metricas_baseline_semillas.csv,dispersion_de_maquina,54,RandomForest_monolitico,tiempo_s,10,31.908,1.0477,30.52,33.44,,,,,1 2 3 4 5 6 7 8 9 10,multiclase 5 clases (normal + 4 ataques) sobre D2 completo,"wall-clock en máquina no dedicada: su sd mide CARGA DE MÁQUINA y no el algoritmo. Medido en T1: el Autoencoder de 54 features pasó de 37,71 s a 181,91 s entre dos corridas (4,8x) con calidad idéntica al bit y con el recuento de épocas determinista (162 en 54 y 128 en 122). No es una propiedad del algoritmo y no se cita como resultado.","config_ganadora: {'max_depth': None, 'n_estimators': 300} en 5 semilla(s) · {'max_depth': None, 'n_estimators': 100} en 5 semilla(s)",df30cb2,6bb224c-sucio,2026-08-14T15:15:13
metricas_firmas_semillas.csv,dispersion_de_maquina,122_sin_seleccion,DecisionTree,flujos_por_segundo,10,2747904.14,426379.6864,1916972.7,3063303.1,,,,,1 2 3 4 5 6 7 8 9 10,multiclase 4 categorías de ataque sobre los ataques de D2 de tipo conocido,"wall-clock en máquina no dedicada: su sd mide CARGA DE MÁQUINA y no el algoritmo. Medido en T1: el Autoencoder de 54 features pasó de 37,71 s a 181,91 s entre dos corridas (4,8x) con calidad idéntica al bit y con el recuento de épocas determinista (162 en 54 y 128 en 122). No es una propiedad del algoritmo y no se cita como resultado.","balanceo: SMOTE en 5 semilla(s) · class_weight en 5 semilla(s) | config_ganadora: {'clf__max_depth': 20, 'clf__min_samples_leaf': 1} en 4 semilla(s) · {'max_depth': 10, 'min_samples_leaf': 1} en 3 semilla(s) · {'max_depth': 20, 'min_samples_leaf': 1} en 2 semilla(s) · {'clf__max_depth': 10, 'clf__min_samples_leaf': 1} en 1 semilla(s)",df30cb2,6bb224c-sucio,2026-08-14T15:15:13
metricas_firmas_semillas.csv,dispersion_de_maquina,122_sin_seleccion,DecisionTree,latencia_ms_por_flujo,10,0.0004,0.0001,0.0003,0.0005,,,,,1 2 3 4 5 6 7 8 9 10,multiclase 4 categorías de ataque sobre los ataques de D2 de tipo conocido,"wall-clock en máquina no dedicada: su sd mide CARGA DE MÁQUINA y no el algoritmo. Medido en T1: el Autoencoder de 54 features pasó de 37,71 s a 181,91 s entre dos corridas (4,8x) con calidad idéntica al bit y con el recuento de épocas determinista (162 en 54 y 128 en 122). No es una propiedad del algoritmo y no se cita como resultado.","balanceo: SMOTE en 5 semilla(s) · class_weight en 5 semilla(s) | config_ganadora: {'clf__max_depth': 20, 'clf__min_samples_leaf': 1} en 4 semilla(s) · {'max_depth': 10, 'min_samples_leaf': 1} en 3 semilla(s) · {'max_depth': 20, 'min_samples_leaf': 1} en 2 semilla(s) · {'clf__max_depth': 10, 'clf__min_samples_leaf': 1} en 1 semilla(s)",df30cb2,6bb224c-sucio,2026-08-14T15:15:13
metricas_firmas_semillas.csv,dispersion_de_maquina,122_sin_seleccion,DecisionTree,tiempo_entrenamiento_s,10,13.7895,11.9127,2.156,26.981,,,,,1 2 3 4 5 6 7 8 9 10,multiclase 4 categorías de ataque sobre los ataques de D2 de tipo conocido,"wall-clock en máquina no dedicada: su sd mide CARGA DE MÁQUINA y no el algoritmo. Medido en T1: el Autoencoder de 54 features pasó de 37,71 s a 181,91 s entre dos corridas (4,8x) con calidad idéntica al bit y con el recuento de épocas determinista (162 en 54 y 128 en 122). No es una propiedad del algoritmo y no se cita como resultado.","balanceo: SMOTE en 5 semilla(s) · class_weight en 5 semilla(s) | config_ganadora: {'clf__max_depth': 20, 'clf__min_samples_leaf': 1} en 4 semilla(s) · {'max_depth': 10, 'min_samples_leaf': 1} en 3 semilla(s) · {'max_depth': 20, 'min_samples_leaf': 1} en 2 semilla(s) · {'clf__max_depth': 10, 'clf__min_samples_leaf': 1} en 1 semilla(s)",df30cb2,6bb224c-sucio,2026-08-14T15:15:13
metricas_firmas_semillas.csv,dispersion_de_maquina,122_sin_seleccion,DecisionTree,tiempo_inferencia_s,10,0.0034,0.0008,0.003,0.005,,,,,1 2 3 4 5 6 7 8 9 10,multiclase 4 categorías de ataque sobre los ataques de D2 de tipo conocido,"wall-clock en máquina no dedicada: su sd mide CARGA DE MÁQUINA y no el algoritmo. Medido en T1: el Autoencoder de 54 features pasó de 37,71 s a 181,91 s entre dos corridas (4,8x) con calidad idéntica al bit y con el recuento de épocas determinista (162 en 54 y 128 en 122). No es una propiedad del algoritmo y no se cita como resultado.","balanceo: SMOTE en 5 semilla(s) · class_weight en 5 semilla(s) | config_ganadora: {'clf__max_depth': 20, 'clf__min_samples_leaf': 1} en 4 semilla(s) · {'max_depth': 10, 'min_samples_leaf': 1} en 3 semilla(s) · {'max_depth': 20, 'min_samples_leaf': 1} en 2 semilla(s) · {'clf__max_depth': 10, 'clf__min_samples_leaf': 1} en 1 semilla(s)",df30cb2,6bb224c-sucio,2026-08-14T15:15:13
metricas_firmas_semillas.csv,dispersion_de_maquina,122_sin_seleccion,DecisionTree,tiempo_s,10,14.071,11.9082,2.44,27.25,,,,,1 2 3 4 5 6 7 8 9 10,multiclase 4 categorías de ataque sobre los ataques de D2 de tipo conocido,"wall-clock en máquina no dedicada: su sd mide CARGA DE MÁQUINA y no el algoritmo. Medido en T1: el Autoencoder de 54 features pasó de 37,71 s a 181,91 s entre dos corridas (4,8x) con calidad idéntica al bit y con el recuento de épocas determinista (162 en 54 y 128 en 122). No es una propiedad del algoritmo y no se cita como resultado.","balanceo: SMOTE en 5 semilla(s) · class_weight en 5 semilla(s) | config_ganadora: {'clf__max_depth': 20, 'clf__min_samples_leaf': 1} en 4 semilla(s) · {'max_depth': 10, 'min_samples_leaf': 1} en 3 semilla(s) · {'max_depth': 20, 'min_samples_leaf': 1} en 2 semilla(s) · {'clf__max_depth': 10, 'clf__min_samples_leaf': 1} en 1 semilla(s)",df30cb2,6bb224c-sucio,2026-08-14T15:15:13
metricas_firmas_semillas.csv,dispersion_de_maquina,122_sin_seleccion,HistGradientBoosting,flujos_por_segundo,10,172115.99,29299.7587,109205.2,216798.7,,,,,1 2 3 4 5 6 7 8 9 10,multiclase 4 categorías de ataque sobre los ataques de D2 de tipo conocido,"wall-clock en máquina no dedicada: su sd mide CARGA DE MÁQUINA y no el algoritmo. Medido en T1: el Autoencoder de 54 features pasó de 37,71 s a 181,91 s entre dos corridas (4,8x) con calidad idéntica al bit y con el recuento de épocas determinista (162 en 54 y 128 en 122). No es una propiedad del algoritmo y no se cita como resultado.","config_ganadora: {'clf__learning_rate': 0.1, 'clf__max_iter': 100} en 7 semilla(s) · {'clf__learning_rate': 0.05, 'clf__max_iter': 300} en 2 semilla(s) · {'clf__learning_rate': 0.1, 'clf__max_iter': 300} en 1 semilla(s)",df30cb2,6bb224c-sucio,2026-08-14T15:15:13
metricas_firmas_semillas.csv,dispersion_de_maquina,122_sin_seleccion,HistGradientBoosting,latencia_ms_por_flujo,10,0.006,0.0013,0.0046,0.0092,,,,,1 2 3 4 5 6 7 8 9 10,multiclase 4 categorías de ataque sobre los ataques de D2 de tipo conocido,"wall-clock en máquina no dedicada: su sd mide CARGA DE MÁQUINA y no el algoritmo. Medido en T1: el Autoencoder de 54 features pasó de 37,71 s a 181,91 s entre dos corridas (4,8x) con calidad idéntica al bit y con el recuento de épocas determinista (162 en 54 y 128 en 122). No es una propiedad del algoritmo y no se cita como resultado.","config_ganadora: {'clf__learning_rate': 0.1, 'clf__max_iter': 100} en 7 semilla(s) · {'clf__learning_rate': 0.05, 'clf__max_iter': 300} en 2 semilla(s) · {'clf__learning_rate': 0.1, 'clf__max_iter': 300} en 1 semilla(s)",df30cb2,6bb224c-sucio,2026-08-14T15:15:13
metricas_firmas_semillas.csv,dispersion_de_maquina,122_sin_seleccion,HistGradientBoosting,tiempo_entrenamiento_s,10,136.5404,14.9129,112.373,164.798,,,,,1 2 3 4 5 6 7 8 9 10,multiclase 4 categorías de ataque sobre los ataques de D2 de tipo conocido,"wall-clock en máquina no dedicada: su sd mide CARGA DE MÁQUINA y no el algoritmo. Medido en T1: el Autoencoder de 54 features pasó de 37,71 s a 181,91 s entre dos corridas (4,8x) con calidad idéntica al bit y con el recuento de épocas determinista (162 en 54 y 128 en 122). No es una propiedad del algoritmo y no se cita como resultado.","config_ganadora: {'clf__learning_rate': 0.1, 'clf__max_iter': 100} en 7 semilla(s) · {'clf__learning_rate': 0.05, 'clf__max_iter': 300} en 2 semilla(s) · {'clf__learning_rate': 0.1, 'clf__max_iter': 300} en 1 semilla(s)",df30cb2,6bb224c-sucio,2026-08-14T15:15:13
metricas_firmas_semillas.csv,dispersion_de_maquina,122_sin_seleccion,HistGradientBoosting,tiempo_inferencia_s,10,0.0544,0.0114,0.042,0.083,,,,,1 2 3 4 5 6 7 8 9 10,multiclase 4 categorías de ataque sobre los ataques de D2 de tipo conocido,"wall-clock en máquina no dedicada: su sd mide CARGA DE MÁQUINA y no el algoritmo. Medido en T1: el Autoencoder de 54 features pasó de 37,71 s a 181,91 s entre dos corridas (4,8x) con calidad idéntica al bit y con el recuento de épocas determinista (162 en 54 y 128 en 122). No es una propiedad del algoritmo y no se cita como resultado.","config_ganadora: {'clf__learning_rate': 0.1, 'clf__max_iter': 100} en 7 semilla(s) · {'clf__learning_rate': 0.05, 'clf__max_iter': 300} en 2 semilla(s) · {'clf__learning_rate': 0.1, 'clf__max_iter': 300} en 1 semilla(s)",df30cb2,6bb224c-sucio,2026-08-14T15:15:13
metricas_firmas_semillas.csv,dispersion_de_maquina,122_sin_seleccion,HistGradientBoosting,tiempo_s,10,136.95,14.9147,112.78,165.24,,,,,1 2 3 4 5 6 7 8 9 10,multiclase 4 categorías de ataque sobre los ataques de D2 de tipo conocido,"wall-clock en máquina no dedicada: su sd mide CARGA DE MÁQUINA y no el algoritmo. Medido en T1: el Autoencoder de 54 features pasó de 37,71 s a 181,91 s entre dos corridas (4,8x) con calidad idéntica al bit y con el recuento de épocas determinista (162 en 54 y 128 en 122). No es una propiedad del algoritmo y no se cita como resultado.","config_ganadora: {'clf__learning_rate': 0.1, 'clf__max_iter': 100} en 7 semilla(s) · {'clf__learning_rate': 0.05, 'clf__max_iter': 300} en 2 semilla(s) · {'clf__learning_rate': 0.1, 'clf__max_iter': 300} en 1 semilla(s)",df30cb2,6bb224c-sucio,2026-08-14T15:15:13
metricas_firmas_semillas.csv,dispersion_de_maquina,122_sin_seleccion,KNN,flujos_por_segundo,10,3540.86,160.0837,3340.6,3804.4,,,,,1 2 3 4 5 6 7 8 9 10,multiclase 4 categorías de ataque sobre los ataques de D2 de tipo conocido,"wall-clock en máquina no dedicada: su sd mide CARGA DE MÁQUINA y no el algoritmo. Medido en T1: el Autoencoder de 54 features pasó de 37,71 s a 181,91 s entre dos corridas (4,8x) con calidad idéntica al bit y con el recuento de épocas determinista (162 en 54 y 128 en 122). No es una propiedad del algoritmo y no se cita como resultado.","config_ganadora: {'clf__n_neighbors': 5, 'clf__weights': 'distance'} en 2 semilla(s) · {'clf__n_neighbors': 11, 'clf__weights': 'uniform'} en 2 semilla(s) · {'clf__n_neighbors': 3, 'clf__weights': 'distance'} en 2 semilla(s) · {'clf__n_neighbors': 11, 'clf__weights': 'distance'} en 2 semilla(s) · {'clf__n_neighbors': 3, 'clf__weights': 'uniform'} en 1 semilla(s) · {'clf__n_neighbors': 5, 'clf__weights': 'uniform'} en 1 semilla(s)",df30cb2,6bb224c-sucio,2026-08-14T15:15:13
metricas_firmas_semillas.csv,dispersion_de_maquina,122_sin_seleccion,KNN,latencia_ms_por_flujo,10,0.2829,0.0125,0.2629,0.2993,,,,,1 2 3 4 5 6 7 8 9 10,multiclase 4 categorías de ataque sobre los ataques de D2 de tipo conocido,"wall-clock en máquina no dedicada: su sd mide CARGA DE MÁQUINA y no el algoritmo. Medido en T1: el Autoencoder de 54 features pasó de 37,71 s a 181,91 s entre dos corridas (4,8x) con calidad idéntica al bit y con el recuento de épocas determinista (162 en 54 y 128 en 122). No es una propiedad del algoritmo y no se cita como resultado.","config_ganadora: {'clf__n_neighbors': 5, 'clf__weights': 'distance'} en 2 semilla(s) · {'clf__n_neighbors': 11, 'clf__weights': 'uniform'} en 2 semilla(s) · {'clf__n_neighbors': 3, 'clf__weights': 'distance'} en 2 semilla(s) · {'clf__n_neighbors': 11, 'clf__weights': 'distance'} en 2 semilla(s) · {'clf__n_neighbors': 3, 'clf__weights': 'uniform'} en 1 semilla(s) · {'clf__n_neighbors': 5, 'clf__weights': 'uniform'} en 1 semilla(s)",df30cb2,6bb224c-sucio,2026-08-14T15:15:13
metricas_firmas_semillas.csv,dispersion_de_maquina,122_sin_seleccion,KNN,tiempo_entrenamiento_s,10,79.4062,2.022,77.413,84.262,,,,,1 2 3 4 5 6 7 8 9 10,multiclase 4 categorías de ataque sobre los ataques de D2 de tipo conocido,"wall-clock en máquina no dedicada: su sd mide CARGA DE MÁQUINA y no el algoritmo. Medido en T1: el Autoencoder de 54 features pasó de 37,71 s a 181,91 s entre dos corridas (4,8x) con calidad idéntica al bit y con el recuento de épocas determinista (162 en 54 y 128 en 122). No es una propiedad del algoritmo y no se cita como resultado.","config_ganadora: {'clf__n_neighbors': 5, 'clf__weights': 'distance'} en 2 semilla(s) · {'clf__n_neighbors': 11, 'clf__weights': 'uniform'} en 2 semilla(s) · {'clf__n_neighbors': 3, 'clf__weights': 'distance'} en 2 semilla(s) · {'clf__n_neighbors': 11, 'clf__weights': 'distance'} en 2 semilla(s) · {'clf__n_neighbors': 3, 'clf__weights': 'uniform'} en 1 semilla(s) · {'clf__n_neighbors': 5, 'clf__weights': 'uniform'} en 1 semilla(s)",df30cb2,6bb224c-sucio,2026-08-14T15:15:13
metricas_firmas_semillas.csv,dispersion_de_maquina,122_sin_seleccion,KNN,tiempo_inferencia_s,10,2.5698,0.1139,2.387,2.719,,,,,1 2 3 4 5 6 7 8 9 10,multiclase 4 categorías de ataque sobre los ataques de D2 de tipo conocido,"wall-clock en máquina no dedicada: su sd mide CARGA DE MÁQUINA y no el algoritmo. Medido en T1: el Autoencoder de 54 features pasó de 37,71 s a 181,91 s entre dos corridas (4,8x) con calidad idéntica al bit y con el recuento de épocas determinista (162 en 54 y 128 en 122). No es una propiedad del algoritmo y no se cita como resultado.","config_ganadora: {'clf__n_neighbors': 5, 'clf__weights': 'distance'} en 2 semilla(s) · {'clf__n_neighbors': 11, 'clf__weights': 'uniform'} en 2 semilla(s) · {'clf__n_neighbors': 3, 'clf__weights': 'distance'} en 2 semilla(s) · {'clf__n_neighbors': 11, 'clf__weights': 'distance'} en 2 semilla(s) · {'clf__n_neighbors': 3, 'clf__weights': 'uniform'} en 1 semilla(s) · {'clf__n_neighbors': 5, 'clf__weights': 'uniform'} en 1 semilla(s)",df30cb2,6bb224c-sucio,2026-08-14T15:15:13
metricas_firmas_semillas.csv,dispersion_de_maquina,122_sin_seleccion,KNN,tiempo_s,10,82.325,1.975,80.47,87.17,,,,,1 2 3 4 5 6 7 8 9 10,multiclase 4 categorías de ataque sobre los ataques de D2 de tipo conocido,"wall-clock en máquina no dedicada: su sd mide CARGA DE MÁQUINA y no el algoritmo. Medido en T1: el Autoencoder de 54 features pasó de 37,71 s a 181,91 s entre dos corridas (4,8x) con calidad idéntica al bit y con el recuento de épocas determinista (162 en 54 y 128 en 122). No es una propiedad del algoritmo y no se cita como resultado.","config_ganadora: {'clf__n_neighbors': 5, 'clf__weights': 'distance'} en 2 semilla(s) · {'clf__n_neighbors': 11, 'clf__weights': 'uniform'} en 2 semilla(s) · {'clf__n_neighbors': 3, 'clf__weights': 'distance'} en 2 semilla(s) · {'clf__n_neighbors': 11, 'clf__weights': 'distance'} en 2 semilla(s) · {'clf__n_neighbors': 3, 'clf__weights': 'uniform'} en 1 semilla(s) · {'clf__n_neighbors': 5, 'clf__weights': 'uniform'} en 1 semilla(s)",df30cb2,6bb224c-sucio,2026-08-14T15:15:13
metricas_firmas_semillas.csv,dispersion_de_maquina,122_sin_seleccion,RandomForest,flujos_por_segundo,10,174828.92,62964.6506,115243.8,278223.6,,,,,1 2 3 4 5 6 7 8 9 10,multiclase 4 categorías de ataque sobre los ataques de D2 de tipo conocido,"wall-clock en máquina no dedicada: su sd mide CARGA DE MÁQUINA y no el algoritmo. Medido en T1: el Autoencoder de 54 features pasó de 37,71 s a 181,91 s entre dos corridas (4,8x) con calidad idéntica al bit y con el recuento de épocas determinista (162 en 54 y 128 en 122). No es una propiedad del algoritmo y no se cita como resultado.","balanceo: SMOTE en 6 semilla(s) · class_weight en 4 semilla(s) | config_ganadora: {'clf__max_depth': 10, 'clf__n_estimators': 100} en 2 semilla(s) · {'clf__max_depth': None, 'clf__n_estimators': 300} en 2 semilla(s) · {'max_depth': None, 'n_estimators': 100} en 2 semilla(s) · {'clf__max_depth': 10, 'clf__n_estimators': 300} en 2 semilla(s) · {'max_depth': 10, 'n_estimators': 100} en 1 semilla(s) · {'max_depth': None, 'n_estimators': 300} en 1 semilla(s)",df30cb2,6bb224c-sucio,2026-08-14T15:15:13
metricas_firmas_semillas.csv,dispersion_de_maquina,122_sin_seleccion,RandomForest,latencia_ms_por_flujo,10,0.0064,0.0021,0.0036,0.0087,,,,,1 2 3 4 5 6 7 8 9 10,multiclase 4 categorías de ataque sobre los ataques de D2 de tipo conocido,"wall-clock en máquina no dedicada: su sd mide CARGA DE MÁQUINA y no el algoritmo. Medido en T1: el Autoencoder de 54 features pasó de 37,71 s a 181,91 s entre dos corridas (4,8x) con calidad idéntica al bit y con el recuento de épocas determinista (162 en 54 y 128 en 122). No es una propiedad del algoritmo y no se cita como resultado.","balanceo: SMOTE en 6 semilla(s) · class_weight en 4 semilla(s) | config_ganadora: {'clf__max_depth': 10, 'clf__n_estimators': 100} en 2 semilla(s) · {'clf__max_depth': None, 'clf__n_estimators': 300} en 2 semilla(s) · {'max_depth': None, 'n_estimators': 100} en 2 semilla(s) · {'clf__max_depth': 10, 'clf__n_estimators': 300} en 2 semilla(s) · {'max_depth': 10, 'n_estimators': 100} en 1 semilla(s) · {'max_depth': None, 'n_estimators': 300} en 1 semilla(s)",df30cb2,6bb224c-sucio,2026-08-14T15:15:13
metricas_firmas_semillas.csv,dispersion_de_maquina,122_sin_seleccion,RandomForest,tiempo_entrenamiento_s,10,40.1839,24.8803,10.874,62.099,,,,,1 2 3 4 5 6 7 8 9 10,multiclase 4 categorías de ataque sobre los ataques de D2 de tipo conocido,"wall-clock en máquina no dedicada: su sd mide CARGA DE MÁQUINA y no el algoritmo. Medido en T1: el Autoencoder de 54 features pasó de 37,71 s a 181,91 s entre dos corridas (4,8x) con calidad idéntica al bit y con el recuento de épocas determinista (162 en 54 y 128 en 122). No es una propiedad del algoritmo y no se cita como resultado.","balanceo: SMOTE en 6 semilla(s) · class_weight en 4 semilla(s) | config_ganadora: {'clf__max_depth': 10, 'clf__n_estimators': 100} en 2 semilla(s) · {'clf__max_depth': None, 'clf__n_estimators': 300} en 2 semilla(s) · {'max_depth': None, 'n_estimators': 100} en 2 semilla(s) · {'clf__max_depth': 10, 'clf__n_estimators': 300} en 2 semilla(s) · {'max_depth': 10, 'n_estimators': 100} en 1 semilla(s) · {'max_depth': None, 'n_estimators': 300} en 1 semilla(s)",df30cb2,6bb224c-sucio,2026-08-14T15:15:13
metricas_firmas_semillas.csv,dispersion_de_maquina,122_sin_seleccion,RandomForest,tiempo_inferencia_s,10,0.0581,0.0186,0.033,0.079,,,,,1 2 3 4 5 6 7 8 9 10,multiclase 4 categorías de ataque sobre los ataques de D2 de tipo conocido,"wall-clock en máquina no dedicada: su sd mide CARGA DE MÁQUINA y no el algoritmo. Medido en T1: el Autoencoder de 54 features pasó de 37,71 s a 181,91 s entre dos corridas (4,8x) con calidad idéntica al bit y con el recuento de épocas determinista (162 en 54 y 128 en 122). No es una propiedad del algoritmo y no se cita como resultado.","balanceo: SMOTE en 6 semilla(s) · class_weight en 4 semilla(s) | config_ganadora: {'clf__max_depth': 10, 'clf__n_estimators': 100} en 2 semilla(s) · {'clf__max_depth': None, 'clf__n_estimators': 300} en 2 semilla(s) · {'max_depth': None, 'n_estimators': 100} en 2 semilla(s) · {'clf__max_depth': 10, 'clf__n_estimators': 300} en 2 semilla(s) · {'max_depth': 10, 'n_estimators': 100} en 1 semilla(s) · {'max_depth': None, 'n_estimators': 300} en 1 semilla(s)",df30cb2,6bb224c-sucio,2026-08-14T15:15:13
metricas_firmas_semillas.csv,dispersion_de_maquina,122_sin_seleccion,RandomForest,tiempo_s,10,40.549,24.8946,11.2,62.48,,,,,1 2 3 4 5 6 7 8 9 10,multiclase 4 categorías de ataque sobre los ataques de D2 de tipo conocido,"wall-clock en máquina no dedicada: su sd mide CARGA DE MÁQUINA y no el algoritmo. Medido en T1: el Autoencoder de 54 features pasó de 37,71 s a 181,91 s entre dos corridas (4,8x) con calidad idéntica al bit y con el recuento de épocas determinista (162 en 54 y 128 en 122). No es una propiedad del algoritmo y no se cita como resultado.","balanceo: SMOTE en 6 semilla(s) · class_weight en 4 semilla(s) | config_ganadora: {'clf__max_depth': 10, 'clf__n_estimators': 100} en 2 semilla(s) · {'clf__max_depth': None, 'clf__n_estimators': 300} en 2 semilla(s) · {'max_depth': None, 'n_estimators': 100} en 2 semilla(s) · {'clf__max_depth': 10, 'clf__n_estimators': 300} en 2 semilla(s) · {'max_depth': 10, 'n_estimators': 100} en 1 semilla(s) · {'max_depth': None, 'n_estimators': 300} en 1 semilla(s)",df30cb2,6bb224c-sucio,2026-08-14T15:15:13
metricas_firmas_semillas.csv,dispersion_de_maquina,54,DecisionTree,flujos_por_segundo,10,4166870.56,325600.7992,3769349.0,4656277.1,,,,,1 2 3 4 5 6 7 8 9 10,multiclase 4 categorías de ataque sobre los ataques de D2 de tipo conocido,"wall-clock en máquina no dedicada: su sd mide CARGA DE MÁQUINA y no el algoritmo. Medido en T1: el Autoencoder de 54 features pasó de 37,71 s a 181,91 s entre dos corridas (4,8x) con calidad idéntica al bit y con el recuento de épocas determinista (162 en 54 y 128 en 122). No es una propiedad del algoritmo y no se cita como resultado.","balanceo: SMOTE en 7 semilla(s) · class_weight en 3 semilla(s) | config_ganadora: {'clf__max_depth': 20, 'clf__min_samples_leaf': 1} en 4 semilla(s) · {'max_depth': 20, 'min_samples_leaf': 1} en 2 semilla(s) · {'clf__max_depth': 10, 'clf__min_samples_leaf': 5} en 2 semilla(s) · {'clf__max_depth': 10, 'clf__min_samples_leaf': 1} en 1 semilla(s) · {'max_depth': 10, 'min_samples_leaf': 1} en 1 semilla(s)",df30cb2,6bb224c-sucio,2026-08-14T15:15:13
metricas_firmas_semillas.csv,dispersion_de_maquina,54,DecisionTree,latencia_ms_por_flujo,10,0.0002,0.0,0.0002,0.0003,,,,,1 2 3 4 5 6 7 8 9 10,multiclase 4 categorías de ataque sobre los ataques de D2 de tipo conocido,"wall-clock en máquina no dedicada: su sd mide CARGA DE MÁQUINA y no el algoritmo. Medido en T1: el Autoencoder de 54 features pasó de 37,71 s a 181,91 s entre dos corridas (4,8x) con calidad idéntica al bit y con el recuento de épocas determinista (162 en 54 y 128 en 122). No es una propiedad del algoritmo y no se cita como resultado.","balanceo: SMOTE en 7 semilla(s) · class_weight en 3 semilla(s) | config_ganadora: {'clf__max_depth': 20, 'clf__min_samples_leaf': 1} en 4 semilla(s) · {'max_depth': 20, 'min_samples_leaf': 1} en 2 semilla(s) · {'clf__max_depth': 10, 'clf__min_samples_leaf': 5} en 2 semilla(s) · {'clf__max_depth': 10, 'clf__min_samples_leaf': 1} en 1 semilla(s) · {'max_depth': 10, 'min_samples_leaf': 1} en 1 semilla(s)",df30cb2,6bb224c-sucio,2026-08-14T15:15:13
metricas_firmas_semillas.csv,dispersion_de_maquina,54,DecisionTree,tiempo_entrenamiento_s,10,12.574,7.4287,1.75,17.439,,,,,1 2 3 4 5 6 7 8 9 10,multiclase 4 categorías de ataque sobre los ataques de D2 de tipo conocido,"wall-clock en máquina no dedicada: su sd mide CARGA DE MÁQUINA y no el algoritmo. Medido en T1: el Autoencoder de 54 features pasó de 37,71 s a 181,91 s entre dos corridas (4,8x) con calidad idéntica al bit y con el recuento de épocas determinista (162 en 54 y 128 en 122). No es una propiedad del algoritmo y no se cita como resultado.","balanceo: SMOTE en 7 semilla(s) · class_weight en 3 semilla(s) | config_ganadora: {'clf__max_depth': 20, 'clf__min_samples_leaf': 1} en 4 semilla(s) · {'max_depth': 20, 'min_samples_leaf': 1} en 2 semilla(s) · {'clf__max_depth': 10, 'clf__min_samples_leaf': 5} en 2 semilla(s) · {'clf__max_depth': 10, 'clf__min_samples_leaf': 1} en 1 semilla(s) · {'max_depth': 10, 'min_samples_leaf': 1} en 1 semilla(s)",df30cb2,6bb224c-sucio,2026-08-14T15:15:13
metricas_firmas_semillas.csv,dispersion_de_maquina,54,DecisionTree,tiempo_inferencia_s,10,0.002,0.0,0.002,0.002,,,,,1 2 3 4 5 6 7 8 9 10,multiclase 4 categorías de ataque sobre los ataques de D2 de tipo conocido,"wall-clock en máquina no dedicada: su sd mide CARGA DE MÁQUINA y no el algoritmo. Medido en T1: el Autoencoder de 54 features pasó de 37,71 s a 181,91 s entre dos corridas (4,8x) con calidad idéntica al bit y con el recuento de épocas determinista (162 en 54 y 128 en 122). No es una propiedad del algoritmo y no se cita como resultado.","balanceo: SMOTE en 7 semilla(s) · class_weight en 3 semilla(s) | config_ganadora: {'clf__max_depth': 20, 'clf__min_samples_leaf': 1} en 4 semilla(s) · {'max_depth': 20, 'min_samples_leaf': 1} en 2 semilla(s) · {'clf__max_depth': 10, 'clf__min_samples_leaf': 5} en 2 semilla(s) · {'clf__max_depth': 10, 'clf__min_samples_leaf': 1} en 1 semilla(s) · {'max_depth': 10, 'min_samples_leaf': 1} en 1 semilla(s)",df30cb2,6bb224c-sucio,2026-08-14T15:15:13
metricas_firmas_semillas.csv,dispersion_de_maquina,54,DecisionTree,tiempo_s,10,12.851,7.426,2.04,17.73,,,,,1 2 3 4 5 6 7 8 9 10,multiclase 4 categorías de ataque sobre los ataques de D2 de tipo conocido,"wall-clock en máquina no dedicada: su sd mide CARGA DE MÁQUINA y no el algoritmo. Medido en T1: el Autoencoder de 54 features pasó de 37,71 s a 181,91 s entre dos corridas (4,8x) con calidad idéntica al bit y con el recuento de épocas determinista (162 en 54 y 128 en 122). No es una propiedad del algoritmo y no se cita como resultado.","balanceo: SMOTE en 7 semilla(s) · class_weight en 3 semilla(s) | config_ganadora: {'clf__max_depth': 20, 'clf__min_samples_leaf': 1} en 4 semilla(s) · {'max_depth': 20, 'min_samples_leaf': 1} en 2 semilla(s) · {'clf__max_depth': 10, 'clf__min_samples_leaf': 5} en 2 semilla(s) · {'clf__max_depth': 10, 'clf__min_samples_leaf': 1} en 1 semilla(s) · {'max_depth': 10, 'min_samples_leaf': 1} en 1 semilla(s)",df30cb2,6bb224c-sucio,2026-08-14T15:15:13
metricas_firmas_semillas.csv,dispersion_de_maquina,54,HistGradientBoosting,flujos_por_segundo,10,158198.74,74244.33,71105.9,299890.7,,,,,1 2 3 4 5 6 7 8 9 10,multiclase 4 categorías de ataque sobre los ataques de D2 de tipo conocido,"wall-clock en máquina no dedicada: su sd mide CARGA DE MÁQUINA y no el algoritmo. Medido en T1: el Autoencoder de 54 features pasó de 37,71 s a 181,91 s entre dos corridas (4,8x) con calidad idéntica al bit y con el recuento de épocas determinista (162 en 54 y 128 en 122). No es una propiedad del algoritmo y no se cita como resultado.","config_ganadora: {'clf__learning_rate': 0.05, 'clf__max_iter': 300} en 5 semilla(s) · {'clf__learning_rate': 0.1, 'clf__max_iter': 100} en 3 semilla(s) · {'clf__learning_rate': 0.05, 'clf__max_iter': 100} en 2 semilla(s)",df30cb2,6bb224c-sucio,2026-08-14T15:15:13
metricas_firmas_semillas.csv,dispersion_de_maquina,54,HistGradientBoosting,latencia_ms_por_flujo,10,0.0076,0.0034,0.0033,0.0141,,,,,1 2 3 4 5 6 7 8 9 10,multiclase 4 categorías de ataque sobre los ataques de D2 de tipo conocido,"wall-clock en máquina no dedicada: su sd mide CARGA DE MÁQUINA y no el algoritmo. Medido en T1: el Autoencoder de 54 features pasó de 37,71 s a 181,91 s entre dos corridas (4,8x) con calidad idéntica al bit y con el recuento de épocas determinista (162 en 54 y 128 en 122). No es una propiedad del algoritmo y no se cita como resultado.","config_ganadora: {'clf__learning_rate': 0.05, 'clf__max_iter': 300} en 5 semilla(s) · {'clf__learning_rate': 0.1, 'clf__max_iter': 100} en 3 semilla(s) · {'clf__learning_rate': 0.05, 'clf__max_iter': 100} en 2 semilla(s)",df30cb2,6bb224c-sucio,2026-08-14T15:15:13
metricas_firmas_semillas.csv,dispersion_de_maquina,54,HistGradientBoosting,tiempo_entrenamiento_s,10,69.4763,3.9821,64.733,79.008,,,,,1 2 3 4 5 6 7 8 9 10,multiclase 4 categorías de ataque sobre los ataques de D2 de tipo conocido,"wall-clock en máquina no dedicada: su sd mide CARGA DE MÁQUINA y no el algoritmo. Medido en T1: el Autoencoder de 54 features pasó de 37,71 s a 181,91 s entre dos corridas (4,8x) con calidad idéntica al bit y con el recuento de épocas determinista (162 en 54 y 128 en 122). No es una propiedad del algoritmo y no se cita como resultado.","config_ganadora: {'clf__learning_rate': 0.05, 'clf__max_iter': 300} en 5 semilla(s) · {'clf__learning_rate': 0.1, 'clf__max_iter': 100} en 3 semilla(s) · {'clf__learning_rate': 0.05, 'clf__max_iter': 100} en 2 semilla(s)",df30cb2,6bb224c-sucio,2026-08-14T15:15:13
metricas_firmas_semillas.csv,dispersion_de_maquina,54,HistGradientBoosting,tiempo_inferencia_s,10,0.0693,0.0311,0.03,0.128,,,,,1 2 3 4 5 6 7 8 9 10,multiclase 4 categorías de ataque sobre los ataques de D2 de tipo conocido,"wall-clock en máquina no dedicada: su sd mide CARGA DE MÁQUINA y no el algoritmo. Medido en T1: el Autoencoder de 54 features pasó de 37,71 s a 181,91 s entre dos corridas (4,8x) con calidad idéntica al bit y con el recuento de épocas determinista (162 en 54 y 128 en 122). No es una propiedad del algoritmo y no se cita como resultado.","config_ganadora: {'clf__learning_rate': 0.05, 'clf__max_iter': 300} en 5 semilla(s) · {'clf__learning_rate': 0.1, 'clf__max_iter': 100} en 3 semilla(s) · {'clf__learning_rate': 0.05, 'clf__max_iter': 100} en 2 semilla(s)",df30cb2,6bb224c-sucio,2026-08-14T15:15:13
metricas_firmas_semillas.csv,dispersion_de_maquina,54,HistGradientBoosting,tiempo_s,10,69.905,3.9838,65.16,79.37,,,,,1 2 3 4 5 6 7 8 9 10,multiclase 4 categorías de ataque sobre los ataques de D2 de tipo conocido,"wall-clock en máquina no dedicada: su sd mide CARGA DE MÁQUINA y no el algoritmo. Medido en T1: el Autoencoder de 54 features pasó de 37,71 s a 181,91 s entre dos corridas (4,8x) con calidad idéntica al bit y con el recuento de épocas determinista (162 en 54 y 128 en 122). No es una propiedad del algoritmo y no se cita como resultado.","config_ganadora: {'clf__learning_rate': 0.05, 'clf__max_iter': 300} en 5 semilla(s) · {'clf__learning_rate': 0.1, 'clf__max_iter': 100} en 3 semilla(s) · {'clf__learning_rate': 0.05, 'clf__max_iter': 100} en 2 semilla(s)",df30cb2,6bb224c-sucio,2026-08-14T15:15:13
metricas_firmas_semillas.csv,dispersion_de_maquina,54,KNN,flujos_por_segundo,10,5440.48,243.4515,5076.1,5976.4,,,,,1 2 3 4 5 6 7 8 9 10,multiclase 4 categorías de ataque sobre los ataques de D2 de tipo conocido,"wall-clock en máquina no dedicada: su sd mide CARGA DE MÁQUINA y no el algoritmo. Medido en T1: el Autoencoder de 54 features pasó de 37,71 s a 181,91 s entre dos corridas (4,8x) con calidad idéntica al bit y con el recuento de épocas determinista (162 en 54 y 128 en 122). No es una propiedad del algoritmo y no se cita como resultado.","config_ganadora: {'clf__n_neighbors': 3, 'clf__weights': 'distance'} en 4 semilla(s) · {'clf__n_neighbors': 3, 'clf__weights': 'uniform'} en 2 semilla(s) · {'clf__n_neighbors': 5, 'clf__weights': 'distance'} en 2 semilla(s) · {'clf__n_neighbors': 11, 'clf__weights': 'uniform'} en 1 semilla(s) · {'clf__n_neighbors': 11, 'clf__weights': 'distance'} en 1 semilla(s)",df30cb2,6bb224c-sucio,2026-08-14T15:15:13
metricas_firmas_semillas.csv,dispersion_de_maquina,54,KNN,latencia_ms_por_flujo,10,0.1841,0.008,0.1673,0.197,,,,,1 2 3 4 5 6 7 8 9 10,multiclase 4 categorías de ataque sobre los ataques de D2 de tipo conocido,"wall-clock en máquina no dedicada: su sd mide CARGA DE MÁQUINA y no el algoritmo. Medido en T1: el Autoencoder de 54 features pasó de 37,71 s a 181,91 s entre dos corridas (4,8x) con calidad idéntica al bit y con el recuento de épocas determinista (162 en 54 y 128 en 122). No es una propiedad del algoritmo y no se cita como resultado.","config_ganadora: {'clf__n_neighbors': 3, 'clf__weights': 'distance'} en 4 semilla(s) · {'clf__n_neighbors': 3, 'clf__weights': 'uniform'} en 2 semilla(s) · {'clf__n_neighbors': 5, 'clf__weights': 'distance'} en 2 semilla(s) · {'clf__n_neighbors': 11, 'clf__weights': 'uniform'} en 1 semilla(s) · {'clf__n_neighbors': 11, 'clf__weights': 'distance'} en 1 semilla(s)",df30cb2,6bb224c-sucio,2026-08-14T15:15:13
metricas_firmas_semillas.csv,dispersion_de_maquina,54,KNN,tiempo_entrenamiento_s,10,49.6723,0.9327,48.773,51.608,,,,,1 2 3 4 5 6 7 8 9 10,multiclase 4 categorías de ataque sobre los ataques de D2 de tipo conocido,"wall-clock en máquina no dedicada: su sd mide CARGA DE MÁQUINA y no el algoritmo. Medido en T1: el Autoencoder de 54 features pasó de 37,71 s a 181,91 s entre dos corridas (4,8x) con calidad idéntica al bit y con el recuento de épocas determinista (162 en 54 y 128 en 122). No es una propiedad del algoritmo y no se cita como resultado.","config_ganadora: {'clf__n_neighbors': 3, 'clf__weights': 'distance'} en 4 semilla(s) · {'clf__n_neighbors': 3, 'clf__weights': 'uniform'} en 2 semilla(s) · {'clf__n_neighbors': 5, 'clf__weights': 'distance'} en 2 semilla(s) · {'clf__n_neighbors': 11, 'clf__weights': 'uniform'} en 1 semilla(s) · {'clf__n_neighbors': 11, 'clf__weights': 'distance'} en 1 semilla(s)",df30cb2,6bb224c-sucio,2026-08-14T15:15:13
metricas_firmas_semillas.csv,dispersion_de_maquina,54,KNN,tiempo_inferencia_s,10,1.6725,0.0728,1.52,1.789,,,,,1 2 3 4 5 6 7 8 9 10,multiclase 4 categorías de ataque sobre los ataques de D2 de tipo conocido,"wall-clock en máquina no dedicada: su sd mide CARGA DE MÁQUINA y no el algoritmo. Medido en T1: el Autoencoder de 54 features pasó de 37,71 s a 181,91 s entre dos corridas (4,8x) con calidad idéntica al bit y con el recuento de épocas determinista (162 en 54 y 128 en 122). No es una propiedad del algoritmo y no se cita como resultado.","config_ganadora: {'clf__n_neighbors': 3, 'clf__weights': 'distance'} en 4 semilla(s) · {'clf__n_neighbors': 3, 'clf__weights': 'uniform'} en 2 semilla(s) · {'clf__n_neighbors': 5, 'clf__weights': 'distance'} en 2 semilla(s) · {'clf__n_neighbors': 11, 'clf__weights': 'uniform'} en 1 semilla(s) · {'clf__n_neighbors': 11, 'clf__weights': 'distance'} en 1 semilla(s)",df30cb2,6bb224c-sucio,2026-08-14T15:15:13
metricas_firmas_semillas.csv,dispersion_de_maquina,54,KNN,tiempo_s,10,51.69,0.9371,50.78,53.73,,,,,1 2 3 4 5 6 7 8 9 10,multiclase 4 categorías de ataque sobre los ataques de D2 de tipo conocido,"wall-clock en máquina no dedicada: su sd mide CARGA DE MÁQUINA y no el algoritmo. Medido en T1: el Autoencoder de 54 features pasó de 37,71 s a 181,91 s entre dos corridas (4,8x) con calidad idéntica al bit y con el recuento de épocas determinista (162 en 54 y 128 en 122). No es una propiedad del algoritmo y no se cita como resultado.","config_ganadora: {'clf__n_neighbors': 3, 'clf__weights': 'distance'} en 4 semilla(s) · {'clf__n_neighbors': 3, 'clf__weights': 'uniform'} en 2 semilla(s) · {'clf__n_neighbors': 5, 'clf__weights': 'distance'} en 2 semilla(s) · {'clf__n_neighbors': 11, 'clf__weights': 'uniform'} en 1 semilla(s) · {'clf__n_neighbors': 11, 'clf__weights': 'distance'} en 1 semilla(s)",df30cb2,6bb224c-sucio,2026-08-14T15:15:13
metricas_firmas_semillas.csv,dispersion_de_maquina,54,RandomForest,flujos_por_segundo,10,203763.28,69797.7417,105459.7,277675.0,,,,,1 2 3 4 5 6 7 8 9 10,multiclase 4 categorías de ataque sobre los ataques de D2 de tipo conocido,"wall-clock en máquina no dedicada: su sd mide CARGA DE MÁQUINA y no el algoritmo. Medido en T1: el Autoencoder de 54 features pasó de 37,71 s a 181,91 s entre dos corridas (4,8x) con calidad idéntica al bit y con el recuento de épocas determinista (162 en 54 y 128 en 122). No es una propiedad del algoritmo y no se cita como resultado.","balanceo: SMOTE en 5 semilla(s) · class_weight en 5 semilla(s) | config_ganadora: {'max_depth': None, 'n_estimators': 100} en 3 semilla(s) · {'clf__max_depth': None, 'clf__n_estimators': 100} en 3 semilla(s) · {'clf__max_depth': 10, 'clf__n_estimators': 300} en 1 semilla(s) · {'clf__max_depth': 10, 'clf__n_estimators': 100} en 1 semilla(s) · {'max_depth': 10, 'n_estimators': 100} en 1 semilla(s) · {'max_depth': 10, 'n_estimators': 300} en 1 semilla(s)",df30cb2,6bb224c-sucio,2026-08-14T15:15:13
metricas_firmas_semillas.csv,dispersion_de_maquina,54,RandomForest,latencia_ms_por_flujo,10,0.0056,0.0023,0.0036,0.0095,,,,,1 2 3 4 5 6 7 8 9 10,multiclase 4 categorías de ataque sobre los ataques de D2 de tipo conocido,"wall-clock en máquina no dedicada: su sd mide CARGA DE MÁQUINA y no el algoritmo. Medido en T1: el Autoencoder de 54 features pasó de 37,71 s a 181,91 s entre dos corridas (4,8x) con calidad idéntica al bit y con el recuento de épocas determinista (162 en 54 y 128 en 122). No es una propiedad del algoritmo y no se cita como resultado.","balanceo: SMOTE en 5 semilla(s) · class_weight en 5 semilla(s) | config_ganadora: {'max_depth': None, 'n_estimators': 100} en 3 semilla(s) · {'clf__max_depth': None, 'clf__n_estimators': 100} en 3 semilla(s) · {'clf__max_depth': 10, 'clf__n_estimators': 300} en 1 semilla(s) · {'clf__max_depth': 10, 'clf__n_estimators': 100} en 1 semilla(s) · {'max_depth': 10, 'n_estimators': 100} en 1 semilla(s) · {'max_depth': 10, 'n_estimators': 300} en 1 semilla(s)",df30cb2,6bb224c-sucio,2026-08-14T15:15:13
metricas_firmas_semillas.csv,dispersion_de_maquina,54,RandomForest,tiempo_entrenamiento_s,10,31.6166,23.066,9.428,56.103,,,,,1 2 3 4 5 6 7 8 9 10,multiclase 4 categorías de ataque sobre los ataques de D2 de tipo conocido,"wall-clock en máquina no dedicada: su sd mide CARGA DE MÁQUINA y no el algoritmo. Medido en T1: el Autoencoder de 54 features pasó de 37,71 s a 181,91 s entre dos corridas (4,8x) con calidad idéntica al bit y con el recuento de épocas determinista (162 en 54 y 128 en 122). No es una propiedad del algoritmo y no se cita como resultado.","balanceo: SMOTE en 5 semilla(s) · class_weight en 5 semilla(s) | config_ganadora: {'max_depth': None, 'n_estimators': 100} en 3 semilla(s) · {'clf__max_depth': None, 'clf__n_estimators': 100} en 3 semilla(s) · {'clf__max_depth': 10, 'clf__n_estimators': 300} en 1 semilla(s) · {'clf__max_depth': 10, 'clf__n_estimators': 100} en 1 semilla(s) · {'max_depth': 10, 'n_estimators': 100} en 1 semilla(s) · {'max_depth': 10, 'n_estimators': 300} en 1 semilla(s)",df30cb2,6bb224c-sucio,2026-08-14T15:15:13
metricas_firmas_semillas.csv,dispersion_de_maquina,54,RandomForest,tiempo_inferencia_s,10,0.0507,0.0205,0.033,0.086,,,,,1 2 3 4 5 6 7 8 9 10,multiclase 4 categorías de ataque sobre los ataques de D2 de tipo conocido,"wall-clock en máquina no dedicada: su sd mide CARGA DE MÁQUINA y no el algoritmo. Medido en T1: el Autoencoder de 54 features pasó de 37,71 s a 181,91 s entre dos corridas (4,8x) con calidad idéntica al bit y con el recuento de épocas determinista (162 en 54 y 128 en 122). No es una propiedad del algoritmo y no se cita como resultado.","balanceo: SMOTE en 5 semilla(s) · class_weight en 5 semilla(s) | config_ganadora: {'max_depth': None, 'n_estimators': 100} en 3 semilla(s) · {'clf__max_depth': None, 'clf__n_estimators': 100} en 3 semilla(s) · {'clf__max_depth': 10, 'clf__n_estimators': 300} en 1 semilla(s) · {'clf__max_depth': 10, 'clf__n_estimators': 100} en 1 semilla(s) · {'max_depth': 10, 'n_estimators': 100} en 1 semilla(s) · {'max_depth': 10, 'n_estimators': 300} en 1 semilla(s)",df30cb2,6bb224c-sucio,2026-08-14T15:15:13
metricas_firmas_semillas.csv,dispersion_de_maquina,54,RandomForest,tiempo_s,10,31.997,23.0504,9.76,56.48,,,,,1 2 3 4 5 6 7 8 9 10,multiclase 4 categorías de ataque sobre los ataques de D2 de tipo conocido,"wall-clock en máquina no dedicada: su sd mide CARGA DE MÁQUINA y no el algoritmo. Medido en T1: el Autoencoder de 54 features pasó de 37,71 s a 181,91 s entre dos corridas (4,8x) con calidad idéntica al bit y con el recuento de épocas determinista (162 en 54 y 128 en 122). No es una propiedad del algoritmo y no se cita como resultado.","balanceo: SMOTE en 5 semilla(s) · class_weight en 5 semilla(s) | config_ganadora: {'max_depth': None, 'n_estimators': 100} en 3 semilla(s) · {'clf__max_depth': None, 'clf__n_estimators': 100} en 3 semilla(s) · {'clf__max_depth': 10, 'clf__n_estimators': 300} en 1 semilla(s) · {'clf__max_depth': 10, 'clf__n_estimators': 100} en 1 semilla(s) · {'max_depth': 10, 'n_estimators': 100} en 1 semilla(s) · {'max_depth': 10, 'n_estimators': 300} en 1 semilla(s)",df30cb2,6bb224c-sucio,2026-08-14T15:15:13
metricas_hibrido_semillas.csv,dispersion_de_maquina,122_sin_seleccion,Autoencoder->RandomForest,flujos_por_segundo,10,241264.44,52746.0031,179940.3,327785.0,,,,,1 2 3 4 5 6 7 8 9 10,cascada extremo a extremo (5 clases + unknown) sobre D2 completo; ojo: 'tiempo_entrenamiento_s' aquí es SOLO la calibración de UMBRAL_CONF por OOF sobre D3 — el híbrido no re-entrena las dos etapas. Y ojo también: 'fpr_cascada' y 'bin_fpr' son EL MISMO NÚMERO por construcción y no dos medidas — la etapa 2 solo reclasifica los flujos que la etapa 1 marcó como sospechosos y nunca devuelve uno a 'normal' así que el FPR de la cascada es por fuerza el de la etapa 1; se publican las dos porque P-2 pide el FPR junto al titular de 0-day y H-5 pide el bloque binario completo,"wall-clock en máquina no dedicada: su sd mide CARGA DE MÁQUINA y no el algoritmo. Medido en T1: el Autoencoder de 54 features pasó de 37,71 s a 181,91 s entre dos corridas (4,8x) con calidad idéntica al bit y con el recuento de épocas determinista (162 en 54 y 128 en 122). No es una propiedad del algoritmo y no se cita como resultado.",,df30cb2,6bb224c-sucio,2026-08-14T15:15:13
metricas_hibrido_semillas.csv,dispersion_de_maquina,122_sin_seleccion,Autoencoder->RandomForest,latencia_ms_por_flujo,10,0.0043,0.0009,0.0031,0.0056,,,,,1 2 3 4 5 6 7 8 9 10,cascada extremo a extremo (5 clases + unknown) sobre D2 completo; ojo: 'tiempo_entrenamiento_s' aquí es SOLO la calibración de UMBRAL_CONF por OOF sobre D3 — el híbrido no re-entrena las dos etapas. Y ojo también: 'fpr_cascada' y 'bin_fpr' son EL MISMO NÚMERO por construcción y no dos medidas — la etapa 2 solo reclasifica los flujos que la etapa 1 marcó como sospechosos y nunca devuelve uno a 'normal' así que el FPR de la cascada es por fuerza el de la etapa 1; se publican las dos porque P-2 pide el FPR junto al titular de 0-day y H-5 pide el bloque binario completo,"wall-clock en máquina no dedicada: su sd mide CARGA DE MÁQUINA y no el algoritmo. Medido en T1: el Autoencoder de 54 features pasó de 37,71 s a 181,91 s entre dos corridas (4,8x) con calidad idéntica al bit y con el recuento de épocas determinista (162 en 54 y 128 en 122). No es una propiedad del algoritmo y no se cita como resultado.",,df30cb2,6bb224c-sucio,2026-08-14T15:15:13
metricas_hibrido_semillas.csv,dispersion_de_maquina,122_sin_seleccion,Autoencoder->RandomForest,tiempo_entrenamiento_s,10,14.5081,8.7821,5.279,25.35,,,,,1 2 3 4 5 6 7 8 9 10,cascada extremo a extremo (5 clases + unknown) sobre D2 completo; ojo: 'tiempo_entrenamiento_s' aquí es SOLO la calibración de UMBRAL_CONF por OOF sobre D3 — el híbrido no re-entrena las dos etapas. Y ojo también: 'fpr_cascada' y 'bin_fpr' son EL MISMO NÚMERO por construcción y no dos medidas — la etapa 2 solo reclasifica los flujos que la etapa 1 marcó como sospechosos y nunca devuelve uno a 'normal' así que el FPR de la cascada es por fuerza el de la etapa 1; se publican las dos porque P-2 pide el FPR junto al titular de 0-day y H-5 pide el bloque binario completo,"wall-clock en máquina no dedicada: su sd mide CARGA DE MÁQUINA y no el algoritmo. Medido en T1: el Autoencoder de 54 features pasó de 37,71 s a 181,91 s entre dos corridas (4,8x) con calidad idéntica al bit y con el recuento de épocas determinista (162 en 54 y 128 en 122). No es una propiedad del algoritmo y no se cita como resultado.",,df30cb2,6bb224c-sucio,2026-08-14T15:15:13
metricas_hibrido_semillas.csv,dispersion_de_maquina,122_sin_seleccion,Autoencoder->RandomForest,tiempo_inferencia_s,10,0.0972,0.0199,0.069,0.125,,,,,1 2 3 4 5 6 7 8 9 10,cascada extremo a extremo (5 clases + unknown) sobre D2 completo; ojo: 'tiempo_entrenamiento_s' aquí es SOLO la calibración de UMBRAL_CONF por OOF sobre D3 — el híbrido no re-entrena las dos etapas. Y ojo también: 'fpr_cascada' y 'bin_fpr' son EL MISMO NÚMERO por construcción y no dos medidas — la etapa 2 solo reclasifica los flujos que la etapa 1 marcó como sospechosos y nunca devuelve uno a 'normal' así que el FPR de la cascada es por fuerza el de la etapa 1; se publican las dos porque P-2 pide el FPR junto al titular de 0-day y H-5 pide el bloque binario completo,"wall-clock en máquina no dedicada: su sd mide CARGA DE MÁQUINA y no el algoritmo. Medido en T1: el Autoencoder de 54 features pasó de 37,71 s a 181,91 s entre dos corridas (4,8x) con calidad idéntica al bit y con el recuento de épocas determinista (162 en 54 y 128 en 122). No es una propiedad del algoritmo y no se cita como resultado.",,df30cb2,6bb224c-sucio,2026-08-14T15:15:13
metricas_hibrido_semillas.csv,dispersion_de_maquina,122_sin_seleccion,Autoencoder->RandomForest,tiempo_s,10,16.752,8.8076,7.47,27.59,,,,,1 2 3 4 5 6 7 8 9 10,cascada extremo a extremo (5 clases + unknown) sobre D2 completo; ojo: 'tiempo_entrenamiento_s' aquí es SOLO la calibración de UMBRAL_CONF por OOF sobre D3 — el híbrido no re-entrena las dos etapas. Y ojo también: 'fpr_cascada' y 'bin_fpr' son EL MISMO NÚMERO por construcción y no dos medidas — la etapa 2 solo reclasifica los flujos que la etapa 1 marcó como sospechosos y nunca devuelve uno a 'normal' así que el FPR de la cascada es por fuerza el de la etapa 1; se publican las dos porque P-2 pide el FPR junto al titular de 0-day y H-5 pide el bloque binario completo,"wall-clock en máquina no dedicada: su sd mide CARGA DE MÁQUINA y no el algoritmo. Medido en T1: el Autoencoder de 54 features pasó de 37,71 s a 181,91 s entre dos corridas (4,8x) con calidad idéntica al bit y con el recuento de épocas determinista (162 en 54 y 128 en 122). No es una propiedad del algoritmo y no se cita como resultado.",,df30cb2,6bb224c-sucio,2026-08-14T15:15:13
metricas_hibrido_semillas.csv,dispersion_de_maquina,54,Autoencoder->RandomForest,flujos_por_segundo,10,359484.45,76843.0165,240304.3,432984.7,,,,,1 2 3 4 5 6 7 8 9 10,cascada extremo a extremo (5 clases + unknown) sobre D2 completo; ojo: 'tiempo_entrenamiento_s' aquí es SOLO la calibración de UMBRAL_CONF por OOF sobre D3 — el híbrido no re-entrena las dos etapas. Y ojo también: 'fpr_cascada' y 'bin_fpr' son EL MISMO NÚMERO por construcción y no dos medidas — la etapa 2 solo reclasifica los flujos que la etapa 1 marcó como sospechosos y nunca devuelve uno a 'normal' así que el FPR de la cascada es por fuerza el de la etapa 1; se publican las dos porque P-2 pide el FPR junto al titular de 0-day y H-5 pide el bloque binario completo,"wall-clock en máquina no dedicada: su sd mide CARGA DE MÁQUINA y no el algoritmo. Medido en T1: el Autoencoder de 54 features pasó de 37,71 s a 181,91 s entre dos corridas (4,8x) con calidad idéntica al bit y con el recuento de épocas determinista (162 en 54 y 128 en 122). No es una propiedad del algoritmo y no se cita como resultado.",,df30cb2,6bb224c-sucio,2026-08-14T15:15:13
metricas_hibrido_semillas.csv,dispersion_de_maquina,54,Autoencoder->RandomForest,latencia_ms_por_flujo,10,0.0029,0.0007,0.0023,0.0042,,,,,1 2 3 4 5 6 7 8 9 10,cascada extremo a extremo (5 clases + unknown) sobre D2 completo; ojo: 'tiempo_entrenamiento_s' aquí es SOLO la calibración de UMBRAL_CONF por OOF sobre D3 — el híbrido no re-entrena las dos etapas. Y ojo también: 'fpr_cascada' y 'bin_fpr' son EL MISMO NÚMERO por construcción y no dos medidas — la etapa 2 solo reclasifica los flujos que la etapa 1 marcó como sospechosos y nunca devuelve uno a 'normal' así que el FPR de la cascada es por fuerza el de la etapa 1; se publican las dos porque P-2 pide el FPR junto al titular de 0-day y H-5 pide el bloque binario completo,"wall-clock en máquina no dedicada: su sd mide CARGA DE MÁQUINA y no el algoritmo. Medido en T1: el Autoencoder de 54 features pasó de 37,71 s a 181,91 s entre dos corridas (4,8x) con calidad idéntica al bit y con el recuento de épocas determinista (162 en 54 y 128 en 122). No es una propiedad del algoritmo y no se cita como resultado.",,df30cb2,6bb224c-sucio,2026-08-14T15:15:13
metricas_hibrido_semillas.csv,dispersion_de_maquina,54,Autoencoder->RandomForest,tiempo_entrenamiento_s,10,9.6319,5.2529,5.247,22.369,,,,,1 2 3 4 5 6 7 8 9 10,cascada extremo a extremo (5 clases + unknown) sobre D2 completo; ojo: 'tiempo_entrenamiento_s' aquí es SOLO la calibración de UMBRAL_CONF por OOF sobre D3 — el híbrido no re-entrena las dos etapas. Y ojo también: 'fpr_cascada' y 'bin_fpr' son EL MISMO NÚMERO por construcción y no dos medidas — la etapa 2 solo reclasifica los flujos que la etapa 1 marcó como sospechosos y nunca devuelve uno a 'normal' así que el FPR de la cascada es por fuerza el de la etapa 1; se publican las dos porque P-2 pide el FPR junto al titular de 0-day y H-5 pide el bloque binario completo,"wall-clock en máquina no dedicada: su sd mide CARGA DE MÁQUINA y no el algoritmo. Medido en T1: el Autoencoder de 54 features pasó de 37,71 s a 181,91 s entre dos corridas (4,8x) con calidad idéntica al bit y con el recuento de épocas determinista (162 en 54 y 128 en 122). No es una propiedad del algoritmo y no se cita como resultado.",,df30cb2,6bb224c-sucio,2026-08-14T15:15:13
metricas_hibrido_semillas.csv,dispersion_de_maquina,54,Autoencoder->RandomForest,tiempo_inferencia_s,10,0.0658,0.0166,0.052,0.094,,,,,1 2 3 4 5 6 7 8 9 10,cascada extremo a extremo (5 clases + unknown) sobre D2 completo; ojo: 'tiempo_entrenamiento_s' aquí es SOLO la calibración de UMBRAL_CONF por OOF sobre D3 — el híbrido no re-entrena las dos etapas. Y ojo también: 'fpr_cascada' y 'bin_fpr' son EL MISMO NÚMERO por construcción y no dos medidas — la etapa 2 solo reclasifica los flujos que la etapa 1 marcó como sospechosos y nunca devuelve uno a 'normal' así que el FPR de la cascada es por fuerza el de la etapa 1; se publican las dos porque P-2 pide el FPR junto al titular de 0-day y H-5 pide el bloque binario completo,"wall-clock en máquina no dedicada: su sd mide CARGA DE MÁQUINA y no el algoritmo. Medido en T1: el Autoencoder de 54 features pasó de 37,71 s a 181,91 s entre dos corridas (4,8x) con calidad idéntica al bit y con el recuento de épocas determinista (162 en 54 y 128 en 122). No es una propiedad del algoritmo y no se cita como resultado.",,df30cb2,6bb224c-sucio,2026-08-14T15:15:13
metricas_hibrido_semillas.csv,dispersion_de_maquina,54,Autoencoder->RandomForest,tiempo_s,10,12.135,5.9565,6.96,24.08,,,,,1 2 3 4 5 6 7 8 9 10,cascada extremo a extremo (5 clases + unknown) sobre D2 completo; ojo: 'tiempo_entrenamiento_s' aquí es SOLO la calibración de UMBRAL_CONF por OOF sobre D3 — el híbrido no re-entrena las dos etapas. Y ojo también: 'fpr_cascada' y 'bin_fpr' son EL MISMO NÚMERO por construcción y no dos medidas — la etapa 2 solo reclasifica los flujos que la etapa 1 marcó como sospechosos y nunca devuelve uno a 'normal' así que el FPR de la cascada es por fuerza el de la etapa 1; se publican las dos porque P-2 pide el FPR junto al titular de 0-day y H-5 pide el bloque binario completo,"wall-clock en máquina no dedicada: su sd mide CARGA DE MÁQUINA y no el algoritmo. Medido en T1: el Autoencoder de 54 features pasó de 37,71 s a 181,91 s entre dos corridas (4,8x) con calidad idéntica al bit y con el recuento de épocas determinista (162 en 54 y 128 en 122). No es una propiedad del algoritmo y no se cita como resultado.",,df30cb2,6bb224c-sucio,2026-08-14T15:15:13
