algoritmo,alcance,set_features,sin_seleccion,n_features,balanceo,config_ganadora,f1_macro_cv,accuracy_D2,precision_macro,recall_macro,f1_macro,f1_weighted,n_test,tiempo_s,alcance_tiempo_s,tiempo_entrenamiento_s,tiempo_inferencia_s,n_inferencia,latencia_ms_por_flujo,flujos_por_segundo,precision_dos,recall_dos,f1_dos,soporte_dos,precision_probe,recall_probe,f1_probe,soporte_probe,precision_r2l,recall_r2l,f1_r2l,soporte_r2l,precision_u2r,recall_u2r,f1_u2r,soporte_u2r,semilla,commit,fecha
DecisionTree,multiclase 4 categorías de ataque sobre los ataques de D2 de tipo conocido,54,False,54,SMOTE,"{'clf__max_depth': 20, 'clf__min_samples_leaf': 1}",0.946656,0.882087,0.657087,0.746736,0.652509,0.900115,9083,17.41,'tiempo_s' = el bloque completo del algoritmo. Sus tres tramos en orden de ejecución: (1) el GridSearchCV con el balanceo ganador + el refit sobre todo D3 = 'tiempo_entrenamiento_s' (2) el predict sobre los flujos de D2 de tipo conocido = 'tiempo_inferencia_s' y (3) la cola de evaluar_multiclase + UNA figura —la matriz de confusión 4x4—. El (3) no lleva columna propia porque sale EXACTO restando de 'tiempo_s' las otras dos columnas de tiempo —salvo dos menudencias que caen en la misma ventana: leer busqueda.best_estimator_ y dos print—. NO incluye el mini-experimento de balanceo de 4.3.4 que corre antes y se publica en metricas_balanceo.csv · wall-clock de un pase único en máquina no dedicada: NO es reproducible ni comparable entre corridas y NO es una propiedad del algoritmo — vale como orden de magnitud y como comparación relativa DENTRO de esta misma corrida. La dispersión medida entre corridas y el umbral por debajo del cual una diferencia entre dos filas no significa nada están tabulados en Implementacion/PIPELINE.md sección 'Las columnas de tiempo: qué miden y hasta dónde valen' — anclados al commit de cada corrida y NO aquí a propósito: una cifra dentro del dato no se puede corregir sin re-correr · 'latencia_ms_por_flujo' y 'flujos_por_segundo' miden SOLO el predict/score sobre características ya calculadas y ya en memoria: NO incluyen captura de tráfico · ensamblado del flujo · extracción de las 41 características —donde vive el coste real de un despliegue— así que no son capacidad operativa del sistema,17.153,0.002,9083,0.00026,3841079.3,0.998504,0.929803,0.96293,5741,0.600763,0.997288,0.74983,1106,0.989206,0.708504,0.825649,2199,0.039877,0.351351,0.071625,37,1,df30cb2,2026-08-12T22:13:26
RandomForest,multiclase 4 categorías de ataque sobre los ataques de D2 de tipo conocido,54,False,54,SMOTE,"{'clf__max_depth': 10, 'clf__n_estimators': 100}",0.967808,0.969173,0.804723,0.823423,0.811342,0.969674,9083,52.47,'tiempo_s' = el bloque completo del algoritmo. Sus tres tramos en orden de ejecución: (1) el GridSearchCV con el balanceo ganador + el refit sobre todo D3 = 'tiempo_entrenamiento_s' (2) el predict sobre los flujos de D2 de tipo conocido = 'tiempo_inferencia_s' y (3) la cola de evaluar_multiclase + UNA figura —la matriz de confusión 4x4—. El (3) no lleva columna propia porque sale EXACTO restando de 'tiempo_s' las otras dos columnas de tiempo —salvo dos menudencias que caen en la misma ventana: leer busqueda.best_estimator_ y dos print—. NO incluye el mini-experimento de balanceo de 4.3.4 que corre antes y se publica en metricas_balanceo.csv · wall-clock de un pase único en máquina no dedicada: NO es reproducible ni comparable entre corridas y NO es una propiedad del algoritmo — vale como orden de magnitud y como comparación relativa DENTRO de esta misma corrida. La dispersión medida entre corridas y el umbral por debajo del cual una diferencia entre dos filas no significa nada están tabulados en Implementacion/PIPELINE.md sección 'Las columnas de tiempo: qué miden y hasta dónde valen' — anclados al commit de cada corrida y NO aquí a propósito: una cifra dentro del dato no se puede corregir sin re-correr · 'latencia_ms_por_flujo' y 'flujos_por_segundo' miden SOLO el predict/score sobre características ya calculadas y ya en memoria: NO incluyen captura de tráfico · ensamblado del flujo · extracción de las 41 características —donde vive el coste real de un despliegue— así que no son capacidad operativa del sistema,51.994,0.049,9083,0.005405,185030.5,0.999825,0.996516,0.998168,5741,0.824758,1.0,0.903964,1106,0.988906,0.891769,0.937829,2199,0.405405,0.405405,0.405405,37,1,df30cb2,2026-08-12T22:13:26
KNN,multiclase 4 categorías de ataque sobre los ataques de D2 de tipo conocido,54,False,54,SMOTE,"{'clf__n_neighbors': 3, 'clf__weights': 'distance'}",0.931652,0.952439,0.744262,0.893301,0.766781,0.957006,9083,51.9,'tiempo_s' = el bloque completo del algoritmo. Sus tres tramos en orden de ejecución: (1) el GridSearchCV con el balanceo ganador + el refit sobre todo D3 = 'tiempo_entrenamiento_s' (2) el predict sobre los flujos de D2 de tipo conocido = 'tiempo_inferencia_s' y (3) la cola de evaluar_multiclase + UNA figura —la matriz de confusión 4x4—. El (3) no lleva columna propia porque sale EXACTO restando de 'tiempo_s' las otras dos columnas de tiempo —salvo dos menudencias que caen en la misma ventana: leer busqueda.best_estimator_ y dos print—. NO incluye el mini-experimento de balanceo de 4.3.4 que corre antes y se publica en metricas_balanceo.csv · wall-clock de un pase único en máquina no dedicada: NO es reproducible ni comparable entre corridas y NO es una propiedad del algoritmo — vale como orden de magnitud y como comparación relativa DENTRO de esta misma corrida. La dispersión medida entre corridas y el umbral por debajo del cual una diferencia entre dos filas no significa nada están tabulados en Implementacion/PIPELINE.md sección 'Las columnas de tiempo: qué miden y hasta dónde valen' — anclados al commit de cada corrida y NO aquí a propósito: una cifra dentro del dato no se puede corregir sin re-correr · 'latencia_ms_por_flujo' y 'flujos_por_segundo' miden SOLO el predict/score sobre características ya calculadas y ya en memoria: NO incluyen captura de tráfico · ensamblado del flujo · extracción de las 41 características —donde vive el coste real de un despliegue— así que no son capacidad operativa del sistema,49.766,1.789,9083,0.197,5076.1,0.991489,0.994252,0.992868,5741,0.827715,0.999096,0.905367,1106,0.995052,0.823101,0.900946,2199,0.162791,0.756757,0.267943,37,1,df30cb2,2026-08-12T22:13:27
HistGradientBoosting,multiclase 4 categorías de ataque sobre los ataques de D2 de tipo conocido,54,False,54,SMOTE,"{'clf__learning_rate': 0.05, 'clf__max_iter': 300}",0.962403,0.945833,0.760627,0.835791,0.784156,0.948213,9083,72.3,'tiempo_s' = el bloque completo del algoritmo. Sus tres tramos en orden de ejecución: (1) el GridSearchCV con el balanceo ganador + el refit sobre todo D3 = 'tiempo_entrenamiento_s' (2) el predict sobre los flujos de D2 de tipo conocido = 'tiempo_inferencia_s' y (3) la cola de evaluar_multiclase + UNA figura —la matriz de confusión 4x4—. El (3) no lleva columna propia porque sale EXACTO restando de 'tiempo_s' las otras dos columnas de tiempo —salvo dos menudencias que caen en la misma ventana: leer busqueda.best_estimator_ y dos print—. NO incluye el mini-experimento de balanceo de 4.3.4 que corre antes y se publica en metricas_balanceo.csv · wall-clock de un pase único en máquina no dedicada: NO es reproducible ni comparable entre corridas y NO es una propiedad del algoritmo — vale como orden de magnitud y como comparación relativa DENTRO de esta misma corrida. La dispersión medida entre corridas y el umbral por debajo del cual una diferencia entre dos filas no significa nada están tabulados en Implementacion/PIPELINE.md sección 'Las columnas de tiempo: qué miden y hasta dónde valen' — anclados al commit de cada corrida y NO aquí a propósito: una cifra dentro del dato no se puede corregir sin re-correr · 'latencia_ms_por_flujo' y 'flujos_por_segundo' miden SOLO el predict/score sobre características ya calculadas y ya en memoria: NO incluyen captura de tráfico · ensamblado del flujo · extracción de las 41 características —donde vive el coste real de un despliegue— así que no son capacidad operativa del sistema,71.674,0.128,9083,0.014064,71105.9,0.999471,0.988155,0.993781,5741,0.717999,0.999096,0.835539,1106,0.991704,0.815371,0.894934,2199,0.333333,0.540541,0.412371,37,1,df30cb2,2026-08-12T22:13:27
DecisionTree,multiclase 4 categorías de ataque sobre los ataques de D2 de tipo conocido,122_sin_seleccion,True,122,SMOTE,"{'clf__max_depth': 20, 'clf__min_samples_leaf': 1}",0.967307,0.869867,0.651508,0.724169,0.640043,0.891985,9083,25.92,'tiempo_s' = el bloque completo del algoritmo. Sus tres tramos en orden de ejecución: (1) el GridSearchCV con el balanceo ganador + el refit sobre todo D3 = 'tiempo_entrenamiento_s' (2) el predict sobre los flujos de D2 de tipo conocido = 'tiempo_inferencia_s' y (3) la cola de evaluar_multiclase + UNA figura —la matriz de confusión 4x4—. El (3) no lleva columna propia porque sale EXACTO restando de 'tiempo_s' las otras dos columnas de tiempo —salvo dos menudencias que caen en la misma ventana: leer busqueda.best_estimator_ y dos print—. NO incluye el mini-experimento de balanceo de 4.3.4 que corre antes y se publica en metricas_balanceo.csv · wall-clock de un pase único en máquina no dedicada: NO es reproducible ni comparable entre corridas y NO es una propiedad del algoritmo — vale como orden de magnitud y como comparación relativa DENTRO de esta misma corrida. La dispersión medida entre corridas y el umbral por debajo del cual una diferencia entre dos filas no significa nada están tabulados en Implementacion/PIPELINE.md sección 'Las columnas de tiempo: qué miden y hasta dónde valen' — anclados al commit de cada corrida y NO aquí a propósito: una cifra dentro del dato no se puede corregir sin re-correr · 'latencia_ms_por_flujo' y 'flujos_por_segundo' miden SOLO el predict/score sobre características ya calculadas y ya en memoria: NO incluyen captura de tráfico · ensamblado del flujo · extracción de las 41 características —donde vive el coste real de un despliegue— así que no son capacidad operativa del sistema,25.624,0.005,9083,0.000498,2009335.4,0.998111,0.920397,0.95768,5741,0.597283,0.993671,0.746096,1106,0.984324,0.685312,0.808043,2199,0.026316,0.297297,0.048352,37,1,df30cb2,2026-08-12T22:24:48
RandomForest,multiclase 4 categorías de ataque sobre los ataques de D2 de tipo conocido,122_sin_seleccion,True,122,SMOTE,"{'clf__max_depth': 10, 'clf__n_estimators': 100}",0.971763,0.973357,0.782223,0.870758,0.811732,0.975097,9083,57.65,'tiempo_s' = el bloque completo del algoritmo. Sus tres tramos en orden de ejecución: (1) el GridSearchCV con el balanceo ganador + el refit sobre todo D3 = 'tiempo_entrenamiento_s' (2) el predict sobre los flujos de D2 de tipo conocido = 'tiempo_inferencia_s' y (3) la cola de evaluar_multiclase + UNA figura —la matriz de confusión 4x4—. El (3) no lleva columna propia porque sale EXACTO restando de 'tiempo_s' las otras dos columnas de tiempo —salvo dos menudencias que caen en la misma ventana: leer busqueda.best_estimator_ y dos print—. NO incluye el mini-experimento de balanceo de 4.3.4 que corre antes y se publica en metricas_balanceo.csv · wall-clock de un pase único en máquina no dedicada: NO es reproducible ni comparable entre corridas y NO es una propiedad del algoritmo — vale como orden de magnitud y como comparación relativa DENTRO de esta misma corrida. La dispersión medida entre corridas y el umbral por debajo del cual una diferencia entre dos filas no significa nada están tabulados en Implementacion/PIPELINE.md sección 'Las columnas de tiempo: qué miden y hasta dónde valen' — anclados al commit de cada corrida y NO aquí a propósito: una cifra dentro del dato no se puede corregir sin re-correr · 'latencia_ms_por_flujo' y 'flujos_por_segundo' miden SOLO el predict/score sobre características ya calculadas y ya en memoria: NO incluyen captura de tráfico · ensamblado del flujo · extracción de las 41 características —donde vive el coste real de un despliegue— así que no son capacidad operativa del sistema,57.281,0.047,9083,0.005127,195031.8,1.0,0.988678,0.994307,5741,0.867451,1.0,0.929021,1106,0.99221,0.926785,0.958382,2199,0.269231,0.567568,0.365217,37,1,df30cb2,2026-08-12T22:24:48
KNN,multiclase 4 categorías de ataque sobre los ataques de D2 de tipo conocido,122_sin_seleccion,True,122,SMOTE,"{'clf__n_neighbors': 5, 'clf__weights': 'distance'}",0.937419,0.952879,0.745646,0.894598,0.757582,0.960907,9083,80.99,'tiempo_s' = el bloque completo del algoritmo. Sus tres tramos en orden de ejecución: (1) el GridSearchCV con el balanceo ganador + el refit sobre todo D3 = 'tiempo_entrenamiento_s' (2) el predict sobre los flujos de D2 de tipo conocido = 'tiempo_inferencia_s' y (3) la cola de evaluar_multiclase + UNA figura —la matriz de confusión 4x4—. El (3) no lleva columna propia porque sale EXACTO restando de 'tiempo_s' las otras dos columnas de tiempo —salvo dos menudencias que caen en la misma ventana: leer busqueda.best_estimator_ y dos print—. NO incluye el mini-experimento de balanceo de 4.3.4 que corre antes y se publica en metricas_balanceo.csv · wall-clock de un pase único en máquina no dedicada: NO es reproducible ni comparable entre corridas y NO es una propiedad del algoritmo — vale como orden de magnitud y como comparación relativa DENTRO de esta misma corrida. La dispersión medida entre corridas y el umbral por debajo del cual una diferencia entre dos filas no significa nada están tabulados en Implementacion/PIPELINE.md sección 'Las columnas de tiempo: qué miden y hasta dónde valen' — anclados al commit de cada corrida y NO aquí a propósito: una cifra dentro del dato no se puede corregir sin re-correr · 'latencia_ms_por_flujo' y 'flujos_por_segundo' miden SOLO el predict/score sobre características ya calculadas y ya en memoria: NO incluyen captura de tráfico · ensamblado del flujo · extracción de las 41 características —donde vive el coste real de un despliegue— así que no son capacidad operativa del sistema,77.966,2.674,9083,0.294427,3396.4,0.990781,0.992162,0.991471,5741,0.884708,0.999096,0.938429,1106,0.995095,0.830377,0.905305,2199,0.112,0.756757,0.195122,37,1,df30cb2,2026-08-12T22:24:48
HistGradientBoosting,multiclase 4 categorías de ataque sobre los ataques de D2 de tipo conocido,122_sin_seleccion,True,122,SMOTE,"{'clf__learning_rate': 0.1, 'clf__max_iter': 100}",0.966037,0.938456,0.712979,0.814116,0.731476,0.942866,9083,126.37,'tiempo_s' = el bloque completo del algoritmo. Sus tres tramos en orden de ejecución: (1) el GridSearchCV con el balanceo ganador + el refit sobre todo D3 = 'tiempo_entrenamiento_s' (2) el predict sobre los flujos de D2 de tipo conocido = 'tiempo_inferencia_s' y (3) la cola de evaluar_multiclase + UNA figura —la matriz de confusión 4x4—. El (3) no lleva columna propia porque sale EXACTO restando de 'tiempo_s' las otras dos columnas de tiempo —salvo dos menudencias que caen en la misma ventana: leer busqueda.best_estimator_ y dos print—. NO incluye el mini-experimento de balanceo de 4.3.4 que corre antes y se publica en metricas_balanceo.csv · wall-clock de un pase único en máquina no dedicada: NO es reproducible ni comparable entre corridas y NO es una propiedad del algoritmo — vale como orden de magnitud y como comparación relativa DENTRO de esta misma corrida. La dispersión medida entre corridas y el umbral por debajo del cual una diferencia entre dos filas no significa nada están tabulados en Implementacion/PIPELINE.md sección 'Las columnas de tiempo: qué miden y hasta dónde valen' — anclados al commit de cada corrida y NO aquí a propósito: una cifra dentro del dato no se puede corregir sin re-correr · 'latencia_ms_por_flujo' y 'flujos_por_segundo' miden SOLO el predict/score sobre características ya calculadas y ya en memoria: NO incluyen captura de tráfico · ensamblado del flujo · extracción de las 41 características —donde vive el coste real de un despliegue— así que no son capacidad operativa del sistema,125.966,0.045,9083,0.004946,202179.6,0.999824,0.990071,0.994924,5741,0.718466,0.999096,0.835855,1106,0.989625,0.780809,0.872903,2199,0.144,0.486486,0.222222,37,1,df30cb2,2026-08-12T22:24:48
DecisionTree,multiclase 4 categorías de ataque sobre los ataques de D2 de tipo conocido,54,False,54,SMOTE,"{'clf__max_depth': 20, 'clf__min_samples_leaf': 1}",0.953289,0.898822,0.728635,0.752606,0.7167,0.903997,9083,17.39,'tiempo_s' = el bloque completo del algoritmo. Sus tres tramos en orden de ejecución: (1) el GridSearchCV con el balanceo ganador + el refit sobre todo D3 = 'tiempo_entrenamiento_s' (2) el predict sobre los flujos de D2 de tipo conocido = 'tiempo_inferencia_s' y (3) la cola de evaluar_multiclase + UNA figura —la matriz de confusión 4x4—. El (3) no lleva columna propia porque sale EXACTO restando de 'tiempo_s' las otras dos columnas de tiempo —salvo dos menudencias que caen en la misma ventana: leer busqueda.best_estimator_ y dos print—. NO incluye el mini-experimento de balanceo de 4.3.4 que corre antes y se publica en metricas_balanceo.csv · wall-clock de un pase único en máquina no dedicada: NO es reproducible ni comparable entre corridas y NO es una propiedad del algoritmo — vale como orden de magnitud y como comparación relativa DENTRO de esta misma corrida. La dispersión medida entre corridas y el umbral por debajo del cual una diferencia entre dos filas no significa nada están tabulados en Implementacion/PIPELINE.md sección 'Las columnas de tiempo: qué miden y hasta dónde valen' — anclados al commit de cada corrida y NO aquí a propósito: una cifra dentro del dato no se puede corregir sin re-correr · 'latencia_ms_por_flujo' y 'flujos_por_segundo' miden SOLO el predict/score sobre características ya calculadas y ya en memoria: NO incluyen captura de tráfico · ensamblado del flujo · extracción de las 41 características —donde vive el coste real de un despliegue— así que no son capacidad operativa del sistema,17.102,0.002,9083,0.000265,3769349.0,0.999464,0.974917,0.987038,5741,0.557576,0.998192,0.715489,1106,0.989078,0.658936,0.790939,2199,0.368421,0.378378,0.373333,37,2,df30cb2,2026-08-12T22:31:15
RandomForest,multiclase 4 categorías de ataque sobre los ataques de D2 de tipo conocido,54,False,54,SMOTE,"{'clf__max_depth': 10, 'clf__n_estimators': 300}",0.977175,0.970494,0.80661,0.825208,0.813462,0.970987,9083,56.48,'tiempo_s' = el bloque completo del algoritmo. Sus tres tramos en orden de ejecución: (1) el GridSearchCV con el balanceo ganador + el refit sobre todo D3 = 'tiempo_entrenamiento_s' (2) el predict sobre los flujos de D2 de tipo conocido = 'tiempo_inferencia_s' y (3) la cola de evaluar_multiclase + UNA figura —la matriz de confusión 4x4—. El (3) no lleva columna propia porque sale EXACTO restando de 'tiempo_s' las otras dos columnas de tiempo —salvo dos menudencias que caen en la misma ventana: leer busqueda.best_estimator_ y dos print—. NO incluye el mini-experimento de balanceo de 4.3.4 que corre antes y se publica en metricas_balanceo.csv · wall-clock de un pase único en máquina no dedicada: NO es reproducible ni comparable entre corridas y NO es una propiedad del algoritmo — vale como orden de magnitud y como comparación relativa DENTRO de esta misma corrida. La dispersión medida entre corridas y el umbral por debajo del cual una diferencia entre dos filas no significa nada están tabulados en Implementacion/PIPELINE.md sección 'Las columnas de tiempo: qué miden y hasta dónde valen' — anclados al commit de cada corrida y NO aquí a propósito: una cifra dentro del dato no se puede corregir sin re-correr · 'latencia_ms_por_flujo' y 'flujos_por_segundo' miden SOLO el predict/score sobre características ya calculadas y ya en memoria: NO incluyen captura de tráfico · ensamblado del flujo · extracción de las 41 características —donde vive el coste real de un despliegue— así que no son capacidad operativa del sistema,56.103,0.076,9083,0.008391,119181.0,0.999825,0.995471,0.997643,5741,0.832205,1.0,0.908419,1106,0.989005,0.899955,0.942381,2199,0.405405,0.405405,0.405405,37,2,df30cb2,2026-08-12T22:31:15
KNN,multiclase 4 categorías de ataque sobre los ataques de D2 de tipo conocido,54,False,54,SMOTE,"{'clf__n_neighbors': 11, 'clf__weights': 'distance'}",0.939226,0.960586,0.763411,0.901153,0.779579,0.965652,9083,50.92,'tiempo_s' = el bloque completo del algoritmo. Sus tres tramos en orden de ejecución: (1) el GridSearchCV con el balanceo ganador + el refit sobre todo D3 = 'tiempo_entrenamiento_s' (2) el predict sobre los flujos de D2 de tipo conocido = 'tiempo_inferencia_s' y (3) la cola de evaluar_multiclase + UNA figura —la matriz de confusión 4x4—. El (3) no lleva columna propia porque sale EXACTO restando de 'tiempo_s' las otras dos columnas de tiempo —salvo dos menudencias que caen en la misma ventana: leer busqueda.best_estimator_ y dos print—. NO incluye el mini-experimento de balanceo de 4.3.4 que corre antes y se publica en metricas_balanceo.csv · wall-clock de un pase único en máquina no dedicada: NO es reproducible ni comparable entre corridas y NO es una propiedad del algoritmo — vale como orden de magnitud y como comparación relativa DENTRO de esta misma corrida. La dispersión medida entre corridas y el umbral por debajo del cual una diferencia entre dos filas no significa nada están tabulados en Implementacion/PIPELINE.md sección 'Las columnas de tiempo: qué miden y hasta dónde valen' — anclados al commit de cada corrida y NO aquí a propósito: una cifra dentro del dato no se puede corregir sin re-correr · 'latencia_ms_por_flujo' y 'flujos_por_segundo' miden SOLO el predict/score sobre características ya calculadas y ya en memoria: NO incluyen captura de tráfico · ensamblado del flujo · extracción de las 41 características —donde vive el coste real de un despliegue— así que no son capacidad operativa del sistema,48.92,1.653,9083,0.182,5494.5,0.982468,0.995645,0.989013,5741,0.927013,0.999096,0.961706,1106,0.995225,0.853115,0.918707,2199,0.148936,0.756757,0.248889,37,2,df30cb2,2026-08-12T22:31:16
HistGradientBoosting,multiclase 4 categorías de ataque sobre los ataques de D2 de tipo conocido,54,False,54,SMOTE,"{'clf__learning_rate': 0.05, 'clf__max_iter': 300}",0.960298,0.953319,0.783107,0.834634,0.800625,0.954822,9083,66.33,'tiempo_s' = el bloque completo del algoritmo. Sus tres tramos en orden de ejecución: (1) el GridSearchCV con el balanceo ganador + el refit sobre todo D3 = 'tiempo_entrenamiento_s' (2) el predict sobre los flujos de D2 de tipo conocido = 'tiempo_inferencia_s' y (3) la cola de evaluar_multiclase + UNA figura —la matriz de confusión 4x4—. El (3) no lleva columna propia porque sale EXACTO restando de 'tiempo_s' las otras dos columnas de tiempo —salvo dos menudencias que caen en la misma ventana: leer busqueda.best_estimator_ y dos print—. NO incluye el mini-experimento de balanceo de 4.3.4 que corre antes y se publica en metricas_balanceo.csv · wall-clock de un pase único en máquina no dedicada: NO es reproducible ni comparable entre corridas y NO es una propiedad del algoritmo — vale como orden de magnitud y como comparación relativa DENTRO de esta misma corrida. La dispersión medida entre corridas y el umbral por debajo del cual una diferencia entre dos filas no significa nada están tabulados en Implementacion/PIPELINE.md sección 'Las columnas de tiempo: qué miden y hasta dónde valen' — anclados al commit de cada corrida y NO aquí a propósito: una cifra dentro del dato no se puede corregir sin re-correr · 'latencia_ms_por_flujo' y 'flujos_por_segundo' miden SOLO el predict/score sobre características ya calculadas y ya en memoria: NO incluyen captura de tráfico · ensamblado del flujo · extracción de las 41 características —donde vive el coste real de un despliegue— así que no son capacidad operativa del sistema,65.906,0.067,9083,0.007335,136335.1,0.99965,0.993729,0.996681,5741,0.745614,0.999096,0.853941,1106,0.991333,0.832196,0.904821,2199,0.395833,0.513514,0.447059,37,2,df30cb2,2026-08-12T22:31:16
DecisionTree,multiclase 4 categorías de ataque sobre los ataques de D2 de tipo conocido,122_sin_seleccion,True,122,SMOTE,"{'clf__max_depth': 10, 'clf__min_samples_leaf': 1}",0.963476,0.837719,0.650531,0.680018,0.599725,0.8366,9083,27.25,'tiempo_s' = el bloque completo del algoritmo. Sus tres tramos en orden de ejecución: (1) el GridSearchCV con el balanceo ganador + el refit sobre todo D3 = 'tiempo_entrenamiento_s' (2) el predict sobre los flujos de D2 de tipo conocido = 'tiempo_inferencia_s' y (3) la cola de evaluar_multiclase + UNA figura —la matriz de confusión 4x4—. El (3) no lleva columna propia porque sale EXACTO restando de 'tiempo_s' las otras dos columnas de tiempo —salvo dos menudencias que caen en la misma ventana: leer busqueda.best_estimator_ y dos print—. NO incluye el mini-experimento de balanceo de 4.3.4 que corre antes y se publica en metricas_balanceo.csv · wall-clock de un pase único en máquina no dedicada: NO es reproducible ni comparable entre corridas y NO es una propiedad del algoritmo — vale como orden de magnitud y como comparación relativa DENTRO de esta misma corrida. La dispersión medida entre corridas y el umbral por debajo del cual una diferencia entre dos filas no significa nada están tabulados en Implementacion/PIPELINE.md sección 'Las columnas de tiempo: qué miden y hasta dónde valen' — anclados al commit de cada corrida y NO aquí a propósito: una cifra dentro del dato no se puede corregir sin re-correr · 'latencia_ms_por_flujo' y 'flujos_por_segundo' miden SOLO el predict/score sobre características ya calculadas y ya en memoria: NO incluyen captura de tráfico · ensamblado del flujo · extracción de las 41 características —donde vive el coste real de un despliegue— así que no son capacidad operativa del sistema,26.981,0.003,9083,0.000364,2745518.9,0.999468,0.981711,0.99051,5741,0.441553,0.997288,0.612098,1106,0.980549,0.389723,0.557761,2199,0.180556,0.351351,0.238532,37,2,df30cb2,2026-08-12T22:40:33
RandomForest,multiclase 4 categorías de ataque sobre los ataques de D2 de tipo conocido,122_sin_seleccion,True,122,SMOTE,"{'clf__max_depth': None, 'clf__n_estimators': 300}",0.976023,0.901795,0.760401,0.798894,0.75466,0.905712,9083,61.2,'tiempo_s' = el bloque completo del algoritmo. Sus tres tramos en orden de ejecución: (1) el GridSearchCV con el balanceo ganador + el refit sobre todo D3 = 'tiempo_entrenamiento_s' (2) el predict sobre los flujos de D2 de tipo conocido = 'tiempo_inferencia_s' y (3) la cola de evaluar_multiclase + UNA figura —la matriz de confusión 4x4—. El (3) no lleva columna propia porque sale EXACTO restando de 'tiempo_s' las otras dos columnas de tiempo —salvo dos menudencias que caen en la misma ventana: leer busqueda.best_estimator_ y dos print—. NO incluye el mini-experimento de balanceo de 4.3.4 que corre antes y se publica en metricas_balanceo.csv · wall-clock de un pase único en máquina no dedicada: NO es reproducible ni comparable entre corridas y NO es una propiedad del algoritmo — vale como orden de magnitud y como comparación relativa DENTRO de esta misma corrida. La dispersión medida entre corridas y el umbral por debajo del cual una diferencia entre dos filas no significa nada están tabulados en Implementacion/PIPELINE.md sección 'Las columnas de tiempo: qué miden y hasta dónde valen' — anclados al commit de cada corrida y NO aquí a propósito: una cifra dentro del dato no se puede corregir sin re-correr · 'latencia_ms_por_flujo' y 'flujos_por_segundo' miden SOLO el predict/score sobre características ya calculadas y ya en memoria: NO incluyen captura de tráfico · ensamblado del flujo · extracción de las 41 características —donde vive el coste real de un despliegue— así que no son capacidad operativa del sistema,60.816,0.078,9083,0.008633,115832.4,0.999823,0.983627,0.991659,5741,0.564574,1.0,0.721697,1106,0.988835,0.644384,0.780286,2199,0.488372,0.567568,0.525,37,2,df30cb2,2026-08-12T22:40:33
KNN,multiclase 4 categorías de ataque sobre los ataques de D2 de tipo conocido,122_sin_seleccion,True,122,SMOTE,"{'clf__n_neighbors': 3, 'clf__weights': 'uniform'}",0.949812,0.945943,0.735407,0.887997,0.747879,0.953746,9083,81.39,'tiempo_s' = el bloque completo del algoritmo. Sus tres tramos en orden de ejecución: (1) el GridSearchCV con el balanceo ganador + el refit sobre todo D3 = 'tiempo_entrenamiento_s' (2) el predict sobre los flujos de D2 de tipo conocido = 'tiempo_inferencia_s' y (3) la cola de evaluar_multiclase + UNA figura —la matriz de confusión 4x4—. El (3) no lleva columna propia porque sale EXACTO restando de 'tiempo_s' las otras dos columnas de tiempo —salvo dos menudencias que caen en la misma ventana: leer busqueda.best_estimator_ y dos print—. NO incluye el mini-experimento de balanceo de 4.3.4 que corre antes y se publica en metricas_balanceo.csv · wall-clock de un pase único en máquina no dedicada: NO es reproducible ni comparable entre corridas y NO es una propiedad del algoritmo — vale como orden de magnitud y como comparación relativa DENTRO de esta misma corrida. La dispersión medida entre corridas y el umbral por debajo del cual una diferencia entre dos filas no significa nada están tabulados en Implementacion/PIPELINE.md sección 'Las columnas de tiempo: qué miden y hasta dónde valen' — anclados al commit de cada corrida y NO aquí a propósito: una cifra dentro del dato no se puede corregir sin re-correr · 'latencia_ms_por_flujo' y 'flujos_por_segundo' miden SOLO el predict/score sobre características ya calculadas y ya en memoria: NO incluyen captura de tráfico · ensamblado del flujo · extracción de las 41 características —donde vive el coste real de un despliegue— así que no son capacidad operativa del sistema,78.523,2.506,9083,0.275892,3624.6,0.990078,0.990768,0.990423,5741,0.844156,0.999096,0.915114,1106,0.994944,0.805366,0.890173,2199,0.11245,0.756757,0.195804,37,2,df30cb2,2026-08-12T22:40:33
HistGradientBoosting,multiclase 4 categorías de ataque sobre los ataques de D2 de tipo conocido,122_sin_seleccion,True,122,SMOTE,"{'clf__learning_rate': 0.1, 'clf__max_iter': 100}",0.965864,0.916107,0.694288,0.811668,0.689594,0.928336,9083,135.82,'tiempo_s' = el bloque completo del algoritmo. Sus tres tramos en orden de ejecución: (1) el GridSearchCV con el balanceo ganador + el refit sobre todo D3 = 'tiempo_entrenamiento_s' (2) el predict sobre los flujos de D2 de tipo conocido = 'tiempo_inferencia_s' y (3) la cola de evaluar_multiclase + UNA figura —la matriz de confusión 4x4—. El (3) no lleva columna propia porque sale EXACTO restando de 'tiempo_s' las otras dos columnas de tiempo —salvo dos menudencias que caen en la misma ventana: leer busqueda.best_estimator_ y dos print—. NO incluye el mini-experimento de balanceo de 4.3.4 que corre antes y se publica en metricas_balanceo.csv · wall-clock de un pase único en máquina no dedicada: NO es reproducible ni comparable entre corridas y NO es una propiedad del algoritmo — vale como orden de magnitud y como comparación relativa DENTRO de esta misma corrida. La dispersión medida entre corridas y el umbral por debajo del cual una diferencia entre dos filas no significa nada están tabulados en Implementacion/PIPELINE.md sección 'Las columnas de tiempo: qué miden y hasta dónde valen' — anclados al commit de cada corrida y NO aquí a propósito: una cifra dentro del dato no se puede corregir sin re-correr · 'latencia_ms_por_flujo' y 'flujos_por_segundo' miden SOLO el predict/score sobre características ya calculadas y ya en memoria: NO incluyen captura de tráfico · ensamblado del flujo · extracción de las 41 características —donde vive el coste real de un despliegue— así que no son capacidad operativa del sistema,135.411,0.042,9083,0.004613,216798.7,0.999472,0.98833,0.993869,5741,0.726974,0.999096,0.841584,1106,0.990879,0.691678,0.814676,2199,0.059829,0.567568,0.108247,37,2,df30cb2,2026-08-12T22:40:33
DecisionTree,multiclase 4 categorías de ataque sobre los ataques de D2 de tipo conocido,54,False,54,class_weight,"{'max_depth': 20, 'min_samples_leaf': 1}",0.963734,0.914125,0.757542,0.766674,0.744749,0.921134,9083,2.04,'tiempo_s' = el bloque completo del algoritmo. Sus tres tramos en orden de ejecución: (1) el GridSearchCV con el balanceo ganador + el refit sobre todo D3 = 'tiempo_entrenamiento_s' (2) el predict sobre los flujos de D2 de tipo conocido = 'tiempo_inferencia_s' y (3) la cola de evaluar_multiclase + UNA figura —la matriz de confusión 4x4—. El (3) no lleva columna propia porque sale EXACTO restando de 'tiempo_s' las otras dos columnas de tiempo —salvo dos menudencias que caen en la misma ventana: leer busqueda.best_estimator_ y dos print—. NO incluye el mini-experimento de balanceo de 4.3.4 que corre antes y se publica en metricas_balanceo.csv · wall-clock de un pase único en máquina no dedicada: NO es reproducible ni comparable entre corridas y NO es una propiedad del algoritmo — vale como orden de magnitud y como comparación relativa DENTRO de esta misma corrida. La dispersión medida entre corridas y el umbral por debajo del cual una diferencia entre dos filas no significa nada están tabulados en Implementacion/PIPELINE.md sección 'Las columnas de tiempo: qué miden y hasta dónde valen' — anclados al commit de cada corrida y NO aquí a propósito: una cifra dentro del dato no se puede corregir sin re-correr · 'latencia_ms_por_flujo' y 'flujos_por_segundo' miden SOLO el predict/score sobre características ya calculadas y ya en memoria: NO incluyen captura de tráfico · ensamblado del flujo · extracción de las 41 características —donde vive el coste real de un despliegue— así que no son capacidad operativa del sistema,1.75,0.002,9083,0.000215,4656277.1,0.995337,0.929455,0.961268,5741,0.603392,0.997288,0.751875,1106,0.991439,0.842656,0.911013,2199,0.44,0.297297,0.354839,37,3,df30cb2,2026-08-12T22:47:17
RandomForest,multiclase 4 categorías de ataque sobre los ataques de D2 de tipo conocido,54,False,54,SMOTE,"{'clf__max_depth': None, 'clf__n_estimators': 100}",0.966602,0.939007,0.805002,0.798775,0.788945,0.940492,9083,53.94,'tiempo_s' = el bloque completo del algoritmo. Sus tres tramos en orden de ejecución: (1) el GridSearchCV con el balanceo ganador + el refit sobre todo D3 = 'tiempo_entrenamiento_s' (2) el predict sobre los flujos de D2 de tipo conocido = 'tiempo_inferencia_s' y (3) la cola de evaluar_multiclase + UNA figura —la matriz de confusión 4x4—. El (3) no lleva columna propia porque sale EXACTO restando de 'tiempo_s' las otras dos columnas de tiempo —salvo dos menudencias que caen en la misma ventana: leer busqueda.best_estimator_ y dos print—. NO incluye el mini-experimento de balanceo de 4.3.4 que corre antes y se publica en metricas_balanceo.csv · wall-clock de un pase único en máquina no dedicada: NO es reproducible ni comparable entre corridas y NO es una propiedad del algoritmo — vale como orden de magnitud y como comparación relativa DENTRO de esta misma corrida. La dispersión medida entre corridas y el umbral por debajo del cual una diferencia entre dos filas no significa nada están tabulados en Implementacion/PIPELINE.md sección 'Las columnas de tiempo: qué miden y hasta dónde valen' — anclados al commit de cada corrida y NO aquí a propósito: una cifra dentro del dato no se puede corregir sin re-correr · 'latencia_ms_por_flujo' y 'flujos_por_segundo' miden SOLO el predict/score sobre características ya calculadas y ya en memoria: NO incluyen captura de tráfico · ensamblado del flujo · extracción de las 41 características —donde vive el coste real de un despliegue— así que no son capacidad operativa del sistema,53.627,0.033,9083,0.003601,277675.0,0.999825,0.996865,0.998343,5741,0.680197,1.0,0.809663,1106,0.988263,0.765803,0.862926,2199,0.551724,0.432432,0.484848,37,3,df30cb2,2026-08-12T22:47:17
KNN,multiclase 4 categorías de ataque sobre los ataques de D2 de tipo conocido,54,False,54,SMOTE,"{'clf__n_neighbors': 11, 'clf__weights': 'uniform'}",0.935609,0.960255,0.76283,0.901163,0.776273,0.96625,9083,50.91,'tiempo_s' = el bloque completo del algoritmo. Sus tres tramos en orden de ejecución: (1) el GridSearchCV con el balanceo ganador + el refit sobre todo D3 = 'tiempo_entrenamiento_s' (2) el predict sobre los flujos de D2 de tipo conocido = 'tiempo_inferencia_s' y (3) la cola de evaluar_multiclase + UNA figura —la matriz de confusión 4x4—. El (3) no lleva columna propia porque sale EXACTO restando de 'tiempo_s' las otras dos columnas de tiempo —salvo dos menudencias que caen en la misma ventana: leer busqueda.best_estimator_ y dos print—. NO incluye el mini-experimento de balanceo de 4.3.4 que corre antes y se publica en metricas_balanceo.csv · wall-clock de un pase único en máquina no dedicada: NO es reproducible ni comparable entre corridas y NO es una propiedad del algoritmo — vale como orden de magnitud y como comparación relativa DENTRO de esta misma corrida. La dispersión medida entre corridas y el umbral por debajo del cual una diferencia entre dos filas no significa nada están tabulados en Implementacion/PIPELINE.md sección 'Las columnas de tiempo: qué miden y hasta dónde valen' — anclados al commit de cada corrida y NO aquí a propósito: una cifra dentro del dato no se puede corregir sin re-correr · 'latencia_ms_por_flujo' y 'flujos_por_segundo' miden SOLO el predict/score sobre características ya calculadas y ya en memoria: NO incluyen captura de tráfico · ensamblado del flujo · extracción de las 41 características —donde vive el coste real de un despliegue— así que no son capacidad operativa del sistema,48.856,1.705,9083,0.187751,5326.2,0.982791,0.994774,0.988747,5741,0.938031,0.999096,0.967601,1106,0.995231,0.854025,0.919236,2199,0.135266,0.756757,0.229508,37,3,df30cb2,2026-08-12T22:47:17
HistGradientBoosting,multiclase 4 categorías de ataque sobre los ataques de D2 de tipo conocido,54,False,54,SMOTE,"{'clf__learning_rate': 0.1, 'clf__max_iter': 100}",0.962823,0.949686,0.784139,0.837708,0.801507,0.95132,9083,79.37,'tiempo_s' = el bloque completo del algoritmo. Sus tres tramos en orden de ejecución: (1) el GridSearchCV con el balanceo ganador + el refit sobre todo D3 = 'tiempo_entrenamiento_s' (2) el predict sobre los flujos de D2 de tipo conocido = 'tiempo_inferencia_s' y (3) la cola de evaluar_multiclase + UNA figura —la matriz de confusión 4x4—. El (3) no lleva columna propia porque sale EXACTO restando de 'tiempo_s' las otras dos columnas de tiempo —salvo dos menudencias que caen en la misma ventana: leer busqueda.best_estimator_ y dos print—. NO incluye el mini-experimento de balanceo de 4.3.4 que corre antes y se publica en metricas_balanceo.csv · wall-clock de un pase único en máquina no dedicada: NO es reproducible ni comparable entre corridas y NO es una propiedad del algoritmo — vale como orden de magnitud y como comparación relativa DENTRO de esta misma corrida. La dispersión medida entre corridas y el umbral por debajo del cual una diferencia entre dos filas no significa nada están tabulados en Implementacion/PIPELINE.md sección 'Las columnas de tiempo: qué miden y hasta dónde valen' — anclados al commit de cada corrida y NO aquí a propósito: una cifra dentro del dato no se puede corregir sin re-correr · 'latencia_ms_por_flujo' y 'flujos_por_segundo' miden SOLO el predict/score sobre características ya calculadas y ya en memoria: NO incluyen captura de tráfico · ensamblado del flujo · extracción de las 41 características —donde vive el coste real de un despliegue— así que no son capacidad operativa del sistema,79.008,0.036,9083,0.004002,249865.2,0.999649,0.993555,0.996593,5741,0.729071,1.0,0.843309,1106,0.99117,0.816735,0.895537,2199,0.416667,0.540541,0.470588,37,3,df30cb2,2026-08-12T22:47:17
DecisionTree,multiclase 4 categorías de ataque sobre los ataques de D2 de tipo conocido,122_sin_seleccion,True,122,class_weight,"{'max_depth': 10, 'min_samples_leaf': 1}",0.967595,0.902785,0.745484,0.760212,0.737215,0.911278,9083,3.15,'tiempo_s' = el bloque completo del algoritmo. Sus tres tramos en orden de ejecución: (1) el GridSearchCV con el balanceo ganador + el refit sobre todo D3 = 'tiempo_entrenamiento_s' (2) el predict sobre los flujos de D2 de tipo conocido = 'tiempo_inferencia_s' y (3) la cola de evaluar_multiclase + UNA figura —la matriz de confusión 4x4—. El (3) no lleva columna propia porque sale EXACTO restando de 'tiempo_s' las otras dos columnas de tiempo —salvo dos menudencias que caen en la misma ventana: leer busqueda.best_estimator_ y dos print—. NO incluye el mini-experimento de balanceo de 4.3.4 que corre antes y se publica en metricas_balanceo.csv · wall-clock de un pase único en máquina no dedicada: NO es reproducible ni comparable entre corridas y NO es una propiedad del algoritmo — vale como orden de magnitud y como comparación relativa DENTRO de esta misma corrida. La dispersión medida entre corridas y el umbral por debajo del cual una diferencia entre dos filas no significa nada están tabulados en Implementacion/PIPELINE.md sección 'Las columnas de tiempo: qué miden y hasta dónde valen' — anclados al commit de cada corrida y NO aquí a propósito: una cifra dentro del dato no se puede corregir sin re-correr · 'latencia_ms_por_flujo' y 'flujos_por_segundo' miden SOLO el predict/score sobre características ya calculadas y ya en memoria: NO incluyen captura de tráfico · ensamblado del flujo · extracción de las 41 características —donde vive el coste real de un despliegue— así que no son capacidad operativa del sistema,2.856,0.005,9083,0.000522,1916972.7,0.995662,0.919526,0.956081,5741,0.573681,0.953888,0.716469,1106,0.968146,0.843111,0.901313,2199,0.444444,0.324324,0.375,37,3,df30cb2,2026-08-12T22:55:57
RandomForest,multiclase 4 categorías de ataque sobre los ataques de D2 de tipo conocido,122_sin_seleccion,True,122,class_weight,"{'max_depth': None, 'n_estimators': 100}",0.966761,0.894418,0.790708,0.773292,0.750705,0.896247,9083,11.71,'tiempo_s' = el bloque completo del algoritmo. Sus tres tramos en orden de ejecución: (1) el GridSearchCV con el balanceo ganador + el refit sobre todo D3 = 'tiempo_entrenamiento_s' (2) el predict sobre los flujos de D2 de tipo conocido = 'tiempo_inferencia_s' y (3) la cola de evaluar_multiclase + UNA figura —la matriz de confusión 4x4—. El (3) no lleva columna propia porque sale EXACTO restando de 'tiempo_s' las otras dos columnas de tiempo —salvo dos menudencias que caen en la misma ventana: leer busqueda.best_estimator_ y dos print—. NO incluye el mini-experimento de balanceo de 4.3.4 que corre antes y se publica en metricas_balanceo.csv · wall-clock de un pase único en máquina no dedicada: NO es reproducible ni comparable entre corridas y NO es una propiedad del algoritmo — vale como orden de magnitud y como comparación relativa DENTRO de esta misma corrida. La dispersión medida entre corridas y el umbral por debajo del cual una diferencia entre dos filas no significa nada están tabulados en Implementacion/PIPELINE.md sección 'Las columnas de tiempo: qué miden y hasta dónde valen' — anclados al commit de cada corrida y NO aquí a propósito: una cifra dentro del dato no se puede corregir sin re-correr · 'latencia_ms_por_flujo' y 'flujos_por_segundo' miden SOLO el predict/score sobre características ya calculadas y ya en memoria: NO incluyen captura de tráfico · ensamblado del flujo · extracción de las 41 características —donde vive el coste real de un despliegue— así que no son capacidad operativa del sistema,11.325,0.046,9083,0.005038,198482.2,0.999825,0.995297,0.997556,5741,0.543489,1.0,0.704234,1106,0.986186,0.584357,0.733866,2199,0.633333,0.513514,0.567164,37,3,df30cb2,2026-08-12T22:55:57
KNN,multiclase 4 categorías de ataque sobre los ataques de D2 de tipo conocido,122_sin_seleccion,True,122,SMOTE,"{'clf__n_neighbors': 11, 'clf__weights': 'uniform'}",0.946074,0.953209,0.75292,0.894897,0.761044,0.961449,9083,87.17,'tiempo_s' = el bloque completo del algoritmo. Sus tres tramos en orden de ejecución: (1) el GridSearchCV con el balanceo ganador + el refit sobre todo D3 = 'tiempo_entrenamiento_s' (2) el predict sobre los flujos de D2 de tipo conocido = 'tiempo_inferencia_s' y (3) la cola de evaluar_multiclase + UNA figura —la matriz de confusión 4x4—. El (3) no lleva columna propia porque sale EXACTO restando de 'tiempo_s' las otras dos columnas de tiempo —salvo dos menudencias que caen en la misma ventana: leer busqueda.best_estimator_ y dos print—. NO incluye el mini-experimento de balanceo de 4.3.4 que corre antes y se publica en metricas_balanceo.csv · wall-clock de un pase único en máquina no dedicada: NO es reproducible ni comparable entre corridas y NO es una propiedad del algoritmo — vale como orden de magnitud y como comparación relativa DENTRO de esta misma corrida. La dispersión medida entre corridas y el umbral por debajo del cual una diferencia entre dos filas no significa nada están tabulados en Implementacion/PIPELINE.md sección 'Las columnas de tiempo: qué miden y hasta dónde valen' — anclados al commit de cada corrida y NO aquí a propósito: una cifra dentro del dato no se puede corregir sin re-correr · 'latencia_ms_por_flujo' y 'flujos_por_segundo' miden SOLO el predict/score sobre características ya calculadas y ya en memoria: NO incluyen captura de tráfico · ensamblado del flujo · extracción de las 41 características —donde vive el coste real de un despliegue— así que no son capacidad operativa del sistema,84.262,2.52,9083,0.277446,3604.3,0.983423,0.991987,0.987686,5741,0.924623,0.998192,0.96,1106,0.995109,0.832651,0.90666,2199,0.108527,0.756757,0.189831,37,3,df30cb2,2026-08-12T22:55:57
HistGradientBoosting,multiclase 4 categorías de ataque sobre los ataques de D2 de tipo conocido,122_sin_seleccion,True,122,SMOTE,"{'clf__learning_rate': 0.1, 'clf__max_iter': 100}",0.970298,0.915006,0.69509,0.822947,0.705974,0.920025,9083,165.24,'tiempo_s' = el bloque completo del algoritmo. Sus tres tramos en orden de ejecución: (1) el GridSearchCV con el balanceo ganador + el refit sobre todo D3 = 'tiempo_entrenamiento_s' (2) el predict sobre los flujos de D2 de tipo conocido = 'tiempo_inferencia_s' y (3) la cola de evaluar_multiclase + UNA figura —la matriz de confusión 4x4—. El (3) no lleva columna propia porque sale EXACTO restando de 'tiempo_s' las otras dos columnas de tiempo —salvo dos menudencias que caen en la misma ventana: leer busqueda.best_estimator_ y dos print—. NO incluye el mini-experimento de balanceo de 4.3.4 que corre antes y se publica en metricas_balanceo.csv · wall-clock de un pase único en máquina no dedicada: NO es reproducible ni comparable entre corridas y NO es una propiedad del algoritmo — vale como orden de magnitud y como comparación relativa DENTRO de esta misma corrida. La dispersión medida entre corridas y el umbral por debajo del cual una diferencia entre dos filas no significa nada están tabulados en Implementacion/PIPELINE.md sección 'Las columnas de tiempo: qué miden y hasta dónde valen' — anclados al commit de cada corrida y NO aquí a propósito: una cifra dentro del dato no se puede corregir sin re-correr · 'latencia_ms_por_flujo' y 'flujos_por_segundo' miden SOLO el predict/score sobre características ya calculadas y ya en memoria: NO incluyen captura de tráfico · ensamblado del flujo · extracción de las 41 características —donde vive el coste real de un despliegue— así que no son capacidad operativa del sistema,164.798,0.05,9083,0.005557,179956.9,0.999473,0.990768,0.995101,5741,0.6382,1.0,0.779148,1106,0.991374,0.6794,0.80626,2199,0.151316,0.621622,0.243386,37,3,df30cb2,2026-08-12T22:55:57
DecisionTree,multiclase 4 categorías de ataque sobre los ataques de D2 de tipo conocido,54,False,54,SMOTE,"{'clf__max_depth': 10, 'clf__min_samples_leaf': 1}",0.956377,0.874491,0.648896,0.737672,0.642303,0.889833,9083,17.7,'tiempo_s' = el bloque completo del algoritmo. Sus tres tramos en orden de ejecución: (1) el GridSearchCV con el balanceo ganador + el refit sobre todo D3 = 'tiempo_entrenamiento_s' (2) el predict sobre los flujos de D2 de tipo conocido = 'tiempo_inferencia_s' y (3) la cola de evaluar_multiclase + UNA figura —la matriz de confusión 4x4—. El (3) no lleva columna propia porque sale EXACTO restando de 'tiempo_s' las otras dos columnas de tiempo —salvo dos menudencias que caen en la misma ventana: leer busqueda.best_estimator_ y dos print—. NO incluye el mini-experimento de balanceo de 4.3.4 que corre antes y se publica en metricas_balanceo.csv · wall-clock de un pase único en máquina no dedicada: NO es reproducible ni comparable entre corridas y NO es una propiedad del algoritmo — vale como orden de magnitud y como comparación relativa DENTRO de esta misma corrida. La dispersión medida entre corridas y el umbral por debajo del cual una diferencia entre dos filas no significa nada están tabulados en Implementacion/PIPELINE.md sección 'Las columnas de tiempo: qué miden y hasta dónde valen' — anclados al commit de cada corrida y NO aquí a propósito: una cifra dentro del dato no se puede corregir sin re-correr · 'latencia_ms_por_flujo' y 'flujos_por_segundo' miden SOLO el predict/score sobre características ya calculadas y ya en memoria: NO incluyen captura de tráfico · ensamblado del flujo · extracción de las 41 características —donde vive el coste real de un despliegue— así que no son capacidad operativa del sistema,17.426,0.002,9083,0.00026,3846121.2,0.999068,0.933113,0.964964,5741,0.550349,0.998192,0.709512,1106,0.989892,0.668031,0.797719,2199,0.056277,0.351351,0.097015,37,4,df30cb2,2026-08-12T23:01:54
RandomForest,multiclase 4 categorías de ataque sobre los ataques de D2 de tipo conocido,54,False,54,class_weight,"{'max_depth': 10, 'n_estimators': 100}",0.975391,0.958274,0.829516,0.825173,0.820494,0.959061,9083,9.77,'tiempo_s' = el bloque completo del algoritmo. Sus tres tramos en orden de ejecución: (1) el GridSearchCV con el balanceo ganador + el refit sobre todo D3 = 'tiempo_entrenamiento_s' (2) el predict sobre los flujos de D2 de tipo conocido = 'tiempo_inferencia_s' y (3) la cola de evaluar_multiclase + UNA figura —la matriz de confusión 4x4—. El (3) no lleva columna propia porque sale EXACTO restando de 'tiempo_s' las otras dos columnas de tiempo —salvo dos menudencias que caen en la misma ventana: leer busqueda.best_estimator_ y dos print—. NO incluye el mini-experimento de balanceo de 4.3.4 que corre antes y se publica en metricas_balanceo.csv · wall-clock de un pase único en máquina no dedicada: NO es reproducible ni comparable entre corridas y NO es una propiedad del algoritmo — vale como orden de magnitud y como comparación relativa DENTRO de esta misma corrida. La dispersión medida entre corridas y el umbral por debajo del cual una diferencia entre dos filas no significa nada están tabulados en Implementacion/PIPELINE.md sección 'Las columnas de tiempo: qué miden y hasta dónde valen' — anclados al commit de cada corrida y NO aquí a propósito: una cifra dentro del dato no se puede corregir sin re-correr · 'latencia_ms_por_flujo' y 'flujos_por_segundo' miden SOLO el predict/score sobre características ya calculadas y ya en memoria: NO incluyen captura de tráfico · ensamblado del flujo · extracción de las 41 características —donde vive el coste real de un despliegue— así que no son capacidad operativa del sistema,9.442,0.033,9083,0.00361,277032.2,0.999825,0.997213,0.998517,5741,0.762233,1.0,0.865076,1106,0.989339,0.84402,0.91092,2199,0.566667,0.459459,0.507463,37,4,df30cb2,2026-08-12T23:01:54
KNN,multiclase 4 categorías de ataque sobre los ataques de D2 de tipo conocido,54,False,54,SMOTE,"{'clf__n_neighbors': 5, 'clf__weights': 'distance'}",0.937693,0.960366,0.756275,0.901164,0.778618,0.964975,9083,53.73,'tiempo_s' = el bloque completo del algoritmo. Sus tres tramos en orden de ejecución: (1) el GridSearchCV con el balanceo ganador + el refit sobre todo D3 = 'tiempo_entrenamiento_s' (2) el predict sobre los flujos de D2 de tipo conocido = 'tiempo_inferencia_s' y (3) la cola de evaluar_multiclase + UNA figura —la matriz de confusión 4x4—. El (3) no lleva columna propia porque sale EXACTO restando de 'tiempo_s' las otras dos columnas de tiempo —salvo dos menudencias que caen en la misma ventana: leer busqueda.best_estimator_ y dos print—. NO incluye el mini-experimento de balanceo de 4.3.4 que corre antes y se publica en metricas_balanceo.csv · wall-clock de un pase único en máquina no dedicada: NO es reproducible ni comparable entre corridas y NO es una propiedad del algoritmo — vale como orden de magnitud y como comparación relativa DENTRO de esta misma corrida. La dispersión medida entre corridas y el umbral por debajo del cual una diferencia entre dos filas no significa nada están tabulados en Implementacion/PIPELINE.md sección 'Las columnas de tiempo: qué miden y hasta dónde valen' — anclados al commit de cada corrida y NO aquí a propósito: una cifra dentro del dato no se puede corregir sin re-correr · 'latencia_ms_por_flujo' y 'flujos_por_segundo' miden SOLO el predict/score sobre características ya calculadas y ya en memoria: NO incluyen captura de tráfico · ensamblado del flujo · extracción de las 41 características —donde vive el coste real de un despliegue— así que no son capacidad operativa del sistema,51.608,1.748,9083,0.192469,5195.6,0.991321,0.994774,0.993045,5741,0.874802,0.998192,0.932432,1106,0.995236,0.854934,0.919765,2199,0.163743,0.756757,0.269231,37,4,df30cb2,2026-08-12T23:01:54
HistGradientBoosting,multiclase 4 categorías de ataque sobre los ataques de D2 de tipo conocido,54,False,54,SMOTE,"{'clf__learning_rate': 0.05, 'clf__max_iter': 100}",0.966669,0.921392,0.769585,0.815231,0.774022,0.923898,9083,67.42,'tiempo_s' = el bloque completo del algoritmo. Sus tres tramos en orden de ejecución: (1) el GridSearchCV con el balanceo ganador + el refit sobre todo D3 = 'tiempo_entrenamiento_s' (2) el predict sobre los flujos de D2 de tipo conocido = 'tiempo_inferencia_s' y (3) la cola de evaluar_multiclase + UNA figura —la matriz de confusión 4x4—. El (3) no lleva columna propia porque sale EXACTO restando de 'tiempo_s' las otras dos columnas de tiempo —salvo dos menudencias que caen en la misma ventana: leer busqueda.best_estimator_ y dos print—. NO incluye el mini-experimento de balanceo de 4.3.4 que corre antes y se publica en metricas_balanceo.csv · wall-clock de un pase único en máquina no dedicada: NO es reproducible ni comparable entre corridas y NO es una propiedad del algoritmo — vale como orden de magnitud y como comparación relativa DENTRO de esta misma corrida. La dispersión medida entre corridas y el umbral por debajo del cual una diferencia entre dos filas no significa nada están tabulados en Implementacion/PIPELINE.md sección 'Las columnas de tiempo: qué miden y hasta dónde valen' — anclados al commit de cada corrida y NO aquí a propósito: una cifra dentro del dato no se puede corregir sin re-correr · 'latencia_ms_por_flujo' y 'flujos_por_segundo' miden SOLO el predict/score sobre características ya calculadas y ya en memoria: NO incluyen captura de tráfico · ensamblado del flujo · extracción de las 41 características —donde vive el coste real de un despliegue— así que no son capacidad operativa del sistema,67.013,0.056,9083,0.006186,161652.6,0.999474,0.993033,0.996243,5741,0.621835,0.999096,0.766563,1106,0.990366,0.701228,0.821086,2199,0.466667,0.567568,0.512195,37,4,df30cb2,2026-08-12T23:01:54
DecisionTree,multiclase 4 categorías de ataque sobre los ataques de D2 de tipo conocido,122_sin_seleccion,True,122,class_weight,"{'max_depth': 20, 'min_samples_leaf': 1}",0.967619,0.90785,0.753876,0.770245,0.74454,0.916141,9083,2.94,'tiempo_s' = el bloque completo del algoritmo. Sus tres tramos en orden de ejecución: (1) el GridSearchCV con el balanceo ganador + el refit sobre todo D3 = 'tiempo_entrenamiento_s' (2) el predict sobre los flujos de D2 de tipo conocido = 'tiempo_inferencia_s' y (3) la cola de evaluar_multiclase + UNA figura —la matriz de confusión 4x4—. El (3) no lleva columna propia porque sale EXACTO restando de 'tiempo_s' las otras dos columnas de tiempo —salvo dos menudencias que caen en la misma ventana: leer busqueda.best_estimator_ y dos print—. NO incluye el mini-experimento de balanceo de 4.3.4 que corre antes y se publica en metricas_balanceo.csv · wall-clock de un pase único en máquina no dedicada: NO es reproducible ni comparable entre corridas y NO es una propiedad del algoritmo — vale como orden de magnitud y como comparación relativa DENTRO de esta misma corrida. La dispersión medida entre corridas y el umbral por debajo del cual una diferencia entre dos filas no significa nada están tabulados en Implementacion/PIPELINE.md sección 'Las columnas de tiempo: qué miden y hasta dónde valen' — anclados al commit de cada corrida y NO aquí a propósito: una cifra dentro del dato no se puede corregir sin re-correr · 'latencia_ms_por_flujo' y 'flujos_por_segundo' miden SOLO el predict/score sobre características ya calculadas y ya en memoria: NO incluyen captura de tráfico · ensamblado del flujo · extracción de las 41 características —donde vive el coste real de un despliegue— así que no son capacidad operativa del sistema,2.661,0.003,9083,0.000334,2996700.8,0.995664,0.919875,0.95627,5741,0.583953,0.993671,0.735609,1106,0.991444,0.843111,0.91128,2199,0.444444,0.324324,0.375,37,4,df30cb2,2026-08-12T23:09:42
RandomForest,multiclase 4 categorías de ataque sobre los ataques de D2 de tipo conocido,122_sin_seleccion,True,122,class_weight,"{'max_depth': 10, 'n_estimators': 100}",0.978052,0.949246,0.822136,0.885157,0.843537,0.951168,9083,11.44,'tiempo_s' = el bloque completo del algoritmo. Sus tres tramos en orden de ejecución: (1) el GridSearchCV con el balanceo ganador + el refit sobre todo D3 = 'tiempo_entrenamiento_s' (2) el predict sobre los flujos de D2 de tipo conocido = 'tiempo_inferencia_s' y (3) la cola de evaluar_multiclase + UNA figura —la matriz de confusión 4x4—. El (3) no lleva columna propia porque sale EXACTO restando de 'tiempo_s' las otras dos columnas de tiempo —salvo dos menudencias que caen en la misma ventana: leer busqueda.best_estimator_ y dos print—. NO incluye el mini-experimento de balanceo de 4.3.4 que corre antes y se publica en metricas_balanceo.csv · wall-clock de un pase único en máquina no dedicada: NO es reproducible ni comparable entre corridas y NO es una propiedad del algoritmo — vale como orden de magnitud y como comparación relativa DENTRO de esta misma corrida. La dispersión medida entre corridas y el umbral por debajo del cual una diferencia entre dos filas no significa nada están tabulados en Implementacion/PIPELINE.md sección 'Las columnas de tiempo: qué miden y hasta dónde valen' — anclados al commit de cada corrida y NO aquí a propósito: una cifra dentro del dato no se puede corregir sin re-correr · 'latencia_ms_por_flujo' y 'flujos_por_segundo' miden SOLO el predict/score sobre características ya calculadas y ya en memoria: NO incluyen captura de tráfico · ensamblado del flujo · extracción de las 41 características —donde vive el coste real de un despliegue— así que no son capacidad operativa del sistema,11.119,0.034,9083,0.00369,271030.8,1.0,0.990071,0.995011,5741,0.719584,1.0,0.836928,1106,0.99449,0.820828,0.899352,2199,0.574468,0.72973,0.642857,37,4,df30cb2,2026-08-12T23:09:42
KNN,multiclase 4 categorías de ataque sobre los ataques de D2 de tipo conocido,122_sin_seleccion,True,122,SMOTE,"{'clf__n_neighbors': 5, 'clf__weights': 'distance'}",0.941761,0.958274,0.753742,0.900449,0.765823,0.966428,9083,82.97,'tiempo_s' = el bloque completo del algoritmo. Sus tres tramos en orden de ejecución: (1) el GridSearchCV con el balanceo ganador + el refit sobre todo D3 = 'tiempo_entrenamiento_s' (2) el predict sobre los flujos de D2 de tipo conocido = 'tiempo_inferencia_s' y (3) la cola de evaluar_multiclase + UNA figura —la matriz de confusión 4x4—. El (3) no lleva columna propia porque sale EXACTO restando de 'tiempo_s' las otras dos columnas de tiempo —salvo dos menudencias que caen en la misma ventana: leer busqueda.best_estimator_ y dos print—. NO incluye el mini-experimento de balanceo de 4.3.4 que corre antes y se publica en metricas_balanceo.csv · wall-clock de un pase único en máquina no dedicada: NO es reproducible ni comparable entre corridas y NO es una propiedad del algoritmo — vale como orden de magnitud y como comparación relativa DENTRO de esta misma corrida. La dispersión medida entre corridas y el umbral por debajo del cual una diferencia entre dos filas no significa nada están tabulados en Implementacion/PIPELINE.md sección 'Las columnas de tiempo: qué miden y hasta dónde valen' — anclados al commit de cada corrida y NO aquí a propósito: una cifra dentro del dato no se puede corregir sin re-correr · 'latencia_ms_por_flujo' y 'flujos_por_segundo' miden SOLO el predict/score sobre características ya calculadas y ya en memoria: NO incluyen captura de tráfico · ensamblado del flujo · extracción de las 41 características —donde vive el coste real de un despliegue— así que no son capacidad operativa del sistema,80.275,2.387,9083,0.262853,3804.4,0.991638,0.991465,0.991551,5741,0.914735,0.999096,0.955056,1106,0.995233,0.854479,0.919501,2199,0.11336,0.756757,0.197183,37,4,df30cb2,2026-08-12T23:09:42
HistGradientBoosting,multiclase 4 categorías de ataque sobre los ataques de D2 de tipo conocido,122_sin_seleccion,True,122,SMOTE,"{'clf__learning_rate': 0.05, 'clf__max_iter': 300}",0.967606,0.946493,0.76156,0.842485,0.786619,0.948787,9083,134.79,'tiempo_s' = el bloque completo del algoritmo. Sus tres tramos en orden de ejecución: (1) el GridSearchCV con el balanceo ganador + el refit sobre todo D3 = 'tiempo_entrenamiento_s' (2) el predict sobre los flujos de D2 de tipo conocido = 'tiempo_inferencia_s' y (3) la cola de evaluar_multiclase + UNA figura —la matriz de confusión 4x4—. El (3) no lleva columna propia porque sale EXACTO restando de 'tiempo_s' las otras dos columnas de tiempo —salvo dos menudencias que caen en la misma ventana: leer busqueda.best_estimator_ y dos print—. NO incluye el mini-experimento de balanceo de 4.3.4 que corre antes y se publica en metricas_balanceo.csv · wall-clock de un pase único en máquina no dedicada: NO es reproducible ni comparable entre corridas y NO es una propiedad del algoritmo — vale como orden de magnitud y como comparación relativa DENTRO de esta misma corrida. La dispersión medida entre corridas y el umbral por debajo del cual una diferencia entre dos filas no significa nada están tabulados en Implementacion/PIPELINE.md sección 'Las columnas de tiempo: qué miden y hasta dónde valen' — anclados al commit de cada corrida y NO aquí a propósito: una cifra dentro del dato no se puede corregir sin re-correr · 'latencia_ms_por_flujo' y 'flujos_por_segundo' miden SOLO el predict/score sobre características ya calculadas y ya en memoria: NO incluyen captura de tráfico · ensamblado del flujo · extracción de las 41 características —donde vive el coste real de un despliegue— así que no son capacidad operativa del sistema,134.363,0.083,9083,0.009157,109205.2,0.999472,0.989723,0.994574,5741,0.72175,0.999096,0.838074,1106,0.991685,0.813552,0.89383,2199,0.333333,0.567568,0.42,37,4,df30cb2,2026-08-12T23:09:42
DecisionTree,multiclase 4 categorías de ataque sobre los ataques de D2 de tipo conocido,54,False,54,SMOTE,"{'clf__max_depth': 10, 'clf__min_samples_leaf': 5}",0.95861,0.870417,0.744343,0.713676,0.69015,0.881749,9083,17.59,'tiempo_s' = el bloque completo del algoritmo. Sus tres tramos en orden de ejecución: (1) el GridSearchCV con el balanceo ganador + el refit sobre todo D3 = 'tiempo_entrenamiento_s' (2) el predict sobre los flujos de D2 de tipo conocido = 'tiempo_inferencia_s' y (3) la cola de evaluar_multiclase + UNA figura —la matriz de confusión 4x4—. El (3) no lleva columna propia porque sale EXACTO restando de 'tiempo_s' las otras dos columnas de tiempo —salvo dos menudencias que caen en la misma ventana: leer busqueda.best_estimator_ y dos print—. NO incluye el mini-experimento de balanceo de 4.3.4 que corre antes y se publica en metricas_balanceo.csv · wall-clock de un pase único en máquina no dedicada: NO es reproducible ni comparable entre corridas y NO es una propiedad del algoritmo — vale como orden de magnitud y como comparación relativa DENTRO de esta misma corrida. La dispersión medida entre corridas y el umbral por debajo del cual una diferencia entre dos filas no significa nada están tabulados en Implementacion/PIPELINE.md sección 'Las columnas de tiempo: qué miden y hasta dónde valen' — anclados al commit de cada corrida y NO aquí a propósito: una cifra dentro del dato no se puede corregir sin re-correr · 'latencia_ms_por_flujo' y 'flujos_por_segundo' miden SOLO el predict/score sobre características ya calculadas y ya en memoria: NO incluyen captura de tráfico · ensamblado del flujo · extracción de las 41 características —donde vive el coste real de un despliegue— así que no son capacidad operativa del sistema,17.315,0.002,9083,0.000237,4210550.7,0.998881,0.932764,0.964691,5741,0.491541,0.998192,0.658711,1106,0.986951,0.653479,0.78632,2199,0.5,0.27027,0.350877,37,5,df30cb2,2026-08-12T23:15:08
RandomForest,multiclase 4 categorías de ataque sobre los ataques de D2 de tipo conocido,54,False,54,class_weight,"{'max_depth': None, 'n_estimators': 100}",0.982122,0.938456,0.816515,0.811352,0.800968,0.939999,9083,9.76,'tiempo_s' = el bloque completo del algoritmo. Sus tres tramos en orden de ejecución: (1) el GridSearchCV con el balanceo ganador + el refit sobre todo D3 = 'tiempo_entrenamiento_s' (2) el predict sobre los flujos de D2 de tipo conocido = 'tiempo_inferencia_s' y (3) la cola de evaluar_multiclase + UNA figura —la matriz de confusión 4x4—. El (3) no lleva columna propia porque sale EXACTO restando de 'tiempo_s' las otras dos columnas de tiempo —salvo dos menudencias que caen en la misma ventana: leer busqueda.best_estimator_ y dos print—. NO incluye el mini-experimento de balanceo de 4.3.4 que corre antes y se publica en metricas_balanceo.csv · wall-clock de un pase único en máquina no dedicada: NO es reproducible ni comparable entre corridas y NO es una propiedad del algoritmo — vale como orden de magnitud y como comparación relativa DENTRO de esta misma corrida. La dispersión medida entre corridas y el umbral por debajo del cual una diferencia entre dos filas no significa nada están tabulados en Implementacion/PIPELINE.md sección 'Las columnas de tiempo: qué miden y hasta dónde valen' — anclados al commit de cada corrida y NO aquí a propósito: una cifra dentro del dato no se puede corregir sin re-correr · 'latencia_ms_por_flujo' y 'flujos_por_segundo' miden SOLO el predict/score sobre características ya calculadas y ya en memoria: NO incluyen captura de tráfico · ensamblado del flujo · extracción de las 41 características —donde vive el coste real de un despliegue— así que no son capacidad operativa del sistema,9.428,0.043,9083,0.004734,211234.0,0.999825,0.997213,0.998517,5741,0.676867,1.0,0.807299,1106,0.989368,0.76171,0.86074,2199,0.6,0.486486,0.537313,37,5,df30cb2,2026-08-12T23:15:09
KNN,multiclase 4 categorías de ataque sobre los ataques de D2 de tipo conocido,54,False,54,SMOTE,"{'clf__n_neighbors': 3, 'clf__weights': 'uniform'}",0.944311,0.955191,0.746853,0.896214,0.767152,0.960541,9083,50.78,'tiempo_s' = el bloque completo del algoritmo. Sus tres tramos en orden de ejecución: (1) el GridSearchCV con el balanceo ganador + el refit sobre todo D3 = 'tiempo_entrenamiento_s' (2) el predict sobre los flujos de D2 de tipo conocido = 'tiempo_inferencia_s' y (3) la cola de evaluar_multiclase + UNA figura —la matriz de confusión 4x4—. El (3) no lleva columna propia porque sale EXACTO restando de 'tiempo_s' las otras dos columnas de tiempo —salvo dos menudencias que caen en la misma ventana: leer busqueda.best_estimator_ y dos print—. NO incluye el mini-experimento de balanceo de 4.3.4 que corre antes y se publica en metricas_balanceo.csv · wall-clock de un pase único en máquina no dedicada: NO es reproducible ni comparable entre corridas y NO es una propiedad del algoritmo — vale como orden de magnitud y como comparación relativa DENTRO de esta misma corrida. La dispersión medida entre corridas y el umbral por debajo del cual una diferencia entre dos filas no significa nada están tabulados en Implementacion/PIPELINE.md sección 'Las columnas de tiempo: qué miden y hasta dónde valen' — anclados al commit de cada corrida y NO aquí a propósito: una cifra dentro del dato no se puede corregir sin re-correr · 'latencia_ms_por_flujo' y 'flujos_por_segundo' miden SOLO el predict/score sobre características ya calculadas y ya en memoria: NO incluyen captura de tráfico · ensamblado del flujo · extracción de las 41 características —donde vive el coste real de un despliegue— así que no son capacidad operativa del sistema,48.773,1.65,9083,0.181603,5506.5,0.992177,0.994078,0.993126,5741,0.851966,0.999096,0.919684,1106,0.995122,0.834925,0.908012,2199,0.148148,0.756757,0.247788,37,5,df30cb2,2026-08-12T23:15:09
HistGradientBoosting,multiclase 4 categorías de ataque sobre los ataques de D2 de tipo conocido,54,False,54,SMOTE,"{'clf__learning_rate': 0.1, 'clf__max_iter': 100}",0.970767,0.95376,0.809211,0.875648,0.832702,0.955396,9083,69.48,'tiempo_s' = el bloque completo del algoritmo. Sus tres tramos en orden de ejecución: (1) el GridSearchCV con el balanceo ganador + el refit sobre todo D3 = 'tiempo_entrenamiento_s' (2) el predict sobre los flujos de D2 de tipo conocido = 'tiempo_inferencia_s' y (3) la cola de evaluar_multiclase + UNA figura —la matriz de confusión 4x4—. El (3) no lleva columna propia porque sale EXACTO restando de 'tiempo_s' las otras dos columnas de tiempo —salvo dos menudencias que caen en la misma ventana: leer busqueda.best_estimator_ y dos print—. NO incluye el mini-experimento de balanceo de 4.3.4 que corre antes y se publica en metricas_balanceo.csv · wall-clock de un pase único en máquina no dedicada: NO es reproducible ni comparable entre corridas y NO es una propiedad del algoritmo — vale como orden de magnitud y como comparación relativa DENTRO de esta misma corrida. La dispersión medida entre corridas y el umbral por debajo del cual una diferencia entre dos filas no significa nada están tabulados en Implementacion/PIPELINE.md sección 'Las columnas de tiempo: qué miden y hasta dónde valen' — anclados al commit de cada corrida y NO aquí a propósito: una cifra dentro del dato no se puede corregir sin re-correr · 'latencia_ms_por_flujo' y 'flujos_por_segundo' miden SOLO el predict/score sobre características ya calculadas y ya en memoria: NO incluyen captura de tráfico · ensamblado del flujo · extracción de las 41 características —donde vive el coste real de un despliegue— así que no son capacidad operativa del sistema,69.142,0.03,9083,0.003335,299890.7,0.999649,0.991987,0.995803,5741,0.742608,0.999096,0.851966,1106,0.994589,0.835834,0.908327,2199,0.5,0.675676,0.574713,37,5,df30cb2,2026-08-12T23:15:09
DecisionTree,multiclase 4 categorías de ataque sobre los ataques de D2 de tipo conocido,122_sin_seleccion,True,122,SMOTE,"{'clf__max_depth': 20, 'clf__min_samples_leaf': 1}",0.958581,0.874711,0.647459,0.722669,0.64172,0.893025,9083,24.54,'tiempo_s' = el bloque completo del algoritmo. Sus tres tramos en orden de ejecución: (1) el GridSearchCV con el balanceo ganador + el refit sobre todo D3 = 'tiempo_entrenamiento_s' (2) el predict sobre los flujos de D2 de tipo conocido = 'tiempo_inferencia_s' y (3) la cola de evaluar_multiclase + UNA figura —la matriz de confusión 4x4—. El (3) no lleva columna propia porque sale EXACTO restando de 'tiempo_s' las otras dos columnas de tiempo —salvo dos menudencias que caen en la misma ventana: leer busqueda.best_estimator_ y dos print—. NO incluye el mini-experimento de balanceo de 4.3.4 que corre antes y se publica en metricas_balanceo.csv · wall-clock de un pase único en máquina no dedicada: NO es reproducible ni comparable entre corridas y NO es una propiedad del algoritmo — vale como orden de magnitud y como comparación relativa DENTRO de esta misma corrida. La dispersión medida entre corridas y el umbral por debajo del cual una diferencia entre dos filas no significa nada están tabulados en Implementacion/PIPELINE.md sección 'Las columnas de tiempo: qué miden y hasta dónde valen' — anclados al commit de cada corrida y NO aquí a propósito: una cifra dentro del dato no se puede corregir sin re-correr · 'latencia_ms_por_flujo' y 'flujos_por_segundo' miden SOLO el predict/score sobre características ya calculadas y ya en memoria: NO incluyen captura de tráfico · ensamblado del flujo · extracción de las 41 características —donde vive el coste real de un despliegue— así que no son capacidad operativa del sistema,24.262,0.003,9083,0.000352,2841990.0,0.99811,0.920049,0.957491,5741,0.568841,0.993671,0.723502,1106,0.987921,0.706685,0.823966,2199,0.034965,0.27027,0.06192,37,5,df30cb2,2026-08-12T23:23:40
RandomForest,multiclase 4 categorías de ataque sobre los ataques de D2 de tipo conocido,122_sin_seleccion,True,122,class_weight,"{'max_depth': None, 'n_estimators': 100}",0.982029,0.912254,0.807725,0.778353,0.767392,0.914404,9083,11.2,'tiempo_s' = el bloque completo del algoritmo. Sus tres tramos en orden de ejecución: (1) el GridSearchCV con el balanceo ganador + el refit sobre todo D3 = 'tiempo_entrenamiento_s' (2) el predict sobre los flujos de D2 de tipo conocido = 'tiempo_inferencia_s' y (3) la cola de evaluar_multiclase + UNA figura —la matriz de confusión 4x4—. El (3) no lleva columna propia porque sale EXACTO restando de 'tiempo_s' las otras dos columnas de tiempo —salvo dos menudencias que caen en la misma ventana: leer busqueda.best_estimator_ y dos print—. NO incluye el mini-experimento de balanceo de 4.3.4 que corre antes y se publica en metricas_balanceo.csv · wall-clock de un pase único en máquina no dedicada: NO es reproducible ni comparable entre corridas y NO es una propiedad del algoritmo — vale como orden de magnitud y como comparación relativa DENTRO de esta misma corrida. La dispersión medida entre corridas y el umbral por debajo del cual una diferencia entre dos filas no significa nada están tabulados en Implementacion/PIPELINE.md sección 'Las columnas de tiempo: qué miden y hasta dónde valen' — anclados al commit de cada corrida y NO aquí a propósito: una cifra dentro del dato no se puede corregir sin re-correr · 'latencia_ms_por_flujo' y 'flujos_por_segundo' miden SOLO el predict/score sobre características ya calculadas y ya en memoria: NO incluyen captura de tráfico · ensamblado del flujo · extracción de las 41 características —donde vive el coste real de un despliegue— así que no son capacidad operativa del sistema,10.874,0.033,9083,0.003594,278223.6,0.999825,0.995471,0.997643,5741,0.590181,1.0,0.742282,1106,0.987048,0.658481,0.789962,2199,0.653846,0.459459,0.539683,37,5,df30cb2,2026-08-12T23:23:40
KNN,multiclase 4 categorías de ataque sobre los ataques de D2 de tipo conocido,122_sin_seleccion,True,122,SMOTE,"{'clf__n_neighbors': 5, 'clf__weights': 'uniform'}",0.948643,0.948475,0.73785,0.890471,0.750759,0.956424,9083,81.25,'tiempo_s' = el bloque completo del algoritmo. Sus tres tramos en orden de ejecución: (1) el GridSearchCV con el balanceo ganador + el refit sobre todo D3 = 'tiempo_entrenamiento_s' (2) el predict sobre los flujos de D2 de tipo conocido = 'tiempo_inferencia_s' y (3) la cola de evaluar_multiclase + UNA figura —la matriz de confusión 4x4—. El (3) no lleva columna propia porque sale EXACTO restando de 'tiempo_s' las otras dos columnas de tiempo —salvo dos menudencias que caen en la misma ventana: leer busqueda.best_estimator_ y dos print—. NO incluye el mini-experimento de balanceo de 4.3.4 que corre antes y se publica en metricas_balanceo.csv · wall-clock de un pase único en máquina no dedicada: NO es reproducible ni comparable entre corridas y NO es una propiedad del algoritmo — vale como orden de magnitud y como comparación relativa DENTRO de esta misma corrida. La dispersión medida entre corridas y el umbral por debajo del cual una diferencia entre dos filas no significa nada están tabulados en Implementacion/PIPELINE.md sección 'Las columnas de tiempo: qué miden y hasta dónde valen' — anclados al commit de cada corrida y NO aquí a propósito: una cifra dentro del dato no se puede corregir sin re-correr · 'latencia_ms_por_flujo' y 'flujos_por_segundo' miden SOLO el predict/score sobre características ya calculadas y ya en memoria: NO incluyen captura de tráfico · ensamblado del flujo · extracción de las 41 características —donde vive el coste real de un despliegue— así que no son capacidad operativa del sistema,78.306,2.59,9083,0.285182,3506.5,0.99198,0.991117,0.991548,5741,0.851966,0.999096,0.919684,1106,0.995003,0.814916,0.896,2199,0.11245,0.756757,0.195804,37,5,df30cb2,2026-08-12T23:23:41
HistGradientBoosting,multiclase 4 categorías de ataque sobre los ataques de D2 de tipo conocido,122_sin_seleccion,True,122,SMOTE,"{'clf__learning_rate': 0.05, 'clf__max_iter': 300}",0.967494,0.951888,0.754057,0.835148,0.779677,0.954209,9083,155.8,'tiempo_s' = el bloque completo del algoritmo. Sus tres tramos en orden de ejecución: (1) el GridSearchCV con el balanceo ganador + el refit sobre todo D3 = 'tiempo_entrenamiento_s' (2) el predict sobre los flujos de D2 de tipo conocido = 'tiempo_inferencia_s' y (3) la cola de evaluar_multiclase + UNA figura —la matriz de confusión 4x4—. El (3) no lleva columna propia porque sale EXACTO restando de 'tiempo_s' las otras dos columnas de tiempo —salvo dos menudencias que caen en la misma ventana: leer busqueda.best_estimator_ y dos print—. NO incluye el mini-experimento de balanceo de 4.3.4 que corre antes y se publica en metricas_balanceo.csv · wall-clock de un pase único en máquina no dedicada: NO es reproducible ni comparable entre corridas y NO es una propiedad del algoritmo — vale como orden de magnitud y como comparación relativa DENTRO de esta misma corrida. La dispersión medida entre corridas y el umbral por debajo del cual una diferencia entre dos filas no significa nada están tabulados en Implementacion/PIPELINE.md sección 'Las columnas de tiempo: qué miden y hasta dónde valen' — anclados al commit de cada corrida y NO aquí a propósito: una cifra dentro del dato no se puede corregir sin re-correr · 'latencia_ms_por_flujo' y 'flujos_por_segundo' miden SOLO el predict/score sobre características ya calculadas y ya en memoria: NO incluyen captura de tráfico · ensamblado del flujo · extracción de las 41 características —donde vive el coste real de un despliegue— así que no son capacidad operativa del sistema,155.428,0.052,9083,0.005769,173327.5,0.999472,0.988504,0.993957,5741,0.75051,0.998192,0.85681,1106,0.990885,0.840382,0.909449,2199,0.275362,0.513514,0.358491,37,5,df30cb2,2026-08-12T23:23:41
DecisionTree,multiclase 4 categorías de ataque sobre los ataques de D2 de tipo conocido,54,False,54,SMOTE,"{'clf__max_depth': 20, 'clf__min_samples_leaf': 1}",0.964559,0.843994,0.616091,0.682685,0.597599,0.869004,9083,17.73,'tiempo_s' = el bloque completo del algoritmo. Sus tres tramos en orden de ejecución: (1) el GridSearchCV con el balanceo ganador + el refit sobre todo D3 = 'tiempo_entrenamiento_s' (2) el predict sobre los flujos de D2 de tipo conocido = 'tiempo_inferencia_s' y (3) la cola de evaluar_multiclase + UNA figura —la matriz de confusión 4x4—. El (3) no lleva columna propia porque sale EXACTO restando de 'tiempo_s' las otras dos columnas de tiempo —salvo dos menudencias que caen en la misma ventana: leer busqueda.best_estimator_ y dos print—. NO incluye el mini-experimento de balanceo de 4.3.4 que corre antes y se publica en metricas_balanceo.csv · wall-clock de un pase único en máquina no dedicada: NO es reproducible ni comparable entre corridas y NO es una propiedad del algoritmo — vale como orden de magnitud y como comparación relativa DENTRO de esta misma corrida. La dispersión medida entre corridas y el umbral por debajo del cual una diferencia entre dos filas no significa nada están tabulados en Implementacion/PIPELINE.md sección 'Las columnas de tiempo: qué miden y hasta dónde valen' — anclados al commit de cada corrida y NO aquí a propósito: una cifra dentro del dato no se puede corregir sin re-correr · 'latencia_ms_por_flujo' y 'flujos_por_segundo' miden SOLO el predict/score sobre características ya calculadas y ya en memoria: NO incluyen captura de tráfico · ensamblado del flujo · extracción de las 41 características —donde vive el coste real de un despliegue— así que no son capacidad operativa del sistema,17.439,0.002,9083,0.000257,3887105.8,0.998882,0.933461,0.965064,5741,0.428571,0.756781,0.547238,1106,0.98913,0.662119,0.793244,2199,0.047782,0.378378,0.084848,37,6,df30cb2,2026-08-12T23:29:24
RandomForest,multiclase 4 categorías de ataque sobre los ataques de D2 de tipo conocido,54,False,54,class_weight,"{'max_depth': 10, 'n_estimators': 300}",0.977119,0.943521,0.821843,0.837002,0.819544,0.945066,9083,10.84,'tiempo_s' = el bloque completo del algoritmo. Sus tres tramos en orden de ejecución: (1) el GridSearchCV con el balanceo ganador + el refit sobre todo D3 = 'tiempo_entrenamiento_s' (2) el predict sobre los flujos de D2 de tipo conocido = 'tiempo_inferencia_s' y (3) la cola de evaluar_multiclase + UNA figura —la matriz de confusión 4x4—. El (3) no lleva columna propia porque sale EXACTO restando de 'tiempo_s' las otras dos columnas de tiempo —salvo dos menudencias que caen en la misma ventana: leer busqueda.best_estimator_ y dos print—. NO incluye el mini-experimento de balanceo de 4.3.4 que corre antes y se publica en metricas_balanceo.csv · wall-clock de un pase único en máquina no dedicada: NO es reproducible ni comparable entre corridas y NO es una propiedad del algoritmo — vale como orden de magnitud y como comparación relativa DENTRO de esta misma corrida. La dispersión medida entre corridas y el umbral por debajo del cual una diferencia entre dos filas no significa nada están tabulados en Implementacion/PIPELINE.md sección 'Las columnas de tiempo: qué miden y hasta dónde valen' — anclados al commit de cada corrida y NO aquí a propósito: una cifra dentro del dato no se puede corregir sin re-correr · 'latencia_ms_por_flujo' y 'flujos_por_segundo' miden SOLO el predict/score sobre características ya calculadas y ya en memoria: NO incluyen captura de tráfico · ensamblado del flujo · extracción de las 41 características —donde vive el coste real de un despliegue— así que no son capacidad operativa del sistema,10.453,0.086,9083,0.009482,105459.7,0.99965,0.995994,0.997819,5741,0.696912,1.0,0.821389,1106,0.99081,0.784447,0.875635,2199,0.6,0.567568,0.583333,37,6,df30cb2,2026-08-12T23:29:24
KNN,multiclase 4 categorías de ataque sobre los ataques de D2 de tipo conocido,54,False,54,SMOTE,"{'clf__n_neighbors': 3, 'clf__weights': 'uniform'}",0.945113,0.951778,0.742848,0.892619,0.765856,0.956318,9083,51.05,'tiempo_s' = el bloque completo del algoritmo. Sus tres tramos en orden de ejecución: (1) el GridSearchCV con el balanceo ganador + el refit sobre todo D3 = 'tiempo_entrenamiento_s' (2) el predict sobre los flujos de D2 de tipo conocido = 'tiempo_inferencia_s' y (3) la cola de evaluar_multiclase + UNA figura —la matriz de confusión 4x4—. El (3) no lleva columna propia porque sale EXACTO restando de 'tiempo_s' las otras dos columnas de tiempo —salvo dos menudencias que caen en la misma ventana: leer busqueda.best_estimator_ y dos print—. NO incluye el mini-experimento de balanceo de 4.3.4 que corre antes y se publica en metricas_balanceo.csv · wall-clock de un pase único en máquina no dedicada: NO es reproducible ni comparable entre corridas y NO es una propiedad del algoritmo — vale como orden de magnitud y como comparación relativa DENTRO de esta misma corrida. La dispersión medida entre corridas y el umbral por debajo del cual una diferencia entre dos filas no significa nada están tabulados en Implementacion/PIPELINE.md sección 'Las columnas de tiempo: qué miden y hasta dónde valen' — anclados al commit de cada corrida y NO aquí a propósito: una cifra dentro del dato no se puede corregir sin re-correr · 'latencia_ms_por_flujo' y 'flujos_por_segundo' miden SOLO el predict/score sobre características ya calculadas y ya en memoria: NO incluyen captura de tráfico · ensamblado del flujo · extracción de las 41 características —donde vive el coste real de un despliegue— así que no son capacidad operativa del sistema,49.038,1.67,9083,0.183812,5440.3,0.992523,0.994252,0.993387,5741,0.819125,0.999096,0.900204,1106,0.995036,0.820373,0.899302,2199,0.164706,0.756757,0.270531,37,6,df30cb2,2026-08-12T23:29:24
HistGradientBoosting,multiclase 4 categorías de ataque sobre los ataques de D2 de tipo conocido,54,False,54,SMOTE,"{'clf__learning_rate': 0.05, 'clf__max_iter': 300}",0.95762,0.94253,0.778475,0.85696,0.802046,0.944551,9083,69.88,'tiempo_s' = el bloque completo del algoritmo. Sus tres tramos en orden de ejecución: (1) el GridSearchCV con el balanceo ganador + el refit sobre todo D3 = 'tiempo_entrenamiento_s' (2) el predict sobre los flujos de D2 de tipo conocido = 'tiempo_inferencia_s' y (3) la cola de evaluar_multiclase + UNA figura —la matriz de confusión 4x4—. El (3) no lleva columna propia porque sale EXACTO restando de 'tiempo_s' las otras dos columnas de tiempo —salvo dos menudencias que caen en la misma ventana: leer busqueda.best_estimator_ y dos print—. NO incluye el mini-experimento de balanceo de 4.3.4 que corre antes y se publica en metricas_balanceo.csv · wall-clock de un pase único en máquina no dedicada: NO es reproducible ni comparable entre corridas y NO es una propiedad del algoritmo — vale como orden de magnitud y como comparación relativa DENTRO de esta misma corrida. La dispersión medida entre corridas y el umbral por debajo del cual una diferencia entre dos filas no significa nada están tabulados en Implementacion/PIPELINE.md sección 'Las columnas de tiempo: qué miden y hasta dónde valen' — anclados al commit de cada corrida y NO aquí a propósito: una cifra dentro del dato no se puede corregir sin re-correr · 'latencia_ms_por_flujo' y 'flujos_por_segundo' miden SOLO el predict/score sobre características ya calculadas y ya en memoria: NO incluyen captura de tráfico · ensamblado del flujo · extracción de las 41 características —donde vive el coste real de un despliegue— así que no son capacidad operativa del sistema,69.452,0.093,9083,0.01027,97370.0,0.999299,0.993381,0.996331,5741,0.700443,1.0,0.823836,1106,0.993103,0.785812,0.87738,2199,0.421053,0.648649,0.510638,37,6,df30cb2,2026-08-12T23:29:24
DecisionTree,multiclase 4 categorías de ataque sobre los ataques de D2 de tipo conocido,122_sin_seleccion,True,122,SMOTE,"{'clf__max_depth': 20, 'clf__min_samples_leaf': 1}",0.96101,0.836177,0.618314,0.648021,0.594415,0.87085,9083,24.6,'tiempo_s' = el bloque completo del algoritmo. Sus tres tramos en orden de ejecución: (1) el GridSearchCV con el balanceo ganador + el refit sobre todo D3 = 'tiempo_entrenamiento_s' (2) el predict sobre los flujos de D2 de tipo conocido = 'tiempo_inferencia_s' y (3) la cola de evaluar_multiclase + UNA figura —la matriz de confusión 4x4—. El (3) no lleva columna propia porque sale EXACTO restando de 'tiempo_s' las otras dos columnas de tiempo —salvo dos menudencias que caen en la misma ventana: leer busqueda.best_estimator_ y dos print—. NO incluye el mini-experimento de balanceo de 4.3.4 que corre antes y se publica en metricas_balanceo.csv · wall-clock de un pase único en máquina no dedicada: NO es reproducible ni comparable entre corridas y NO es una propiedad del algoritmo — vale como orden de magnitud y como comparación relativa DENTRO de esta misma corrida. La dispersión medida entre corridas y el umbral por debajo del cual una diferencia entre dos filas no significa nada están tabulados en Implementacion/PIPELINE.md sección 'Las columnas de tiempo: qué miden y hasta dónde valen' — anclados al commit de cada corrida y NO aquí a propósito: una cifra dentro del dato no se puede corregir sin re-correr · 'latencia_ms_por_flujo' y 'flujos_por_segundo' miden SOLO el predict/score sobre características ya calculadas y ya en memoria: NO incluyen captura de tráfico · ensamblado del flujo · extracción de las 41 características —donde vive el coste real de un despliegue— así que no son capacidad operativa del sistema,24.325,0.003,9083,0.000326,3063303.1,0.997734,0.920397,0.957507,5741,0.504148,0.714286,0.591096,1106,0.955724,0.687131,0.799471,2199,0.015649,0.27027,0.029586,37,6,df30cb2,2026-08-12T23:38:45
RandomForest,multiclase 4 categorías de ataque sobre los ataques de D2 de tipo conocido,122_sin_seleccion,True,122,SMOTE,"{'clf__max_depth': 10, 'clf__n_estimators': 100}",0.979893,0.95354,0.778446,0.866105,0.808713,0.955855,9083,56.44,'tiempo_s' = el bloque completo del algoritmo. Sus tres tramos en orden de ejecución: (1) el GridSearchCV con el balanceo ganador + el refit sobre todo D3 = 'tiempo_entrenamiento_s' (2) el predict sobre los flujos de D2 de tipo conocido = 'tiempo_inferencia_s' y (3) la cola de evaluar_multiclase + UNA figura —la matriz de confusión 4x4—. El (3) no lleva columna propia porque sale EXACTO restando de 'tiempo_s' las otras dos columnas de tiempo —salvo dos menudencias que caen en la misma ventana: leer busqueda.best_estimator_ y dos print—. NO incluye el mini-experimento de balanceo de 4.3.4 que corre antes y se publica en metricas_balanceo.csv · wall-clock de un pase único en máquina no dedicada: NO es reproducible ni comparable entre corridas y NO es una propiedad del algoritmo — vale como orden de magnitud y como comparación relativa DENTRO de esta misma corrida. La dispersión medida entre corridas y el umbral por debajo del cual una diferencia entre dos filas no significa nada están tabulados en Implementacion/PIPELINE.md sección 'Las columnas de tiempo: qué miden y hasta dónde valen' — anclados al commit de cada corrida y NO aquí a propósito: una cifra dentro del dato no se puede corregir sin re-correr · 'latencia_ms_por_flujo' y 'flujos_por_segundo' miden SOLO el predict/score sobre características ya calculadas y ya en memoria: NO incluyen captura de tráfico · ensamblado del flujo · extracción de las 41 características —donde vive el coste real de un despliegue— así que no son capacidad operativa del sistema,56.047,0.047,9083,0.005127,195064.4,0.999823,0.982407,0.991038,5741,0.750339,1.0,0.857364,1106,0.992655,0.860391,0.921803,2199,0.370968,0.621622,0.464646,37,6,df30cb2,2026-08-12T23:38:45
KNN,multiclase 4 categorías de ataque sobre los ataques de D2 de tipo conocido,122_sin_seleccion,True,122,SMOTE,"{'clf__n_neighbors': 11, 'clf__weights': 'uniform'}",0.95383,0.955081,0.753828,0.8969,0.763228,0.963235,9083,82.66,'tiempo_s' = el bloque completo del algoritmo. Sus tres tramos en orden de ejecución: (1) el GridSearchCV con el balanceo ganador + el refit sobre todo D3 = 'tiempo_entrenamiento_s' (2) el predict sobre los flujos de D2 de tipo conocido = 'tiempo_inferencia_s' y (3) la cola de evaluar_multiclase + UNA figura —la matriz de confusión 4x4—. El (3) no lleva columna propia porque sale EXACTO restando de 'tiempo_s' las otras dos columnas de tiempo —salvo dos menudencias que caen en la misma ventana: leer busqueda.best_estimator_ y dos print—. NO incluye el mini-experimento de balanceo de 4.3.4 que corre antes y se publica en metricas_balanceo.csv · wall-clock de un pase único en máquina no dedicada: NO es reproducible ni comparable entre corridas y NO es una propiedad del algoritmo — vale como orden de magnitud y como comparación relativa DENTRO de esta misma corrida. La dispersión medida entre corridas y el umbral por debajo del cual una diferencia entre dos filas no significa nada están tabulados en Implementacion/PIPELINE.md sección 'Las columnas de tiempo: qué miden y hasta dónde valen' — anclados al commit de cada corrida y NO aquí a propósito: una cifra dentro del dato no se puede corregir sin re-correr · 'latencia_ms_por_flujo' y 'flujos_por_segundo' miden SOLO el predict/score sobre características ya calculadas y ya en memoria: NO incluyen captura de tráfico · ensamblado del flujo · extracción de las 41 características —donde vive el coste real de un despliegue— así que no son capacidad operativa del sistema,79.709,2.6,9083,0.286205,3494.0,0.985633,0.991813,0.988713,5741,0.923849,0.998192,0.959583,1106,0.995156,0.840837,0.911511,2199,0.110672,0.756757,0.193103,37,6,df30cb2,2026-08-12T23:38:45
HistGradientBoosting,multiclase 4 categorías de ataque sobre los ataques de D2 de tipo conocido,122_sin_seleccion,True,122,SMOTE,"{'clf__learning_rate': 0.1, 'clf__max_iter': 300}",0.963392,0.917098,0.726308,0.818212,0.741698,0.920328,9083,140.01,'tiempo_s' = el bloque completo del algoritmo. Sus tres tramos en orden de ejecución: (1) el GridSearchCV con el balanceo ganador + el refit sobre todo D3 = 'tiempo_entrenamiento_s' (2) el predict sobre los flujos de D2 de tipo conocido = 'tiempo_inferencia_s' y (3) la cola de evaluar_multiclase + UNA figura —la matriz de confusión 4x4—. El (3) no lleva columna propia porque sale EXACTO restando de 'tiempo_s' las otras dos columnas de tiempo —salvo dos menudencias que caen en la misma ventana: leer busqueda.best_estimator_ y dos print—. NO incluye el mini-experimento de balanceo de 4.3.4 que corre antes y se publica en metricas_balanceo.csv · wall-clock de un pase único en máquina no dedicada: NO es reproducible ni comparable entre corridas y NO es una propiedad del algoritmo — vale como orden de magnitud y como comparación relativa DENTRO de esta misma corrida. La dispersión medida entre corridas y el umbral por debajo del cual una diferencia entre dos filas no significa nada están tabulados en Implementacion/PIPELINE.md sección 'Las columnas de tiempo: qué miden y hasta dónde valen' — anclados al commit de cada corrida y NO aquí a propósito: una cifra dentro del dato no se puede corregir sin re-correr · 'latencia_ms_por_flujo' y 'flujos_por_segundo' miden SOLO el predict/score sobre características ya calculadas y ya en memoria: NO incluyen captura de tráfico · ensamblado del flujo · extracción de las 41 características —donde vive el coste real de un despliegue— así que no son capacidad operativa del sistema,139.596,0.056,9083,0.006184,161697.5,0.999824,0.991117,0.995451,5741,0.616629,0.999096,0.762595,1106,0.991481,0.68804,0.812349,2199,0.297297,0.594595,0.396396,37,6,df30cb2,2026-08-12T23:38:45
DecisionTree,multiclase 4 categorías de ataque sobre los ataques de D2 de tipo conocido,54,False,54,class_weight,"{'max_depth': 20, 'min_samples_leaf': 1}",0.955266,0.913795,0.761888,0.766936,0.746132,0.920841,9083,2.11,'tiempo_s' = el bloque completo del algoritmo. Sus tres tramos en orden de ejecución: (1) el GridSearchCV con el balanceo ganador + el refit sobre todo D3 = 'tiempo_entrenamiento_s' (2) el predict sobre los flujos de D2 de tipo conocido = 'tiempo_inferencia_s' y (3) la cola de evaluar_multiclase + UNA figura —la matriz de confusión 4x4—. El (3) no lleva columna propia porque sale EXACTO restando de 'tiempo_s' las otras dos columnas de tiempo —salvo dos menudencias que caen en la misma ventana: leer busqueda.best_estimator_ y dos print—. NO incluye el mini-experimento de balanceo de 4.3.4 que corre antes y se publica en metricas_balanceo.csv · wall-clock de un pase único en máquina no dedicada: NO es reproducible ni comparable entre corridas y NO es una propiedad del algoritmo — vale como orden de magnitud y como comparación relativa DENTRO de esta misma corrida. La dispersión medida entre corridas y el umbral por debajo del cual una diferencia entre dos filas no significa nada están tabulados en Implementacion/PIPELINE.md sección 'Las columnas de tiempo: qué miden y hasta dónde valen' — anclados al commit de cada corrida y NO aquí a propósito: una cifra dentro del dato no se puede corregir sin re-correr · 'latencia_ms_por_flujo' y 'flujos_por_segundo' miden SOLO el predict/score sobre características ya calculadas y ya en memoria: NO incluyen captura de tráfico · ensamblado del flujo · extracción de las 41 características —donde vive el coste real de un despliegue— así que no son capacidad operativa del sistema,1.825,0.002,9083,0.000222,4513964.9,0.995145,0.928235,0.960526,5741,0.60262,0.998192,0.751532,1106,0.991453,0.84402,0.911815,2199,0.458333,0.297297,0.360656,37,7,df30cb2,2026-08-12T23:44:13
RandomForest,multiclase 4 categorías de ataque sobre los ataques de D2 de tipo conocido,54,False,54,class_weight,"{'max_depth': None, 'n_estimators': 100}",0.969702,0.938897,0.853832,0.811807,0.814396,0.940389,9083,10.15,'tiempo_s' = el bloque completo del algoritmo. Sus tres tramos en orden de ejecución: (1) el GridSearchCV con el balanceo ganador + el refit sobre todo D3 = 'tiempo_entrenamiento_s' (2) el predict sobre los flujos de D2 de tipo conocido = 'tiempo_inferencia_s' y (3) la cola de evaluar_multiclase + UNA figura —la matriz de confusión 4x4—. El (3) no lleva columna propia porque sale EXACTO restando de 'tiempo_s' las otras dos columnas de tiempo —salvo dos menudencias que caen en la misma ventana: leer busqueda.best_estimator_ y dos print—. NO incluye el mini-experimento de balanceo de 4.3.4 que corre antes y se publica en metricas_balanceo.csv · wall-clock de un pase único en máquina no dedicada: NO es reproducible ni comparable entre corridas y NO es una propiedad del algoritmo — vale como orden de magnitud y como comparación relativa DENTRO de esta misma corrida. La dispersión medida entre corridas y el umbral por debajo del cual una diferencia entre dos filas no significa nada están tabulados en Implementacion/PIPELINE.md sección 'Las columnas de tiempo: qué miden y hasta dónde valen' — anclados al commit de cada corrida y NO aquí a propósito: una cifra dentro del dato no se puede corregir sin re-correr · 'latencia_ms_por_flujo' y 'flujos_por_segundo' miden SOLO el predict/score sobre características ya calculadas y ya en memoria: NO incluyen captura de tráfico · ensamblado del flujo · extracción de las 41 características —donde vive el coste real de un despliegue— así que no son capacidad operativa del sistema,9.794,0.045,9083,0.004956,201779.0,0.999651,0.997213,0.99843,5741,0.676867,1.0,0.807299,1106,0.98881,0.763529,0.861688,2199,0.75,0.486486,0.590164,37,7,df30cb2,2026-08-12T23:44:13
KNN,multiclase 4 categorías de ataque sobre los ataques de D2 de tipo conocido,54,False,54,SMOTE,"{'clf__n_neighbors': 5, 'clf__weights': 'distance'}",0.940671,0.952879,0.746649,0.893756,0.768354,0.95735,9083,52.57,'tiempo_s' = el bloque completo del algoritmo. Sus tres tramos en orden de ejecución: (1) el GridSearchCV con el balanceo ganador + el refit sobre todo D3 = 'tiempo_entrenamiento_s' (2) el predict sobre los flujos de D2 de tipo conocido = 'tiempo_inferencia_s' y (3) la cola de evaluar_multiclase + UNA figura —la matriz de confusión 4x4—. El (3) no lleva columna propia porque sale EXACTO restando de 'tiempo_s' las otras dos columnas de tiempo —salvo dos menudencias que caen en la misma ventana: leer busqueda.best_estimator_ y dos print—. NO incluye el mini-experimento de balanceo de 4.3.4 que corre antes y se publica en metricas_balanceo.csv · wall-clock de un pase único en máquina no dedicada: NO es reproducible ni comparable entre corridas y NO es una propiedad del algoritmo — vale como orden de magnitud y como comparación relativa DENTRO de esta misma corrida. La dispersión medida entre corridas y el umbral por debajo del cual una diferencia entre dos filas no significa nada están tabulados en Implementacion/PIPELINE.md sección 'Las columnas de tiempo: qué miden y hasta dónde valen' — anclados al commit de cada corrida y NO aquí a propósito: una cifra dentro del dato no se puede corregir sin re-correr · 'latencia_ms_por_flujo' y 'flujos_por_segundo' miden SOLO el predict/score sobre características ya calculadas y ya en memoria: NO incluyen captura de tráfico · ensamblado del flujo · extracción de las 41 características —donde vive el coste real de un despliegue— así que no son capacidad operativa del sistema,50.751,1.52,9083,0.167326,5976.4,0.988741,0.994252,0.991489,5741,0.840944,0.999096,0.913223,1106,0.995063,0.82492,0.902039,2199,0.16185,0.756757,0.266667,37,7,df30cb2,2026-08-12T23:44:13
HistGradientBoosting,multiclase 4 categorías de ataque sobre los ataques de D2 de tipo conocido,54,False,54,SMOTE,"{'clf__learning_rate': 0.05, 'clf__max_iter': 300}",0.969658,0.923704,0.773368,0.844513,0.787966,0.926317,9083,65.16,'tiempo_s' = el bloque completo del algoritmo. Sus tres tramos en orden de ejecución: (1) el GridSearchCV con el balanceo ganador + el refit sobre todo D3 = 'tiempo_entrenamiento_s' (2) el predict sobre los flujos de D2 de tipo conocido = 'tiempo_inferencia_s' y (3) la cola de evaluar_multiclase + UNA figura —la matriz de confusión 4x4—. El (3) no lleva columna propia porque sale EXACTO restando de 'tiempo_s' las otras dos columnas de tiempo —salvo dos menudencias que caen en la misma ventana: leer busqueda.best_estimator_ y dos print—. NO incluye el mini-experimento de balanceo de 4.3.4 que corre antes y se publica en metricas_balanceo.csv · wall-clock de un pase único en máquina no dedicada: NO es reproducible ni comparable entre corridas y NO es una propiedad del algoritmo — vale como orden de magnitud y como comparación relativa DENTRO de esta misma corrida. La dispersión medida entre corridas y el umbral por debajo del cual una diferencia entre dos filas no significa nada están tabulados en Implementacion/PIPELINE.md sección 'Las columnas de tiempo: qué miden y hasta dónde valen' — anclados al commit de cada corrida y NO aquí a propósito: una cifra dentro del dato no se puede corregir sin re-correr · 'latencia_ms_por_flujo' y 'flujos_por_segundo' miden SOLO el predict/score sobre características ya calculadas y ya en memoria: NO incluyen captura de tráfico · ensamblado del flujo · extracción de las 41 características —donde vive el coste real de un despliegue— así que no son capacidad operativa del sistema,64.733,0.081,9083,0.008938,111883.7,0.999649,0.99251,0.996067,5741,0.629124,1.0,0.772346,1106,0.993003,0.709868,0.827897,2199,0.471698,0.675676,0.555556,37,7,df30cb2,2026-08-12T23:44:13
DecisionTree,multiclase 4 categorías de ataque sobre los ataques de D2 de tipo conocido,122_sin_seleccion,True,122,class_weight,"{'max_depth': 10, 'min_samples_leaf': 1}",0.96332,0.90752,0.748302,0.763401,0.73786,0.915827,9083,2.44,'tiempo_s' = el bloque completo del algoritmo. Sus tres tramos en orden de ejecución: (1) el GridSearchCV con el balanceo ganador + el refit sobre todo D3 = 'tiempo_entrenamiento_s' (2) el predict sobre los flujos de D2 de tipo conocido = 'tiempo_inferencia_s' y (3) la cola de evaluar_multiclase + UNA figura —la matriz de confusión 4x4—. El (3) no lleva columna propia porque sale EXACTO restando de 'tiempo_s' las otras dos columnas de tiempo —salvo dos menudencias que caen en la misma ventana: leer busqueda.best_estimator_ y dos print—. NO incluye el mini-experimento de balanceo de 4.3.4 que corre antes y se publica en metricas_balanceo.csv · wall-clock de un pase único en máquina no dedicada: NO es reproducible ni comparable entre corridas y NO es una propiedad del algoritmo — vale como orden de magnitud y como comparación relativa DENTRO de esta misma corrida. La dispersión medida entre corridas y el umbral por debajo del cual una diferencia entre dos filas no significa nada están tabulados en Implementacion/PIPELINE.md sección 'Las columnas de tiempo: qué miden y hasta dónde valen' — anclados al commit de cada corrida y NO aquí a propósito: una cifra dentro del dato no se puede corregir sin re-correr · 'latencia_ms_por_flujo' y 'flujos_por_segundo' miden SOLO el predict/score sobre características ya calculadas y ya en memoria: NO incluyen captura de tráfico · ensamblado del flujo · extracción de las 41 características —donde vive el coste real de un despliegue— así que no son capacidad operativa del sistema,2.156,0.003,9083,0.000327,3056705.4,0.995662,0.919526,0.956081,5741,0.583024,0.993671,0.734871,1106,0.991444,0.843111,0.91128,2199,0.423077,0.297297,0.349206,37,7,df30cb2,2026-08-12T23:52:31
RandomForest,multiclase 4 categorías de ataque sobre los ataques de D2 de tipo conocido,122_sin_seleccion,True,122,SMOTE,"{'clf__max_depth': None, 'clf__n_estimators': 300}",0.966212,0.91974,0.758118,0.80952,0.765114,0.923006,9083,62.48,'tiempo_s' = el bloque completo del algoritmo. Sus tres tramos en orden de ejecución: (1) el GridSearchCV con el balanceo ganador + el refit sobre todo D3 = 'tiempo_entrenamiento_s' (2) el predict sobre los flujos de D2 de tipo conocido = 'tiempo_inferencia_s' y (3) la cola de evaluar_multiclase + UNA figura —la matriz de confusión 4x4—. El (3) no lleva columna propia porque sale EXACTO restando de 'tiempo_s' las otras dos columnas de tiempo —salvo dos menudencias que caen en la misma ventana: leer busqueda.best_estimator_ y dos print—. NO incluye el mini-experimento de balanceo de 4.3.4 que corre antes y se publica en metricas_balanceo.csv · wall-clock de un pase único en máquina no dedicada: NO es reproducible ni comparable entre corridas y NO es una propiedad del algoritmo — vale como orden de magnitud y como comparación relativa DENTRO de esta misma corrida. La dispersión medida entre corridas y el umbral por debajo del cual una diferencia entre dos filas no significa nada están tabulados en Implementacion/PIPELINE.md sección 'Las columnas de tiempo: qué miden y hasta dónde valen' — anclados al commit de cada corrida y NO aquí a propósito: una cifra dentro del dato no se puede corregir sin re-correr · 'latencia_ms_por_flujo' y 'flujos_por_segundo' miden SOLO el predict/score sobre características ya calculadas y ya en memoria: NO incluyen captura de tráfico · ensamblado del flujo · extracción de las 41 características —donde vive el coste real de un despliegue— así que no son capacidad operativa del sistema,62.099,0.076,9083,0.008367,119522.1,0.999824,0.986762,0.99325,5741,0.617877,1.0,0.763812,1106,0.989241,0.710778,0.827203,2199,0.425532,0.540541,0.47619,37,7,df30cb2,2026-08-12T23:52:32
KNN,multiclase 4 categorías de ataque sobre los ataques de D2 de tipo conocido,122_sin_seleccion,True,122,SMOTE,"{'clf__n_neighbors': 11, 'clf__weights': 'distance'}",0.944487,0.952549,0.752685,0.894004,0.760917,0.960449,9083,80.47,'tiempo_s' = el bloque completo del algoritmo. Sus tres tramos en orden de ejecución: (1) el GridSearchCV con el balanceo ganador + el refit sobre todo D3 = 'tiempo_entrenamiento_s' (2) el predict sobre los flujos de D2 de tipo conocido = 'tiempo_inferencia_s' y (3) la cola de evaluar_multiclase + UNA figura —la matriz de confusión 4x4—. El (3) no lleva columna propia porque sale EXACTO restando de 'tiempo_s' las otras dos columnas de tiempo —salvo dos menudencias que caen en la misma ventana: leer busqueda.best_estimator_ y dos print—. NO incluye el mini-experimento de balanceo de 4.3.4 que corre antes y se publica en metricas_balanceo.csv · wall-clock de un pase único en máquina no dedicada: NO es reproducible ni comparable entre corridas y NO es una propiedad del algoritmo — vale como orden de magnitud y como comparación relativa DENTRO de esta misma corrida. La dispersión medida entre corridas y el umbral por debajo del cual una diferencia entre dos filas no significa nada están tabulados en Implementacion/PIPELINE.md sección 'Las columnas de tiempo: qué miden y hasta dónde valen' — anclados al commit de cada corrida y NO aquí a propósito: una cifra dentro del dato no se puede corregir sin re-correr · 'latencia_ms_por_flujo' y 'flujos_por_segundo' miden SOLO el predict/score sobre características ya calculadas y ya en memoria: NO incluyen captura de tráfico · ensamblado del flujo · extracción de las 41 características —donde vive el coste real de un despliegue— así que no son capacidad operativa del sistema,77.413,2.719,9083,0.299347,3340.6,0.981906,0.99251,0.987179,5741,0.923077,0.998192,0.959166,1106,0.995085,0.828558,0.904218,2199,0.110672,0.756757,0.193103,37,7,df30cb2,2026-08-12T23:52:32
HistGradientBoosting,multiclase 4 categorías de ataque sobre los ataques de D2 de tipo conocido,122_sin_seleccion,True,122,SMOTE,"{'clf__learning_rate': 0.1, 'clf__max_iter': 100}",0.966271,0.921282,0.721027,0.823514,0.739835,0.92494,9083,112.78,'tiempo_s' = el bloque completo del algoritmo. Sus tres tramos en orden de ejecución: (1) el GridSearchCV con el balanceo ganador + el refit sobre todo D3 = 'tiempo_entrenamiento_s' (2) el predict sobre los flujos de D2 de tipo conocido = 'tiempo_inferencia_s' y (3) la cola de evaluar_multiclase + UNA figura —la matriz de confusión 4x4—. El (3) no lleva columna propia porque sale EXACTO restando de 'tiempo_s' las otras dos columnas de tiempo —salvo dos menudencias que caen en la misma ventana: leer busqueda.best_estimator_ y dos print—. NO incluye el mini-experimento de balanceo de 4.3.4 que corre antes y se publica en metricas_balanceo.csv · wall-clock de un pase único en máquina no dedicada: NO es reproducible ni comparable entre corridas y NO es una propiedad del algoritmo — vale como orden de magnitud y como comparación relativa DENTRO de esta misma corrida. La dispersión medida entre corridas y el umbral por debajo del cual una diferencia entre dos filas no significa nada están tabulados en Implementacion/PIPELINE.md sección 'Las columnas de tiempo: qué miden y hasta dónde valen' — anclados al commit de cada corrida y NO aquí a propósito: una cifra dentro del dato no se puede corregir sin re-correr · 'latencia_ms_por_flujo' y 'flujos_por_segundo' miden SOLO el predict/score sobre características ya calculadas y ya en memoria: NO incluyen captura de tráfico · ensamblado del flujo · extracción de las 41 características —donde vive el coste real de un despliegue— así que no son capacidad operativa del sistema,112.373,0.049,9083,0.005362,186487.0,0.999824,0.988678,0.99422,5741,0.634328,0.999096,0.775983,1106,0.991134,0.711687,0.828481,2199,0.258824,0.594595,0.360656,37,7,df30cb2,2026-08-12T23:52:32
DecisionTree,multiclase 4 categorías de ataque sobre los ataques de D2 de tipo conocido,54,False,54,class_weight,"{'max_depth': 10, 'min_samples_leaf': 1}",0.954373,0.914456,0.762132,0.767197,0.74636,0.921549,9083,2.13,'tiempo_s' = el bloque completo del algoritmo. Sus tres tramos en orden de ejecución: (1) el GridSearchCV con el balanceo ganador + el refit sobre todo D3 = 'tiempo_entrenamiento_s' (2) el predict sobre los flujos de D2 de tipo conocido = 'tiempo_inferencia_s' y (3) la cola de evaluar_multiclase + UNA figura —la matriz de confusión 4x4—. El (3) no lleva columna propia porque sale EXACTO restando de 'tiempo_s' las otras dos columnas de tiempo —salvo dos menudencias que caen en la misma ventana: leer busqueda.best_estimator_ y dos print—. NO incluye el mini-experimento de balanceo de 4.3.4 que corre antes y se publica en metricas_balanceo.csv · wall-clock de un pase único en máquina no dedicada: NO es reproducible ni comparable entre corridas y NO es una propiedad del algoritmo — vale como orden de magnitud y como comparación relativa DENTRO de esta misma corrida. La dispersión medida entre corridas y el umbral por debajo del cual una diferencia entre dos filas no significa nada están tabulados en Implementacion/PIPELINE.md sección 'Las columnas de tiempo: qué miden y hasta dónde valen' — anclados al commit de cada corrida y NO aquí a propósito: una cifra dentro del dato no se puede corregir sin re-correr · 'latencia_ms_por_flujo' y 'flujos_por_segundo' miden SOLO el predict/score sobre características ya calculadas y ya en memoria: NO incluyen captura de tráfico · ensamblado del flujo · extracción de las 41 características —donde vive el coste real de un despliegue— así que no son capacidad operativa del sistema,1.862,0.002,9083,0.000236,4228781.7,0.996451,0.929281,0.961694,5741,0.602291,0.998192,0.751276,1106,0.991453,0.84402,0.911815,2199,0.458333,0.297297,0.360656,37,8,df30cb2,2026-08-12T23:58:43
RandomForest,multiclase 4 categorías de ataque sobre los ataques de D2 de tipo conocido,54,False,54,SMOTE,"{'clf__max_depth': None, 'clf__n_estimators': 100}",0.961329,0.948365,0.794215,0.802216,0.789707,0.949585,9083,54.11,'tiempo_s' = el bloque completo del algoritmo. Sus tres tramos en orden de ejecución: (1) el GridSearchCV con el balanceo ganador + el refit sobre todo D3 = 'tiempo_entrenamiento_s' (2) el predict sobre los flujos de D2 de tipo conocido = 'tiempo_inferencia_s' y (3) la cola de evaluar_multiclase + UNA figura —la matriz de confusión 4x4—. El (3) no lleva columna propia porque sale EXACTO restando de 'tiempo_s' las otras dos columnas de tiempo —salvo dos menudencias que caen en la misma ventana: leer busqueda.best_estimator_ y dos print—. NO incluye el mini-experimento de balanceo de 4.3.4 que corre antes y se publica en metricas_balanceo.csv · wall-clock de un pase único en máquina no dedicada: NO es reproducible ni comparable entre corridas y NO es una propiedad del algoritmo — vale como orden de magnitud y como comparación relativa DENTRO de esta misma corrida. La dispersión medida entre corridas y el umbral por debajo del cual una diferencia entre dos filas no significa nada están tabulados en Implementacion/PIPELINE.md sección 'Las columnas de tiempo: qué miden y hasta dónde valen' — anclados al commit de cada corrida y NO aquí a propósito: una cifra dentro del dato no se puede corregir sin re-correr · 'latencia_ms_por_flujo' y 'flujos_por_segundo' miden SOLO el predict/score sobre características ya calculadas y ya en memoria: NO incluyen captura de tráfico · ensamblado del flujo · extracción de las 41 características —donde vive el coste real de un despliegue— así que no son capacidad operativa del sistema,53.785,0.033,9083,0.003617,276495.9,0.999825,0.99582,0.997818,5741,0.720521,1.0,0.837562,1106,0.987764,0.80764,0.888666,2199,0.46875,0.405405,0.434783,37,8,df30cb2,2026-08-12T23:58:43
KNN,multiclase 4 categorías de ataque sobre los ataques de D2 de tipo conocido,54,False,54,SMOTE,"{'clf__n_neighbors': 3, 'clf__weights': 'distance'}",0.930709,0.9651,0.763556,0.906235,0.784077,0.97016,9083,52.24,'tiempo_s' = el bloque completo del algoritmo. Sus tres tramos en orden de ejecución: (1) el GridSearchCV con el balanceo ganador + el refit sobre todo D3 = 'tiempo_entrenamiento_s' (2) el predict sobre los flujos de D2 de tipo conocido = 'tiempo_inferencia_s' y (3) la cola de evaluar_multiclase + UNA figura —la matriz de confusión 4x4—. El (3) no lleva columna propia porque sale EXACTO restando de 'tiempo_s' las otras dos columnas de tiempo —salvo dos menudencias que caen en la misma ventana: leer busqueda.best_estimator_ y dos print—. NO incluye el mini-experimento de balanceo de 4.3.4 que corre antes y se publica en metricas_balanceo.csv · wall-clock de un pase único en máquina no dedicada: NO es reproducible ni comparable entre corridas y NO es una propiedad del algoritmo — vale como orden de magnitud y como comparación relativa DENTRO de esta misma corrida. La dispersión medida entre corridas y el umbral por debajo del cual una diferencia entre dos filas no significa nada están tabulados en Implementacion/PIPELINE.md sección 'Las columnas de tiempo: qué miden y hasta dónde valen' — anclados al commit de cada corrida y NO aquí a propósito: una cifra dentro del dato no se puede corregir sin re-correr · 'latencia_ms_por_flujo' y 'flujos_por_segundo' miden SOLO el predict/score sobre características ya calculadas y ya en memoria: NO incluyen captura de tráfico · ensamblado del flujo · extracción de las 41 características —donde vive el coste real de un despliegue— así que no son capacidad operativa del sistema,50.226,1.663,9083,0.183056,5462.8,0.991492,0.9946,0.993043,5741,0.910965,0.999096,0.952997,1106,0.995342,0.874488,0.931009,2199,0.156425,0.756757,0.259259,37,8,df30cb2,2026-08-12T23:58:43
HistGradientBoosting,multiclase 4 categorías de ataque sobre los ataques de D2 de tipo conocido,54,False,54,SMOTE,"{'clf__learning_rate': 0.05, 'clf__max_iter': 100}",0.955068,0.950787,0.770337,0.805657,0.780788,0.952245,9083,68.08,'tiempo_s' = el bloque completo del algoritmo. Sus tres tramos en orden de ejecución: (1) el GridSearchCV con el balanceo ganador + el refit sobre todo D3 = 'tiempo_entrenamiento_s' (2) el predict sobre los flujos de D2 de tipo conocido = 'tiempo_inferencia_s' y (3) la cola de evaluar_multiclase + UNA figura —la matriz de confusión 4x4—. El (3) no lleva columna propia porque sale EXACTO restando de 'tiempo_s' las otras dos columnas de tiempo —salvo dos menudencias que caen en la misma ventana: leer busqueda.best_estimator_ y dos print—. NO incluye el mini-experimento de balanceo de 4.3.4 que corre antes y se publica en metricas_balanceo.csv · wall-clock de un pase único en máquina no dedicada: NO es reproducible ni comparable entre corridas y NO es una propiedad del algoritmo — vale como orden de magnitud y como comparación relativa DENTRO de esta misma corrida. La dispersión medida entre corridas y el umbral por debajo del cual una diferencia entre dos filas no significa nada están tabulados en Implementacion/PIPELINE.md sección 'Las columnas de tiempo: qué miden y hasta dónde valen' — anclados al commit de cada corrida y NO aquí a propósito: una cifra dentro del dato no se puede corregir sin re-correr · 'latencia_ms_por_flujo' y 'flujos_por_segundo' miden SOLO el predict/score sobre características ya calculadas y ya en memoria: NO incluyen captura de tráfico · ensamblado del flujo · extracción de las 41 características —donde vive el coste real de un despliegue— así que no son capacidad operativa del sistema,67.683,0.059,9083,0.006539,152921.5,0.999474,0.993207,0.996331,5741,0.736176,0.999096,0.847718,1106,0.988556,0.82492,0.899355,2199,0.357143,0.405405,0.379747,37,8,df30cb2,2026-08-12T23:58:43
DecisionTree,multiclase 4 categorías de ataque sobre los ataques de D2 de tipo conocido,122_sin_seleccion,True,122,class_weight,"{'max_depth': 20, 'min_samples_leaf': 1}",0.959185,0.903226,0.750081,0.760569,0.739105,0.911598,9083,2.75,'tiempo_s' = el bloque completo del algoritmo. Sus tres tramos en orden de ejecución: (1) el GridSearchCV con el balanceo ganador + el refit sobre todo D3 = 'tiempo_entrenamiento_s' (2) el predict sobre los flujos de D2 de tipo conocido = 'tiempo_inferencia_s' y (3) la cola de evaluar_multiclase + UNA figura —la matriz de confusión 4x4—. El (3) no lleva columna propia porque sale EXACTO restando de 'tiempo_s' las otras dos columnas de tiempo —salvo dos menudencias que caen en la misma ventana: leer busqueda.best_estimator_ y dos print—. NO incluye el mini-experimento de balanceo de 4.3.4 que corre antes y se publica en metricas_balanceo.csv · wall-clock de un pase único en máquina no dedicada: NO es reproducible ni comparable entre corridas y NO es una propiedad del algoritmo — vale como orden de magnitud y como comparación relativa DENTRO de esta misma corrida. La dispersión medida entre corridas y el umbral por debajo del cual una diferencia entre dos filas no significa nada están tabulados en Implementacion/PIPELINE.md sección 'Las columnas de tiempo: qué miden y hasta dónde valen' — anclados al commit de cada corrida y NO aquí a propósito: una cifra dentro del dato no se puede corregir sin re-correr · 'latencia_ms_por_flujo' y 'flujos_por_segundo' miden SOLO el predict/score sobre características ya calculadas y ya en memoria: NO incluyen captura de tráfico · ensamblado del flujo · extracción de las 41 características —donde vive el coste real de un despliegue— así que no son capacidad operativa del sistema,2.474,0.003,9083,0.000348,2872912.4,0.995477,0.920049,0.956278,5741,0.575163,0.954792,0.717879,1106,0.968146,0.843111,0.901313,2199,0.461538,0.324324,0.380952,37,8,df30cb2,2026-08-13T00:07:29
RandomForest,multiclase 4 categorías de ataque sobre los ataques de D2 de tipo conocido,122_sin_seleccion,True,122,SMOTE,"{'clf__max_depth': 10, 'clf__n_estimators': 300}",0.977792,0.974678,0.775373,0.872262,0.803725,0.97701,9083,61.32,'tiempo_s' = el bloque completo del algoritmo. Sus tres tramos en orden de ejecución: (1) el GridSearchCV con el balanceo ganador + el refit sobre todo D3 = 'tiempo_entrenamiento_s' (2) el predict sobre los flujos de D2 de tipo conocido = 'tiempo_inferencia_s' y (3) la cola de evaluar_multiclase + UNA figura —la matriz de confusión 4x4—. El (3) no lleva columna propia porque sale EXACTO restando de 'tiempo_s' las otras dos columnas de tiempo —salvo dos menudencias que caen en la misma ventana: leer busqueda.best_estimator_ y dos print—. NO incluye el mini-experimento de balanceo de 4.3.4 que corre antes y se publica en metricas_balanceo.csv · wall-clock de un pase único en máquina no dedicada: NO es reproducible ni comparable entre corridas y NO es una propiedad del algoritmo — vale como orden de magnitud y como comparación relativa DENTRO de esta misma corrida. La dispersión medida entre corridas y el umbral por debajo del cual una diferencia entre dos filas no significa nada están tabulados en Implementacion/PIPELINE.md sección 'Las columnas de tiempo: qué miden y hasta dónde valen' — anclados al commit de cada corrida y NO aquí a propósito: una cifra dentro del dato no se puede corregir sin re-correr · 'latencia_ms_por_flujo' y 'flujos_por_segundo' miden SOLO el predict/score sobre características ya calculadas y ya en memoria: NO incluyen captura de tráfico · ensamblado del flujo · extracción de las 41 características —donde vive el coste real de un despliegue— así que no son capacidad operativa del sistema,60.923,0.079,9083,0.008677,115243.8,0.999824,0.98833,0.994043,5741,0.888353,1.0,0.940876,1106,0.992263,0.933151,0.9618,2199,0.221053,0.567568,0.318182,37,8,df30cb2,2026-08-13T00:07:29
KNN,multiclase 4 categorías de ataque sobre los ataques de D2 de tipo conocido,122_sin_seleccion,True,122,SMOTE,"{'clf__n_neighbors': 3, 'clf__weights': 'distance'}",0.940526,0.958054,0.753444,0.900292,0.765241,0.966355,9083,80.56,'tiempo_s' = el bloque completo del algoritmo. Sus tres tramos en orden de ejecución: (1) el GridSearchCV con el balanceo ganador + el refit sobre todo D3 = 'tiempo_entrenamiento_s' (2) el predict sobre los flujos de D2 de tipo conocido = 'tiempo_inferencia_s' y (3) la cola de evaluar_multiclase + UNA figura —la matriz de confusión 4x4—. El (3) no lleva columna propia porque sale EXACTO restando de 'tiempo_s' las otras dos columnas de tiempo —salvo dos menudencias que caen en la misma ventana: leer busqueda.best_estimator_ y dos print—. NO incluye el mini-experimento de balanceo de 4.3.4 que corre antes y se publica en metricas_balanceo.csv · wall-clock de un pase único en máquina no dedicada: NO es reproducible ni comparable entre corridas y NO es una propiedad del algoritmo — vale como orden de magnitud y como comparación relativa DENTRO de esta misma corrida. La dispersión medida entre corridas y el umbral por debajo del cual una diferencia entre dos filas no significa nada están tabulados en Implementacion/PIPELINE.md sección 'Las columnas de tiempo: qué miden y hasta dónde valen' — anclados al commit de cada corrida y NO aquí a propósito: una cifra dentro del dato no se puede corregir sin re-correr · 'latencia_ms_por_flujo' y 'flujos_por_segundo' miden SOLO el predict/score sobre características ya calculadas y ya en memoria: NO incluyen captura de tráfico · ensamblado del flujo · extracción de las 41 características —donde vive el coste real de un despliegue— así que no son capacidad operativa del sistema,77.586,2.619,9083,0.288305,3468.6,0.991809,0.991291,0.99155,5741,0.914735,0.999096,0.955056,1106,0.995231,0.854025,0.919236,2199,0.112,0.756757,0.195122,37,8,df30cb2,2026-08-13T00:07:29
HistGradientBoosting,multiclase 4 categorías de ataque sobre los ataques de D2 de tipo conocido,122_sin_seleccion,True,122,SMOTE,"{'clf__learning_rate': 0.1, 'clf__max_iter': 100}",0.961548,0.945062,0.742825,0.854012,0.771105,0.948052,9083,132.48,'tiempo_s' = el bloque completo del algoritmo. Sus tres tramos en orden de ejecución: (1) el GridSearchCV con el balanceo ganador + el refit sobre todo D3 = 'tiempo_entrenamiento_s' (2) el predict sobre los flujos de D2 de tipo conocido = 'tiempo_inferencia_s' y (3) la cola de evaluar_multiclase + UNA figura —la matriz de confusión 4x4—. El (3) no lleva columna propia porque sale EXACTO restando de 'tiempo_s' las otras dos columnas de tiempo —salvo dos menudencias que caen en la misma ventana: leer busqueda.best_estimator_ y dos print—. NO incluye el mini-experimento de balanceo de 4.3.4 que corre antes y se publica en metricas_balanceo.csv · wall-clock de un pase único en máquina no dedicada: NO es reproducible ni comparable entre corridas y NO es una propiedad del algoritmo — vale como orden de magnitud y como comparación relativa DENTRO de esta misma corrida. La dispersión medida entre corridas y el umbral por debajo del cual una diferencia entre dos filas no significa nada están tabulados en Implementacion/PIPELINE.md sección 'Las columnas de tiempo: qué miden y hasta dónde valen' — anclados al commit de cada corrida y NO aquí a propósito: una cifra dentro del dato no se puede corregir sin re-correr · 'latencia_ms_por_flujo' y 'flujos_por_segundo' miden SOLO el predict/score sobre características ya calculadas y ya en memoria: NO incluyen captura de tráfico · ensamblado del flujo · extracción de las 41 características —donde vive el coste real de un despliegue— así que no son capacidad operativa del sistema,132.066,0.061,9083,0.006663,150080.1,0.999824,0.99042,0.9951,5741,0.726018,0.999096,0.840944,1106,0.992709,0.804911,0.889001,2199,0.252747,0.621622,0.359375,37,8,df30cb2,2026-08-13T00:07:29
DecisionTree,multiclase 4 categorías de ataque sobre los ataques de D2 de tipo conocido,54,False,54,SMOTE,"{'clf__max_depth': 10, 'clf__min_samples_leaf': 5}",0.94916,0.869426,0.761607,0.726809,0.705294,0.881213,9083,17.36,'tiempo_s' = el bloque completo del algoritmo. Sus tres tramos en orden de ejecución: (1) el GridSearchCV con el balanceo ganador + el refit sobre todo D3 = 'tiempo_entrenamiento_s' (2) el predict sobre los flujos de D2 de tipo conocido = 'tiempo_inferencia_s' y (3) la cola de evaluar_multiclase + UNA figura —la matriz de confusión 4x4—. El (3) no lleva columna propia porque sale EXACTO restando de 'tiempo_s' las otras dos columnas de tiempo —salvo dos menudencias que caen en la misma ventana: leer busqueda.best_estimator_ y dos print—. NO incluye el mini-experimento de balanceo de 4.3.4 que corre antes y se publica en metricas_balanceo.csv · wall-clock de un pase único en máquina no dedicada: NO es reproducible ni comparable entre corridas y NO es una propiedad del algoritmo — vale como orden de magnitud y como comparación relativa DENTRO de esta misma corrida. La dispersión medida entre corridas y el umbral por debajo del cual una diferencia entre dos filas no significa nada están tabulados en Implementacion/PIPELINE.md sección 'Las columnas de tiempo: qué miden y hasta dónde valen' — anclados al commit de cada corrida y NO aquí a propósito: una cifra dentro del dato no se puede corregir sin re-correr · 'latencia_ms_por_flujo' y 'flujos_por_segundo' miden SOLO el predict/score sobre características ya calculadas y ya en memoria: NO incluyen captura de tráfico · ensamblado del flujo · extracción de las 41 características —donde vive el coste real de un despliegue— así que no son capacidad operativa del sistema,17.087,0.002,9083,0.00024,4170339.7,0.998878,0.930326,0.963384,5741,0.489135,0.997288,0.656352,1106,0.986986,0.655298,0.787647,2199,0.571429,0.324324,0.413793,37,9,df30cb2,2026-08-13T00:13:23
RandomForest,multiclase 4 categorías de ataque sobre los ataques de D2 de tipo conocido,54,False,54,class_weight,"{'max_depth': None, 'n_estimators': 100}",0.977678,0.93086,0.809199,0.783859,0.777857,0.932555,9083,10.27,'tiempo_s' = el bloque completo del algoritmo. Sus tres tramos en orden de ejecución: (1) el GridSearchCV con el balanceo ganador + el refit sobre todo D3 = 'tiempo_entrenamiento_s' (2) el predict sobre los flujos de D2 de tipo conocido = 'tiempo_inferencia_s' y (3) la cola de evaluar_multiclase + UNA figura —la matriz de confusión 4x4—. El (3) no lleva columna propia porque sale EXACTO restando de 'tiempo_s' las otras dos columnas de tiempo —salvo dos menudencias que caen en la misma ventana: leer busqueda.best_estimator_ y dos print—. NO incluye el mini-experimento de balanceo de 4.3.4 que corre antes y se publica en metricas_balanceo.csv · wall-clock de un pase único en máquina no dedicada: NO es reproducible ni comparable entre corridas y NO es una propiedad del algoritmo — vale como orden de magnitud y como comparación relativa DENTRO de esta misma corrida. La dispersión medida entre corridas y el umbral por debajo del cual una diferencia entre dos filas no significa nada están tabulados en Implementacion/PIPELINE.md sección 'Las columnas de tiempo: qué miden y hasta dónde valen' — anclados al commit de cada corrida y NO aquí a propósito: una cifra dentro del dato no se puede corregir sin re-correr · 'latencia_ms_por_flujo' y 'flujos_por_segundo' miden SOLO el predict/score sobre características ya calculadas y ya en memoria: NO incluyen captura de tráfico · ensamblado del flujo · extracción de las 41 características —donde vive el coste real de un despliegue— así que no son capacidad operativa del sistema,9.698,0.075,9083,0.008305,120412.9,0.999825,0.996516,0.998168,5741,0.649824,1.0,0.787749,1106,0.987148,0.733515,0.841638,2199,0.6,0.405405,0.483871,37,9,df30cb2,2026-08-13T00:13:23
KNN,multiclase 4 categorías de ataque sobre los ataques de D2 de tipo conocido,54,False,54,SMOTE,"{'clf__n_neighbors': 3, 'clf__weights': 'distance'}",0.939387,0.948916,0.738809,0.889734,0.760299,0.9537,9083,51.48,'tiempo_s' = el bloque completo del algoritmo. Sus tres tramos en orden de ejecución: (1) el GridSearchCV con el balanceo ganador + el refit sobre todo D3 = 'tiempo_entrenamiento_s' (2) el predict sobre los flujos de D2 de tipo conocido = 'tiempo_inferencia_s' y (3) la cola de evaluar_multiclase + UNA figura —la matriz de confusión 4x4—. El (3) no lleva columna propia porque sale EXACTO restando de 'tiempo_s' las otras dos columnas de tiempo —salvo dos menudencias que caen en la misma ventana: leer busqueda.best_estimator_ y dos print—. NO incluye el mini-experimento de balanceo de 4.3.4 que corre antes y se publica en metricas_balanceo.csv · wall-clock de un pase único en máquina no dedicada: NO es reproducible ni comparable entre corridas y NO es una propiedad del algoritmo — vale como orden de magnitud y como comparación relativa DENTRO de esta misma corrida. La dispersión medida entre corridas y el umbral por debajo del cual una diferencia entre dos filas no significa nada están tabulados en Implementacion/PIPELINE.md sección 'Las columnas de tiempo: qué miden y hasta dónde valen' — anclados al commit de cada corrida y NO aquí a propósito: una cifra dentro del dato no se puede corregir sin re-correr · 'latencia_ms_por_flujo' y 'flujos_por_segundo' miden SOLO el predict/score sobre características ya calculadas y ya en memoria: NO incluyen captura de tráfico · ensamblado del flujo · extracción de las 41 características —donde vive el coste real de un despliegue— así que no son capacidad operativa del sistema,49.433,1.702,9083,0.187354,5337.5,0.991659,0.994078,0.992867,5741,0.811307,0.999096,0.895462,1106,0.994966,0.809004,0.8924,2199,0.157303,0.756757,0.260465,37,9,df30cb2,2026-08-13T00:13:23
HistGradientBoosting,multiclase 4 categorías de ataque sobre los ataques de D2 de tipo conocido,54,False,54,SMOTE,"{'clf__learning_rate': 0.1, 'clf__max_iter': 100}",0.974945,0.917979,0.758658,0.819753,0.767953,0.920964,9083,69.57,'tiempo_s' = el bloque completo del algoritmo. Sus tres tramos en orden de ejecución: (1) el GridSearchCV con el balanceo ganador + el refit sobre todo D3 = 'tiempo_entrenamiento_s' (2) el predict sobre los flujos de D2 de tipo conocido = 'tiempo_inferencia_s' y (3) la cola de evaluar_multiclase + UNA figura —la matriz de confusión 4x4—. El (3) no lleva columna propia porque sale EXACTO restando de 'tiempo_s' las otras dos columnas de tiempo —salvo dos menudencias que caen en la misma ventana: leer busqueda.best_estimator_ y dos print—. NO incluye el mini-experimento de balanceo de 4.3.4 que corre antes y se publica en metricas_balanceo.csv · wall-clock de un pase único en máquina no dedicada: NO es reproducible ni comparable entre corridas y NO es una propiedad del algoritmo — vale como orden de magnitud y como comparación relativa DENTRO de esta misma corrida. La dispersión medida entre corridas y el umbral por debajo del cual una diferencia entre dos filas no significa nada están tabulados en Implementacion/PIPELINE.md sección 'Las columnas de tiempo: qué miden y hasta dónde valen' — anclados al commit de cada corrida y NO aquí a propósito: una cifra dentro del dato no se puede corregir sin re-correr · 'latencia_ms_por_flujo' y 'flujos_por_segundo' miden SOLO el predict/score sobre características ya calculadas y ya en memoria: NO incluyen captura de tráfico · ensamblado del flujo · extracción de las 41 características —donde vive el coste real de un despliegue— así que no son capacidad operativa del sistema,69.163,0.043,9083,0.004764,209909.2,0.999121,0.989549,0.994312,5741,0.613208,0.999096,0.759972,1106,0.990933,0.695771,0.817526,2199,0.431373,0.594595,0.5,37,9,df30cb2,2026-08-13T00:13:23
DecisionTree,multiclase 4 categorías de ataque sobre los ataques de D2 de tipo conocido,122_sin_seleccion,True,122,class_weight,"{'max_depth': 10, 'min_samples_leaf': 1}",0.954237,0.90796,0.758206,0.770541,0.746177,0.916222,9083,2.73,'tiempo_s' = el bloque completo del algoritmo. Sus tres tramos en orden de ejecución: (1) el GridSearchCV con el balanceo ganador + el refit sobre todo D3 = 'tiempo_entrenamiento_s' (2) el predict sobre los flujos de D2 de tipo conocido = 'tiempo_inferencia_s' y (3) la cola de evaluar_multiclase + UNA figura —la matriz de confusión 4x4—. El (3) no lleva columna propia porque sale EXACTO restando de 'tiempo_s' las otras dos columnas de tiempo —salvo dos menudencias que caen en la misma ventana: leer busqueda.best_estimator_ y dos print—. NO incluye el mini-experimento de balanceo de 4.3.4 que corre antes y se publica en metricas_balanceo.csv · wall-clock de un pase único en máquina no dedicada: NO es reproducible ni comparable entre corridas y NO es una propiedad del algoritmo — vale como orden de magnitud y como comparación relativa DENTRO de esta misma corrida. La dispersión medida entre corridas y el umbral por debajo del cual una diferencia entre dos filas no significa nada están tabulados en Implementacion/PIPELINE.md sección 'Las columnas de tiempo: qué miden y hasta dónde valen' — anclados al commit de cada corrida y NO aquí a propósito: una cifra dentro del dato no se puede corregir sin re-correr · 'latencia_ms_por_flujo' y 'flujos_por_segundo' miden SOLO el predict/score sobre características ya calculadas y ya en memoria: NO incluyen captura de tráfico · ensamblado del flujo · extracción de las 41 características —donde vive el coste real de un despliegue— así que no son capacidad operativa del sistema,2.434,0.003,9083,0.00033,3032215.0,0.995663,0.9197,0.956175,5741,0.584174,0.994575,0.736032,1106,0.991448,0.843565,0.911548,2199,0.461538,0.324324,0.380952,37,9,df30cb2,2026-08-13T00:21:36
RandomForest,multiclase 4 categorías de ataque sobre los ataques de D2 de tipo conocido,122_sin_seleccion,True,122,class_weight,"{'max_depth': None, 'n_estimators': 300}",0.974751,0.860509,0.780622,0.748005,0.715524,0.8612,9083,12.44,'tiempo_s' = el bloque completo del algoritmo. Sus tres tramos en orden de ejecución: (1) el GridSearchCV con el balanceo ganador + el refit sobre todo D3 = 'tiempo_entrenamiento_s' (2) el predict sobre los flujos de D2 de tipo conocido = 'tiempo_inferencia_s' y (3) la cola de evaluar_multiclase + UNA figura —la matriz de confusión 4x4—. El (3) no lleva columna propia porque sale EXACTO restando de 'tiempo_s' las otras dos columnas de tiempo —salvo dos menudencias que caen en la misma ventana: leer busqueda.best_estimator_ y dos print—. NO incluye el mini-experimento de balanceo de 4.3.4 que corre antes y se publica en metricas_balanceo.csv · wall-clock de un pase único en máquina no dedicada: NO es reproducible ni comparable entre corridas y NO es una propiedad del algoritmo — vale como orden de magnitud y como comparación relativa DENTRO de esta misma corrida. La dispersión medida entre corridas y el umbral por debajo del cual una diferencia entre dos filas no significa nada están tabulados en Implementacion/PIPELINE.md sección 'Las columnas de tiempo: qué miden y hasta dónde valen' — anclados al commit de cada corrida y NO aquí a propósito: una cifra dentro del dato no se puede corregir sin re-correr · 'latencia_ms_por_flujo' y 'flujos_por_segundo' miden SOLO el predict/score sobre características ya calculadas y ya en memoria: NO incluyen captura de tráfico · ensamblado del flujo · extracción de las 41 características —donde vive el coste real de un despliegue— así que no son capacidad operativa del sistema,12.077,0.076,9083,0.0084,119049.3,0.999824,0.987633,0.993691,5741,0.471441,1.0,0.640788,1106,0.984556,0.463847,0.630603,2199,0.666667,0.540541,0.597015,37,9,df30cb2,2026-08-13T00:21:36
KNN,multiclase 4 categorías de ataque sobre los ataques de D2 de tipo conocido,122_sin_seleccion,True,122,SMOTE,"{'clf__n_neighbors': 11, 'clf__weights': 'distance'}",0.945138,0.956622,0.754496,0.898113,0.762471,0.965685,9083,83.1,'tiempo_s' = el bloque completo del algoritmo. Sus tres tramos en orden de ejecución: (1) el GridSearchCV con el balanceo ganador + el refit sobre todo D3 = 'tiempo_entrenamiento_s' (2) el predict sobre los flujos de D2 de tipo conocido = 'tiempo_inferencia_s' y (3) la cola de evaluar_multiclase + UNA figura —la matriz de confusión 4x4—. El (3) no lleva columna propia porque sale EXACTO restando de 'tiempo_s' las otras dos columnas de tiempo —salvo dos menudencias que caen en la misma ventana: leer busqueda.best_estimator_ y dos print—. NO incluye el mini-experimento de balanceo de 4.3.4 que corre antes y se publica en metricas_balanceo.csv · wall-clock de un pase único en máquina no dedicada: NO es reproducible ni comparable entre corridas y NO es una propiedad del algoritmo — vale como orden de magnitud y como comparación relativa DENTRO de esta misma corrida. La dispersión medida entre corridas y el umbral por debajo del cual una diferencia entre dos filas no significa nada están tabulados en Implementacion/PIPELINE.md sección 'Las columnas de tiempo: qué miden y hasta dónde valen' — anclados al commit de cada corrida y NO aquí a propósito: una cifra dentro del dato no se puede corregir sin re-correr · 'latencia_ms_por_flujo' y 'flujos_por_segundo' miden SOLO el predict/score sobre características ya calculadas y ya en memoria: NO incluyen captura de tráfico · ensamblado del flujo · extracción de las 41 características —donde vive el coste real de un despliegue— así que no son capacidad operativa del sistema,80.391,2.403,9083,0.264513,3780.5,0.989757,0.993033,0.991392,5741,0.929352,0.999096,0.962963,1106,0.995172,0.843565,0.913118,2199,0.103704,0.756757,0.18241,37,9,df30cb2,2026-08-13T00:21:37
HistGradientBoosting,multiclase 4 categorías de ataque sobre los ataques de D2 de tipo conocido,122_sin_seleccion,True,122,SMOTE,"{'clf__learning_rate': 0.1, 'clf__max_iter': 100}",0.974353,0.934273,0.742645,0.842871,0.767356,0.937239,9083,139.64,'tiempo_s' = el bloque completo del algoritmo. Sus tres tramos en orden de ejecución: (1) el GridSearchCV con el balanceo ganador + el refit sobre todo D3 = 'tiempo_entrenamiento_s' (2) el predict sobre los flujos de D2 de tipo conocido = 'tiempo_inferencia_s' y (3) la cola de evaluar_multiclase + UNA figura —la matriz de confusión 4x4—. El (3) no lleva columna propia porque sale EXACTO restando de 'tiempo_s' las otras dos columnas de tiempo —salvo dos menudencias que caen en la misma ventana: leer busqueda.best_estimator_ y dos print—. NO incluye el mini-experimento de balanceo de 4.3.4 que corre antes y se publica en metricas_balanceo.csv · wall-clock de un pase único en máquina no dedicada: NO es reproducible ni comparable entre corridas y NO es una propiedad del algoritmo — vale como orden de magnitud y como comparación relativa DENTRO de esta misma corrida. La dispersión medida entre corridas y el umbral por debajo del cual una diferencia entre dos filas no significa nada están tabulados en Implementacion/PIPELINE.md sección 'Las columnas de tiempo: qué miden y hasta dónde valen' — anclados al commit de cada corrida y NO aquí a propósito: una cifra dentro del dato no se puede corregir sin re-correr · 'latencia_ms_por_flujo' y 'flujos_por_segundo' miden SOLO el predict/score sobre características ya calculadas y ya en memoria: NO incluyen captura de tráfico · ensamblado del flujo · extracción de las 41 características —donde vive el coste real de un despliegue— así que no son capacidad operativa del sistema,139.243,0.053,9083,0.005839,171269.7,0.999824,0.99042,0.9951,5741,0.675841,0.999096,0.806275,1106,0.992285,0.760346,0.860968,2199,0.302632,0.621622,0.40708,37,9,df30cb2,2026-08-13T00:21:37
DecisionTree,multiclase 4 categorías de ataque sobre los ataques de D2 de tipo conocido,54,False,54,SMOTE,"{'clf__max_depth': 20, 'clf__min_samples_leaf': 1}",0.950859,0.868766,0.649155,0.713542,0.633978,0.889459,9083,17.05,'tiempo_s' = el bloque completo del algoritmo. Sus tres tramos en orden de ejecución: (1) el GridSearchCV con el balanceo ganador + el refit sobre todo D3 = 'tiempo_entrenamiento_s' (2) el predict sobre los flujos de D2 de tipo conocido = 'tiempo_inferencia_s' y (3) la cola de evaluar_multiclase + UNA figura —la matriz de confusión 4x4—. El (3) no lleva columna propia porque sale EXACTO restando de 'tiempo_s' las otras dos columnas de tiempo —salvo dos menudencias que caen en la misma ventana: leer busqueda.best_estimator_ y dos print—. NO incluye el mini-experimento de balanceo de 4.3.4 que corre antes y se publica en metricas_balanceo.csv · wall-clock de un pase único en máquina no dedicada: NO es reproducible ni comparable entre corridas y NO es una propiedad del algoritmo — vale como orden de magnitud y como comparación relativa DENTRO de esta misma corrida. La dispersión medida entre corridas y el umbral por debajo del cual una diferencia entre dos filas no significa nada están tabulados en Implementacion/PIPELINE.md sección 'Las columnas de tiempo: qué miden y hasta dónde valen' — anclados al commit de cada corrida y NO aquí a propósito: una cifra dentro del dato no se puede corregir sin re-correr · 'latencia_ms_por_flujo' y 'flujos_por_segundo' miden SOLO el predict/score sobre características ya calculadas y ya en memoria: NO incluyen captura de tráfico · ensamblado del flujo · extracción de las 41 características —donde vive el coste real de un despliegue— así que no son capacidad operativa del sistema,16.781,0.002,9083,0.00022,4545136.2,0.998689,0.928584,0.962361,5741,0.584836,0.997288,0.737299,1106,0.987713,0.658026,0.789847,2199,0.025381,0.27027,0.046404,37,10,df30cb2,2026-08-13T00:27:54
RandomForest,multiclase 4 categorías de ataque sobre los ataques de D2 de tipo conocido,54,False,54,SMOTE,"{'clf__max_depth': None, 'clf__n_estimators': 100}",0.974742,0.947374,0.808977,0.807135,0.798243,0.948529,9083,52.18,'tiempo_s' = el bloque completo del algoritmo. Sus tres tramos en orden de ejecución: (1) el GridSearchCV con el balanceo ganador + el refit sobre todo D3 = 'tiempo_entrenamiento_s' (2) el predict sobre los flujos de D2 de tipo conocido = 'tiempo_inferencia_s' y (3) la cola de evaluar_multiclase + UNA figura —la matriz de confusión 4x4—. El (3) no lleva columna propia porque sale EXACTO restando de 'tiempo_s' las otras dos columnas de tiempo —salvo dos menudencias que caen en la misma ventana: leer busqueda.best_estimator_ y dos print—. NO incluye el mini-experimento de balanceo de 4.3.4 que corre antes y se publica en metricas_balanceo.csv · wall-clock de un pase único en máquina no dedicada: NO es reproducible ni comparable entre corridas y NO es una propiedad del algoritmo — vale como orden de magnitud y como comparación relativa DENTRO de esta misma corrida. La dispersión medida entre corridas y el umbral por debajo del cual una diferencia entre dos filas no significa nada están tabulados en Implementacion/PIPELINE.md sección 'Las columnas de tiempo: qué miden y hasta dónde valen' — anclados al commit de cada corrida y NO aquí a propósito: una cifra dentro del dato no se puede corregir sin re-correr · 'latencia_ms_por_flujo' y 'flujos_por_segundo' miden SOLO el predict/score sobre características ya calculadas y ya en memoria: NO incluyen captura de tráfico · ensamblado del flujo · extracción de las 41 características —donde vive el coste real de un despliegue— así que no son capacidad operativa del sistema,51.842,0.034,9083,0.003797,263332.6,0.999825,0.997561,0.998692,5741,0.714009,1.0,0.833145,1106,0.988739,0.798545,0.883522,2199,0.533333,0.432432,0.477612,37,10,df30cb2,2026-08-13T00:27:54
KNN,multiclase 4 categorías de ataque sobre los ataques de D2 de tipo conocido,54,False,54,SMOTE,"{'clf__n_neighbors': 3, 'clf__weights': 'distance'}",0.934426,0.951448,0.741242,0.885425,0.763433,0.955944,9083,51.32,'tiempo_s' = el bloque completo del algoritmo. Sus tres tramos en orden de ejecución: (1) el GridSearchCV con el balanceo ganador + el refit sobre todo D3 = 'tiempo_entrenamiento_s' (2) el predict sobre los flujos de D2 de tipo conocido = 'tiempo_inferencia_s' y (3) la cola de evaluar_multiclase + UNA figura —la matriz de confusión 4x4—. El (3) no lleva columna propia porque sale EXACTO restando de 'tiempo_s' las otras dos columnas de tiempo —salvo dos menudencias que caen en la misma ventana: leer busqueda.best_estimator_ y dos print—. NO incluye el mini-experimento de balanceo de 4.3.4 que corre antes y se publica en metricas_balanceo.csv · wall-clock de un pase único en máquina no dedicada: NO es reproducible ni comparable entre corridas y NO es una propiedad del algoritmo — vale como orden de magnitud y como comparación relativa DENTRO de esta misma corrida. La dispersión medida entre corridas y el umbral por debajo del cual una diferencia entre dos filas no significa nada están tabulados en Implementacion/PIPELINE.md sección 'Las columnas de tiempo: qué miden y hasta dónde valen' — anclados al commit de cada corrida y NO aquí a propósito: una cifra dentro del dato no se puede corregir sin re-correr · 'latencia_ms_por_flujo' y 'flujos_por_segundo' miden SOLO el predict/score sobre características ya calculadas y ya en memoria: NO incluyen captura de tráfico · ensamblado del flujo · extracción de las 41 características —donde vive el coste real de un despliegue— así que no son capacidad operativa del sistema,49.352,1.625,9083,0.178927,5588.9,0.992527,0.994774,0.993649,5741,0.816704,0.999096,0.898739,1106,0.995022,0.818099,0.897929,2199,0.160714,0.72973,0.263415,37,10,df30cb2,2026-08-13T00:27:54
HistGradientBoosting,multiclase 4 categorías de ataque sobre los ataques de D2 de tipo conocido,54,False,54,SMOTE,"{'clf__learning_rate': 0.05, 'clf__max_iter': 300}",0.954088,0.946934,0.769776,0.856366,0.796963,0.949214,9083,71.46,'tiempo_s' = el bloque completo del algoritmo. Sus tres tramos en orden de ejecución: (1) el GridSearchCV con el balanceo ganador + el refit sobre todo D3 = 'tiempo_entrenamiento_s' (2) el predict sobre los flujos de D2 de tipo conocido = 'tiempo_inferencia_s' y (3) la cola de evaluar_multiclase + UNA figura —la matriz de confusión 4x4—. El (3) no lleva columna propia porque sale EXACTO restando de 'tiempo_s' las otras dos columnas de tiempo —salvo dos menudencias que caen en la misma ventana: leer busqueda.best_estimator_ y dos print—. NO incluye el mini-experimento de balanceo de 4.3.4 que corre antes y se publica en metricas_balanceo.csv · wall-clock de un pase único en máquina no dedicada: NO es reproducible ni comparable entre corridas y NO es una propiedad del algoritmo — vale como orden de magnitud y como comparación relativa DENTRO de esta misma corrida. La dispersión medida entre corridas y el umbral por debajo del cual una diferencia entre dos filas no significa nada están tabulados en Implementacion/PIPELINE.md sección 'Las columnas de tiempo: qué miden y hasta dónde valen' — anclados al commit de cada corrida y NO aquí a propósito: una cifra dentro del dato no se puede corregir sin re-correr · 'latencia_ms_por_flujo' y 'flujos_por_segundo' miden SOLO el predict/score sobre características ya calculadas y ya en memoria: NO incluyen captura de tráfico · ensamblado del flujo · extracción de las 41 características —donde vive el coste real de un despliegue— así que no son capacidad operativa del sistema,70.989,0.1,9083,0.010983,91053.5,0.999472,0.989375,0.994398,5741,0.72175,0.999096,0.838074,1106,0.992802,0.815371,0.895381,2199,0.365079,0.621622,0.46,37,10,df30cb2,2026-08-13T00:27:54
DecisionTree,multiclase 4 categorías de ataque sobre los ataques de D2 de tipo conocido,122_sin_seleccion,True,122,SMOTE,"{'clf__max_depth': 20, 'clf__min_samples_leaf': 1}",0.954054,0.792359,0.607139,0.650804,0.535583,0.80575,9083,24.39,'tiempo_s' = el bloque completo del algoritmo. Sus tres tramos en orden de ejecución: (1) el GridSearchCV con el balanceo ganador + el refit sobre todo D3 = 'tiempo_entrenamiento_s' (2) el predict sobre los flujos de D2 de tipo conocido = 'tiempo_inferencia_s' y (3) la cola de evaluar_multiclase + UNA figura —la matriz de confusión 4x4—. El (3) no lleva columna propia porque sale EXACTO restando de 'tiempo_s' las otras dos columnas de tiempo —salvo dos menudencias que caen en la misma ventana: leer busqueda.best_estimator_ y dos print—. NO incluye el mini-experimento de balanceo de 4.3.4 que corre antes y se publica en metricas_balanceo.csv · wall-clock de un pase único en máquina no dedicada: NO es reproducible ni comparable entre corridas y NO es una propiedad del algoritmo — vale como orden de magnitud y como comparación relativa DENTRO de esta misma corrida. La dispersión medida entre corridas y el umbral por debajo del cual una diferencia entre dos filas no significa nada están tabulados en Implementacion/PIPELINE.md sección 'Las columnas de tiempo: qué miden y hasta dónde valen' — anclados al commit de cada corrida y NO aquí a propósito: una cifra dentro del dato no se puede corregir sin re-correr · 'latencia_ms_por_flujo' y 'flujos_por_segundo' miden SOLO el predict/score sobre características ya calculadas y ya en memoria: NO incluyen captura de tráfico · ensamblado del flujo · extracción de las 41 características —donde vive el coste real de un despliegue— así que no son capacidad operativa del sistema,24.122,0.003,9083,0.00034,2943387.7,0.99811,0.920049,0.957491,5741,0.41528,0.992767,0.5856,1106,0.978129,0.366075,0.53276,2199,0.037037,0.324324,0.066482,37,10,df30cb2,2026-08-13T00:37:17
RandomForest,multiclase 4 categorías de ataque sobre los ataques de D2 de tipo conocido,122_sin_seleccion,True,122,SMOTE,"{'clf__max_depth': 10, 'clf__n_estimators': 300}",0.97099,0.967962,0.789012,0.864205,0.816709,0.969318,9083,59.61,'tiempo_s' = el bloque completo del algoritmo. Sus tres tramos en orden de ejecución: (1) el GridSearchCV con el balanceo ganador + el refit sobre todo D3 = 'tiempo_entrenamiento_s' (2) el predict sobre los flujos de D2 de tipo conocido = 'tiempo_inferencia_s' y (3) la cola de evaluar_multiclase + UNA figura —la matriz de confusión 4x4—. El (3) no lleva columna propia porque sale EXACTO restando de 'tiempo_s' las otras dos columnas de tiempo —salvo dos menudencias que caen en la misma ventana: leer busqueda.best_estimator_ y dos print—. NO incluye el mini-experimento de balanceo de 4.3.4 que corre antes y se publica en metricas_balanceo.csv · wall-clock de un pase único en máquina no dedicada: NO es reproducible ni comparable entre corridas y NO es una propiedad del algoritmo — vale como orden de magnitud y como comparación relativa DENTRO de esta misma corrida. La dispersión medida entre corridas y el umbral por debajo del cual una diferencia entre dos filas no significa nada están tabulados en Implementacion/PIPELINE.md sección 'Las columnas de tiempo: qué miden y hasta dónde valen' — anclados al commit de cada corrida y NO aquí a propósito: una cifra dentro del dato no se puede corregir sin re-correr · 'latencia_ms_por_flujo' y 'flujos_por_segundo' miden SOLO el predict/score sobre características ya calculadas y ya en memoria: NO incluyen captura de tráfico · ensamblado del flujo · extracción de las 41 características —donde vive el coste real de un despliegue— así que no son capacidad operativa del sistema,59.278,0.065,9083,0.007102,140808.8,1.0,0.991117,0.995538,5741,0.825373,1.0,0.904334,1106,0.991964,0.898136,0.942721,2199,0.33871,0.567568,0.424242,37,10,df30cb2,2026-08-13T00:37:17
KNN,multiclase 4 categorías de ataque sobre los ataques de D2 de tipo conocido,122_sin_seleccion,True,122,SMOTE,"{'clf__n_neighbors': 3, 'clf__weights': 'distance'}",0.940427,0.947594,0.736225,0.88959,0.749425,0.955525,9083,82.69,'tiempo_s' = el bloque completo del algoritmo. Sus tres tramos en orden de ejecución: (1) el GridSearchCV con el balanceo ganador + el refit sobre todo D3 = 'tiempo_entrenamiento_s' (2) el predict sobre los flujos de D2 de tipo conocido = 'tiempo_inferencia_s' y (3) la cola de evaluar_multiclase + UNA figura —la matriz de confusión 4x4—. El (3) no lleva columna propia porque sale EXACTO restando de 'tiempo_s' las otras dos columnas de tiempo —salvo dos menudencias que caen en la misma ventana: leer busqueda.best_estimator_ y dos print—. NO incluye el mini-experimento de balanceo de 4.3.4 que corre antes y se publica en metricas_balanceo.csv · wall-clock de un pase único en máquina no dedicada: NO es reproducible ni comparable entre corridas y NO es una propiedad del algoritmo — vale como orden de magnitud y como comparación relativa DENTRO de esta misma corrida. La dispersión medida entre corridas y el umbral por debajo del cual una diferencia entre dos filas no significa nada están tabulados en Implementacion/PIPELINE.md sección 'Las columnas de tiempo: qué miden y hasta dónde valen' — anclados al commit de cada corrida y NO aquí a propósito: una cifra dentro del dato no se puede corregir sin re-correr · 'latencia_ms_por_flujo' y 'flujos_por_segundo' miden SOLO el predict/score sobre características ya calculadas y ya en memoria: NO incluyen captura de tráfico · ensamblado del flujo · extracción de las 41 características —donde vive el coste real de un despliegue— así que no son capacidad operativa del sistema,79.631,2.68,9083,0.295101,3388.7,0.992324,0.990768,0.991545,5741,0.844682,0.998192,0.915044,1106,0.994989,0.812642,0.894618,2199,0.112903,0.756757,0.196491,37,10,df30cb2,2026-08-13T00:37:17
HistGradientBoosting,multiclase 4 categorías de ataque sobre los ataques de D2 de tipo conocido,122_sin_seleccion,True,122,SMOTE,"{'clf__learning_rate': 0.1, 'clf__max_iter': 100}",0.957928,0.947044,0.751048,0.835919,0.776083,0.949458,9083,126.57,'tiempo_s' = el bloque completo del algoritmo. Sus tres tramos en orden de ejecución: (1) el GridSearchCV con el balanceo ganador + el refit sobre todo D3 = 'tiempo_entrenamiento_s' (2) el predict sobre los flujos de D2 de tipo conocido = 'tiempo_inferencia_s' y (3) la cola de evaluar_multiclase + UNA figura —la matriz de confusión 4x4—. El (3) no lleva columna propia porque sale EXACTO restando de 'tiempo_s' las otras dos columnas de tiempo —salvo dos menudencias que caen en la misma ventana: leer busqueda.best_estimator_ y dos print—. NO incluye el mini-experimento de balanceo de 4.3.4 que corre antes y se publica en metricas_balanceo.csv · wall-clock de un pase único en máquina no dedicada: NO es reproducible ni comparable entre corridas y NO es una propiedad del algoritmo — vale como orden de magnitud y como comparación relativa DENTRO de esta misma corrida. La dispersión medida entre corridas y el umbral por debajo del cual una diferencia entre dos filas no significa nada están tabulados en Implementacion/PIPELINE.md sección 'Las columnas de tiempo: qué miden y hasta dónde valen' — anclados al commit de cada corrida y NO aquí a propósito: una cifra dentro del dato no se puede corregir sin re-correr · 'latencia_ms_por_flujo' y 'flujos_por_segundo' miden SOLO el predict/score sobre características ya calculadas y ya en memoria: NO incluyen captura de tráfico · ensamblado del flujo · extracción de las 41 características —donde vive el coste real de un despliegue— así que no son capacidad operativa del sistema,126.16,0.053,9083,0.005877,170157.7,0.999824,0.990942,0.995363,5741,0.726974,0.999096,0.841584,1106,0.991681,0.813097,0.893553,2199,0.285714,0.540541,0.373832,37,10,df30cb2,2026-08-13T00:37:17
