alcance,set_features,sin_seleccion,n_features,detector,es_cascada,fpr_detector,tipo,n,detectados,recall,semilla,commit,fecha
recall de marcado como ataque sobre los ataques de D2 de tipo ausente del train,54,False,54,IsolationForest,False,0.097827,apache2,737,733,0.994573,1,df30cb2,2026-08-12T22:14:46
recall de marcado como ataque sobre los ataques de D2 de tipo ausente del train,54,False,54,IsolationForest,False,0.097827,httptunnel,133,113,0.849624,1,df30cb2,2026-08-12T22:14:46
recall de marcado como ataque sobre los ataques de D2 de tipo ausente del train,54,False,54,IsolationForest,False,0.097827,mailbomb,293,2,0.006826,1,df30cb2,2026-08-12T22:14:47
recall de marcado como ataque sobre los ataques de D2 de tipo ausente del train,54,False,54,IsolationForest,False,0.097827,mscan,996,962,0.965863,1,df30cb2,2026-08-12T22:14:48
recall de marcado como ataque sobre los ataques de D2 de tipo ausente del train,54,False,54,IsolationForest,False,0.097827,named,17,8,0.470588,1,df30cb2,2026-08-12T22:14:48
recall de marcado como ataque sobre los ataques de D2 de tipo ausente del train,54,False,54,IsolationForest,False,0.097827,processtable,685,194,0.283212,1,df30cb2,2026-08-12T22:14:48
recall de marcado como ataque sobre los ataques de D2 de tipo ausente del train,54,False,54,IsolationForest,False,0.097827,ps,15,2,0.133333,1,df30cb2,2026-08-12T22:14:49
recall de marcado como ataque sobre los ataques de D2 de tipo ausente del train,54,False,54,IsolationForest,False,0.097827,saint,319,316,0.990596,1,df30cb2,2026-08-12T22:14:49
recall de marcado como ataque sobre los ataques de D2 de tipo ausente del train,54,False,54,IsolationForest,False,0.097827,sendmail,14,2,0.142857,1,df30cb2,2026-08-12T22:14:49
recall de marcado como ataque sobre los ataques de D2 de tipo ausente del train,54,False,54,IsolationForest,False,0.097827,snmpgetattack,178,25,0.140449,1,df30cb2,2026-08-12T22:14:49
recall de marcado como ataque sobre los ataques de D2 de tipo ausente del train,54,False,54,IsolationForest,False,0.097827,snmpguess,331,234,0.706949,1,df30cb2,2026-08-12T22:14:50
recall de marcado como ataque sobre los ataques de D2 de tipo ausente del train,54,False,54,IsolationForest,False,0.097827,sqlattack,2,2,1.0,1,df30cb2,2026-08-12T22:14:50
recall de marcado como ataque sobre los ataques de D2 de tipo ausente del train,54,False,54,IsolationForest,False,0.097827,udpstorm,2,2,1.0,1,df30cb2,2026-08-12T22:14:50
recall de marcado como ataque sobre los ataques de D2 de tipo ausente del train,54,False,54,IsolationForest,False,0.097827,worm,2,0,0.0,1,df30cb2,2026-08-12T22:14:51
recall de marcado como ataque sobre los ataques de D2 de tipo ausente del train,54,False,54,IsolationForest,False,0.097827,xlock,9,1,0.111111,1,df30cb2,2026-08-12T22:14:51
recall de marcado como ataque sobre los ataques de D2 de tipo ausente del train,54,False,54,IsolationForest,False,0.097827,xsnoop,4,1,0.25,1,df30cb2,2026-08-12T22:14:51
recall de marcado como ataque sobre los ataques de D2 de tipo ausente del train,54,False,54,IsolationForest,False,0.097827,xterm,13,8,0.615385,1,df30cb2,2026-08-12T22:14:52
recall de marcado como ataque sobre los ataques de D2 de tipo ausente del train,54,False,54,IsolationForest,False,0.097827,__global__,3750,2605,0.694667,1,df30cb2,2026-08-12T22:14:52
recall de marcado como ataque sobre los ataques de D2 de tipo ausente del train,54,False,54,OneClassSVM,False,0.083102,apache2,737,717,0.972863,1,df30cb2,2026-08-12T22:14:52
recall de marcado como ataque sobre los ataques de D2 de tipo ausente del train,54,False,54,OneClassSVM,False,0.083102,httptunnel,133,112,0.842105,1,df30cb2,2026-08-12T22:14:52
recall de marcado como ataque sobre los ataques de D2 de tipo ausente del train,54,False,54,OneClassSVM,False,0.083102,mailbomb,293,5,0.017065,1,df30cb2,2026-08-12T22:14:53
recall de marcado como ataque sobre los ataques de D2 de tipo ausente del train,54,False,54,OneClassSVM,False,0.083102,mscan,996,834,0.837349,1,df30cb2,2026-08-12T22:14:53
recall de marcado como ataque sobre los ataques de D2 de tipo ausente del train,54,False,54,OneClassSVM,False,0.083102,named,17,3,0.176471,1,df30cb2,2026-08-12T22:14:53
recall de marcado como ataque sobre los ataques de D2 de tipo ausente del train,54,False,54,OneClassSVM,False,0.083102,processtable,685,50,0.072993,1,df30cb2,2026-08-12T22:14:56
recall de marcado como ataque sobre los ataques de D2 de tipo ausente del train,54,False,54,OneClassSVM,False,0.083102,ps,15,1,0.066667,1,df30cb2,2026-08-12T22:14:56
recall de marcado como ataque sobre los ataques de D2 de tipo ausente del train,54,False,54,OneClassSVM,False,0.083102,saint,319,310,0.971787,1,df30cb2,2026-08-12T22:14:56
recall de marcado como ataque sobre los ataques de D2 de tipo ausente del train,54,False,54,OneClassSVM,False,0.083102,sendmail,14,4,0.285714,1,df30cb2,2026-08-12T22:14:57
recall de marcado como ataque sobre los ataques de D2 de tipo ausente del train,54,False,54,OneClassSVM,False,0.083102,snmpgetattack,178,10,0.05618,1,df30cb2,2026-08-12T22:14:57
recall de marcado como ataque sobre los ataques de D2 de tipo ausente del train,54,False,54,OneClassSVM,False,0.083102,snmpguess,331,4,0.012085,1,df30cb2,2026-08-12T22:14:57
recall de marcado como ataque sobre los ataques de D2 de tipo ausente del train,54,False,54,OneClassSVM,False,0.083102,sqlattack,2,2,1.0,1,df30cb2,2026-08-12T22:14:57
recall de marcado como ataque sobre los ataques de D2 de tipo ausente del train,54,False,54,OneClassSVM,False,0.083102,udpstorm,2,0,0.0,1,df30cb2,2026-08-12T22:14:58
recall de marcado como ataque sobre los ataques de D2 de tipo ausente del train,54,False,54,OneClassSVM,False,0.083102,worm,2,0,0.0,1,df30cb2,2026-08-12T22:14:58
recall de marcado como ataque sobre los ataques de D2 de tipo ausente del train,54,False,54,OneClassSVM,False,0.083102,xlock,9,0,0.0,1,df30cb2,2026-08-12T22:14:58
recall de marcado como ataque sobre los ataques de D2 de tipo ausente del train,54,False,54,OneClassSVM,False,0.083102,xsnoop,4,2,0.5,1,df30cb2,2026-08-12T22:14:59
recall de marcado como ataque sobre los ataques de D2 de tipo ausente del train,54,False,54,OneClassSVM,False,0.083102,xterm,13,8,0.615385,1,df30cb2,2026-08-12T22:14:59
recall de marcado como ataque sobre los ataques de D2 de tipo ausente del train,54,False,54,OneClassSVM,False,0.083102,__global__,3750,2062,0.549867,1,df30cb2,2026-08-12T22:14:59
recall de marcado como ataque sobre los ataques de D2 de tipo ausente del train,54,False,54,LocalOutlierFactor,False,0.161672,apache2,737,518,0.702849,1,df30cb2,2026-08-12T22:15:00
recall de marcado como ataque sobre los ataques de D2 de tipo ausente del train,54,False,54,LocalOutlierFactor,False,0.161672,httptunnel,133,33,0.24812,1,df30cb2,2026-08-12T22:15:00
recall de marcado como ataque sobre los ataques de D2 de tipo ausente del train,54,False,54,LocalOutlierFactor,False,0.161672,mailbomb,293,227,0.774744,1,df30cb2,2026-08-12T22:15:00
recall de marcado como ataque sobre los ataques de D2 de tipo ausente del train,54,False,54,LocalOutlierFactor,False,0.161672,mscan,996,354,0.355422,1,df30cb2,2026-08-12T22:15:01
recall de marcado como ataque sobre los ataques de D2 de tipo ausente del train,54,False,54,LocalOutlierFactor,False,0.161672,named,17,10,0.588235,1,df30cb2,2026-08-12T22:15:01
recall de marcado como ataque sobre los ataques de D2 de tipo ausente del train,54,False,54,LocalOutlierFactor,False,0.161672,processtable,685,262,0.382482,1,df30cb2,2026-08-12T22:15:01
recall de marcado como ataque sobre los ataques de D2 de tipo ausente del train,54,False,54,LocalOutlierFactor,False,0.161672,ps,15,11,0.733333,1,df30cb2,2026-08-12T22:15:01
recall de marcado como ataque sobre los ataques de D2 de tipo ausente del train,54,False,54,LocalOutlierFactor,False,0.161672,saint,319,128,0.401254,1,df30cb2,2026-08-12T22:15:02
recall de marcado como ataque sobre los ataques de D2 de tipo ausente del train,54,False,54,LocalOutlierFactor,False,0.161672,sendmail,14,10,0.714286,1,df30cb2,2026-08-12T22:15:02
recall de marcado como ataque sobre los ataques de D2 de tipo ausente del train,54,False,54,LocalOutlierFactor,False,0.161672,snmpgetattack,178,12,0.067416,1,df30cb2,2026-08-12T22:15:02
recall de marcado como ataque sobre los ataques de D2 de tipo ausente del train,54,False,54,LocalOutlierFactor,False,0.161672,snmpguess,331,9,0.02719,1,df30cb2,2026-08-12T22:15:03
recall de marcado como ataque sobre los ataques de D2 de tipo ausente del train,54,False,54,LocalOutlierFactor,False,0.161672,sqlattack,2,2,1.0,1,df30cb2,2026-08-12T22:15:03
recall de marcado como ataque sobre los ataques de D2 de tipo ausente del train,54,False,54,LocalOutlierFactor,False,0.161672,udpstorm,2,0,0.0,1,df30cb2,2026-08-12T22:15:03
recall de marcado como ataque sobre los ataques de D2 de tipo ausente del train,54,False,54,LocalOutlierFactor,False,0.161672,worm,2,0,0.0,1,df30cb2,2026-08-12T22:15:04
recall de marcado como ataque sobre los ataques de D2 de tipo ausente del train,54,False,54,LocalOutlierFactor,False,0.161672,xlock,9,4,0.444444,1,df30cb2,2026-08-12T22:15:04
recall de marcado como ataque sobre los ataques de D2 de tipo ausente del train,54,False,54,LocalOutlierFactor,False,0.161672,xsnoop,4,3,0.75,1,df30cb2,2026-08-12T22:15:04
recall de marcado como ataque sobre los ataques de D2 de tipo ausente del train,54,False,54,LocalOutlierFactor,False,0.161672,xterm,13,9,0.692308,1,df30cb2,2026-08-12T22:15:05
recall de marcado como ataque sobre los ataques de D2 de tipo ausente del train,54,False,54,LocalOutlierFactor,False,0.161672,__global__,3750,1592,0.424533,1,df30cb2,2026-08-12T22:15:05
recall de marcado como ataque sobre los ataques de D2 de tipo ausente del train,54,False,54,Autoencoder,True,0.105447,apache2,737,617,0.837178,1,df30cb2,2026-08-12T22:15:05
recall de marcado como ataque sobre los ataques de D2 de tipo ausente del train,54,False,54,Autoencoder,True,0.105447,httptunnel,133,119,0.894737,1,df30cb2,2026-08-12T22:15:05
recall de marcado como ataque sobre los ataques de D2 de tipo ausente del train,54,False,54,Autoencoder,True,0.105447,mailbomb,293,0,0.0,1,df30cb2,2026-08-12T22:15:06
recall de marcado como ataque sobre los ataques de D2 de tipo ausente del train,54,False,54,Autoencoder,True,0.105447,mscan,996,966,0.96988,1,df30cb2,2026-08-12T22:15:06
recall de marcado como ataque sobre los ataques de D2 de tipo ausente del train,54,False,54,Autoencoder,True,0.105447,named,17,9,0.529412,1,df30cb2,2026-08-12T22:15:06
recall de marcado como ataque sobre los ataques de D2 de tipo ausente del train,54,False,54,Autoencoder,True,0.105447,processtable,685,685,1.0,1,df30cb2,2026-08-12T22:15:07
recall de marcado como ataque sobre los ataques de D2 de tipo ausente del train,54,False,54,Autoencoder,True,0.105447,ps,15,10,0.666667,1,df30cb2,2026-08-12T22:15:07
recall de marcado como ataque sobre los ataques de D2 de tipo ausente del train,54,False,54,Autoencoder,True,0.105447,saint,319,306,0.959248,1,df30cb2,2026-08-12T22:15:07
recall de marcado como ataque sobre los ataques de D2 de tipo ausente del train,54,False,54,Autoencoder,True,0.105447,sendmail,14,10,0.714286,1,df30cb2,2026-08-12T22:15:08
recall de marcado como ataque sobre los ataques de D2 de tipo ausente del train,54,False,54,Autoencoder,True,0.105447,snmpgetattack,178,0,0.0,1,df30cb2,2026-08-12T22:15:08
recall de marcado como ataque sobre los ataques de D2 de tipo ausente del train,54,False,54,Autoencoder,True,0.105447,snmpguess,331,5,0.015106,1,df30cb2,2026-08-12T22:15:08
recall de marcado como ataque sobre los ataques de D2 de tipo ausente del train,54,False,54,Autoencoder,True,0.105447,sqlattack,2,2,1.0,1,df30cb2,2026-08-12T22:15:08
recall de marcado como ataque sobre los ataques de D2 de tipo ausente del train,54,False,54,Autoencoder,True,0.105447,udpstorm,2,1,0.5,1,df30cb2,2026-08-12T22:15:09
recall de marcado como ataque sobre los ataques de D2 de tipo ausente del train,54,False,54,Autoencoder,True,0.105447,worm,2,0,0.0,1,df30cb2,2026-08-12T22:15:09
recall de marcado como ataque sobre los ataques de D2 de tipo ausente del train,54,False,54,Autoencoder,True,0.105447,xlock,9,4,0.444444,1,df30cb2,2026-08-12T22:15:09
recall de marcado como ataque sobre los ataques de D2 de tipo ausente del train,54,False,54,Autoencoder,True,0.105447,xsnoop,4,2,0.5,1,df30cb2,2026-08-12T22:15:10
recall de marcado como ataque sobre los ataques de D2 de tipo ausente del train,54,False,54,Autoencoder,True,0.105447,xterm,13,10,0.769231,1,df30cb2,2026-08-12T22:15:10
recall de marcado como ataque sobre los ataques de D2 de tipo ausente del train,54,False,54,Autoencoder,True,0.105447,__global__,3750,2746,0.732267,1,df30cb2,2026-08-12T22:15:10
recall de marcado como ataque sobre los ataques de D2 de tipo ausente del train,122_sin_seleccion,True,122,IsolationForest,False,0.090516,apache2,737,735,0.997286,1,df30cb2,2026-08-12T22:25:12
recall de marcado como ataque sobre los ataques de D2 de tipo ausente del train,122_sin_seleccion,True,122,IsolationForest,False,0.090516,httptunnel,133,115,0.864662,1,df30cb2,2026-08-12T22:25:12
recall de marcado como ataque sobre los ataques de D2 de tipo ausente del train,122_sin_seleccion,True,122,IsolationForest,False,0.090516,mailbomb,293,0,0.0,1,df30cb2,2026-08-12T22:25:12
recall de marcado como ataque sobre los ataques de D2 de tipo ausente del train,122_sin_seleccion,True,122,IsolationForest,False,0.090516,mscan,996,976,0.97992,1,df30cb2,2026-08-12T22:25:12
recall de marcado como ataque sobre los ataques de D2 de tipo ausente del train,122_sin_seleccion,True,122,IsolationForest,False,0.090516,named,17,8,0.470588,1,df30cb2,2026-08-12T22:25:12
recall de marcado como ataque sobre los ataques de D2 de tipo ausente del train,122_sin_seleccion,True,122,IsolationForest,False,0.090516,processtable,685,334,0.487591,1,df30cb2,2026-08-12T22:25:12
recall de marcado como ataque sobre los ataques de D2 de tipo ausente del train,122_sin_seleccion,True,122,IsolationForest,False,0.090516,ps,15,3,0.2,1,df30cb2,2026-08-12T22:25:12
recall de marcado como ataque sobre los ataques de D2 de tipo ausente del train,122_sin_seleccion,True,122,IsolationForest,False,0.090516,saint,319,314,0.984326,1,df30cb2,2026-08-12T22:25:12
recall de marcado como ataque sobre los ataques de D2 de tipo ausente del train,122_sin_seleccion,True,122,IsolationForest,False,0.090516,sendmail,14,1,0.071429,1,df30cb2,2026-08-12T22:25:12
recall de marcado como ataque sobre los ataques de D2 de tipo ausente del train,122_sin_seleccion,True,122,IsolationForest,False,0.090516,snmpgetattack,178,11,0.061798,1,df30cb2,2026-08-12T22:25:12
recall de marcado como ataque sobre los ataques de D2 de tipo ausente del train,122_sin_seleccion,True,122,IsolationForest,False,0.090516,snmpguess,331,6,0.018127,1,df30cb2,2026-08-12T22:25:12
recall de marcado como ataque sobre los ataques de D2 de tipo ausente del train,122_sin_seleccion,True,122,IsolationForest,False,0.090516,sqlattack,2,2,1.0,1,df30cb2,2026-08-12T22:25:12
recall de marcado como ataque sobre los ataques de D2 de tipo ausente del train,122_sin_seleccion,True,122,IsolationForest,False,0.090516,udpstorm,2,2,1.0,1,df30cb2,2026-08-12T22:25:12
recall de marcado como ataque sobre los ataques de D2 de tipo ausente del train,122_sin_seleccion,True,122,IsolationForest,False,0.090516,worm,2,0,0.0,1,df30cb2,2026-08-12T22:25:12
recall de marcado como ataque sobre los ataques de D2 de tipo ausente del train,122_sin_seleccion,True,122,IsolationForest,False,0.090516,xlock,9,3,0.333333,1,df30cb2,2026-08-12T22:25:12
recall de marcado como ataque sobre los ataques de D2 de tipo ausente del train,122_sin_seleccion,True,122,IsolationForest,False,0.090516,xsnoop,4,3,0.75,1,df30cb2,2026-08-12T22:25:12
recall de marcado como ataque sobre los ataques de D2 de tipo ausente del train,122_sin_seleccion,True,122,IsolationForest,False,0.090516,xterm,13,10,0.769231,1,df30cb2,2026-08-12T22:25:12
recall de marcado como ataque sobre los ataques de D2 de tipo ausente del train,122_sin_seleccion,True,122,IsolationForest,False,0.090516,__global__,3750,2523,0.6728,1,df30cb2,2026-08-12T22:25:12
recall de marcado como ataque sobre los ataques de D2 de tipo ausente del train,122_sin_seleccion,True,122,OneClassSVM,False,0.082999,apache2,737,725,0.983718,1,df30cb2,2026-08-12T22:25:12
recall de marcado como ataque sobre los ataques de D2 de tipo ausente del train,122_sin_seleccion,True,122,OneClassSVM,False,0.082999,httptunnel,133,112,0.842105,1,df30cb2,2026-08-12T22:25:12
recall de marcado como ataque sobre los ataques de D2 de tipo ausente del train,122_sin_seleccion,True,122,OneClassSVM,False,0.082999,mailbomb,293,0,0.0,1,df30cb2,2026-08-12T22:25:12
recall de marcado como ataque sobre los ataques de D2 de tipo ausente del train,122_sin_seleccion,True,122,OneClassSVM,False,0.082999,mscan,996,894,0.89759,1,df30cb2,2026-08-12T22:25:12
recall de marcado como ataque sobre los ataques de D2 de tipo ausente del train,122_sin_seleccion,True,122,OneClassSVM,False,0.082999,named,17,7,0.411765,1,df30cb2,2026-08-12T22:25:12
recall de marcado como ataque sobre los ataques de D2 de tipo ausente del train,122_sin_seleccion,True,122,OneClassSVM,False,0.082999,processtable,685,248,0.362044,1,df30cb2,2026-08-12T22:25:12
recall de marcado como ataque sobre los ataques de D2 de tipo ausente del train,122_sin_seleccion,True,122,OneClassSVM,False,0.082999,ps,15,3,0.2,1,df30cb2,2026-08-12T22:25:12
recall de marcado como ataque sobre los ataques de D2 de tipo ausente del train,122_sin_seleccion,True,122,OneClassSVM,False,0.082999,saint,319,311,0.974922,1,df30cb2,2026-08-12T22:25:12
recall de marcado como ataque sobre los ataques de D2 de tipo ausente del train,122_sin_seleccion,True,122,OneClassSVM,False,0.082999,sendmail,14,3,0.214286,1,df30cb2,2026-08-12T22:25:12
recall de marcado como ataque sobre los ataques de D2 de tipo ausente del train,122_sin_seleccion,True,122,OneClassSVM,False,0.082999,snmpgetattack,178,11,0.061798,1,df30cb2,2026-08-12T22:25:12
recall de marcado como ataque sobre los ataques de D2 de tipo ausente del train,122_sin_seleccion,True,122,OneClassSVM,False,0.082999,snmpguess,331,4,0.012085,1,df30cb2,2026-08-12T22:25:12
recall de marcado como ataque sobre los ataques de D2 de tipo ausente del train,122_sin_seleccion,True,122,OneClassSVM,False,0.082999,sqlattack,2,2,1.0,1,df30cb2,2026-08-12T22:25:12
recall de marcado como ataque sobre los ataques de D2 de tipo ausente del train,122_sin_seleccion,True,122,OneClassSVM,False,0.082999,udpstorm,2,1,0.5,1,df30cb2,2026-08-12T22:25:12
recall de marcado como ataque sobre los ataques de D2 de tipo ausente del train,122_sin_seleccion,True,122,OneClassSVM,False,0.082999,worm,2,0,0.0,1,df30cb2,2026-08-12T22:25:12
recall de marcado como ataque sobre los ataques de D2 de tipo ausente del train,122_sin_seleccion,True,122,OneClassSVM,False,0.082999,xlock,9,0,0.0,1,df30cb2,2026-08-12T22:25:12
recall de marcado como ataque sobre los ataques de D2 de tipo ausente del train,122_sin_seleccion,True,122,OneClassSVM,False,0.082999,xsnoop,4,3,0.75,1,df30cb2,2026-08-12T22:25:12
recall de marcado como ataque sobre los ataques de D2 de tipo ausente del train,122_sin_seleccion,True,122,OneClassSVM,False,0.082999,xterm,13,9,0.692308,1,df30cb2,2026-08-12T22:25:12
recall de marcado como ataque sobre los ataques de D2 de tipo ausente del train,122_sin_seleccion,True,122,OneClassSVM,False,0.082999,__global__,3750,2333,0.622133,1,df30cb2,2026-08-12T22:25:12
recall de marcado como ataque sobre los ataques de D2 de tipo ausente del train,122_sin_seleccion,True,122,LocalOutlierFactor,False,0.162393,apache2,737,191,0.259159,1,df30cb2,2026-08-12T22:25:12
recall de marcado como ataque sobre los ataques de D2 de tipo ausente del train,122_sin_seleccion,True,122,LocalOutlierFactor,False,0.162393,httptunnel,133,58,0.43609,1,df30cb2,2026-08-12T22:25:12
recall de marcado como ataque sobre los ataques de D2 de tipo ausente del train,122_sin_seleccion,True,122,LocalOutlierFactor,False,0.162393,mailbomb,293,219,0.74744,1,df30cb2,2026-08-12T22:25:12
recall de marcado como ataque sobre los ataques de D2 de tipo ausente del train,122_sin_seleccion,True,122,LocalOutlierFactor,False,0.162393,mscan,996,366,0.36747,1,df30cb2,2026-08-12T22:25:12
recall de marcado como ataque sobre los ataques de D2 de tipo ausente del train,122_sin_seleccion,True,122,LocalOutlierFactor,False,0.162393,named,17,7,0.411765,1,df30cb2,2026-08-12T22:25:12
recall de marcado como ataque sobre los ataques de D2 de tipo ausente del train,122_sin_seleccion,True,122,LocalOutlierFactor,False,0.162393,processtable,685,253,0.369343,1,df30cb2,2026-08-12T22:25:12
recall de marcado como ataque sobre los ataques de D2 de tipo ausente del train,122_sin_seleccion,True,122,LocalOutlierFactor,False,0.162393,ps,15,10,0.666667,1,df30cb2,2026-08-12T22:25:12
recall de marcado como ataque sobre los ataques de D2 de tipo ausente del train,122_sin_seleccion,True,122,LocalOutlierFactor,False,0.162393,saint,319,256,0.802508,1,df30cb2,2026-08-12T22:25:12
recall de marcado como ataque sobre los ataques de D2 de tipo ausente del train,122_sin_seleccion,True,122,LocalOutlierFactor,False,0.162393,sendmail,14,8,0.571429,1,df30cb2,2026-08-12T22:25:12
recall de marcado como ataque sobre los ataques de D2 de tipo ausente del train,122_sin_seleccion,True,122,LocalOutlierFactor,False,0.162393,snmpgetattack,178,10,0.05618,1,df30cb2,2026-08-12T22:25:12
recall de marcado como ataque sobre los ataques de D2 de tipo ausente del train,122_sin_seleccion,True,122,LocalOutlierFactor,False,0.162393,snmpguess,331,9,0.02719,1,df30cb2,2026-08-12T22:25:12
recall de marcado como ataque sobre los ataques de D2 de tipo ausente del train,122_sin_seleccion,True,122,LocalOutlierFactor,False,0.162393,sqlattack,2,2,1.0,1,df30cb2,2026-08-12T22:25:12
recall de marcado como ataque sobre los ataques de D2 de tipo ausente del train,122_sin_seleccion,True,122,LocalOutlierFactor,False,0.162393,udpstorm,2,1,0.5,1,df30cb2,2026-08-12T22:25:12
recall de marcado como ataque sobre los ataques de D2 de tipo ausente del train,122_sin_seleccion,True,122,LocalOutlierFactor,False,0.162393,worm,2,0,0.0,1,df30cb2,2026-08-12T22:25:12
recall de marcado como ataque sobre los ataques de D2 de tipo ausente del train,122_sin_seleccion,True,122,LocalOutlierFactor,False,0.162393,xlock,9,0,0.0,1,df30cb2,2026-08-12T22:25:12
recall de marcado como ataque sobre los ataques de D2 de tipo ausente del train,122_sin_seleccion,True,122,LocalOutlierFactor,False,0.162393,xsnoop,4,2,0.5,1,df30cb2,2026-08-12T22:25:12
recall de marcado como ataque sobre los ataques de D2 de tipo ausente del train,122_sin_seleccion,True,122,LocalOutlierFactor,False,0.162393,xterm,13,9,0.692308,1,df30cb2,2026-08-12T22:25:12
recall de marcado como ataque sobre los ataques de D2 de tipo ausente del train,122_sin_seleccion,True,122,LocalOutlierFactor,False,0.162393,__global__,3750,1401,0.3736,1,df30cb2,2026-08-12T22:25:12
recall de marcado como ataque sobre los ataques de D2 de tipo ausente del train,122_sin_seleccion,True,122,Autoencoder,True,0.092678,apache2,737,711,0.964722,1,df30cb2,2026-08-12T22:25:12
recall de marcado como ataque sobre los ataques de D2 de tipo ausente del train,122_sin_seleccion,True,122,Autoencoder,True,0.092678,httptunnel,133,131,0.984962,1,df30cb2,2026-08-12T22:25:12
recall de marcado como ataque sobre los ataques de D2 de tipo ausente del train,122_sin_seleccion,True,122,Autoencoder,True,0.092678,mailbomb,293,36,0.122867,1,df30cb2,2026-08-12T22:25:12
recall de marcado como ataque sobre los ataques de D2 de tipo ausente del train,122_sin_seleccion,True,122,Autoencoder,True,0.092678,mscan,996,987,0.990964,1,df30cb2,2026-08-12T22:25:12
recall de marcado como ataque sobre los ataques de D2 de tipo ausente del train,122_sin_seleccion,True,122,Autoencoder,True,0.092678,named,17,13,0.764706,1,df30cb2,2026-08-12T22:25:12
recall de marcado como ataque sobre los ataques de D2 de tipo ausente del train,122_sin_seleccion,True,122,Autoencoder,True,0.092678,processtable,685,685,1.0,1,df30cb2,2026-08-12T22:25:12
recall de marcado como ataque sobre los ataques de D2 de tipo ausente del train,122_sin_seleccion,True,122,Autoencoder,True,0.092678,ps,15,10,0.666667,1,df30cb2,2026-08-12T22:25:12
recall de marcado como ataque sobre los ataques de D2 de tipo ausente del train,122_sin_seleccion,True,122,Autoencoder,True,0.092678,saint,319,310,0.971787,1,df30cb2,2026-08-12T22:25:12
recall de marcado como ataque sobre los ataques de D2 de tipo ausente del train,122_sin_seleccion,True,122,Autoencoder,True,0.092678,sendmail,14,10,0.714286,1,df30cb2,2026-08-12T22:25:12
recall de marcado como ataque sobre los ataques de D2 de tipo ausente del train,122_sin_seleccion,True,122,Autoencoder,True,0.092678,snmpgetattack,178,0,0.0,1,df30cb2,2026-08-12T22:25:12
recall de marcado como ataque sobre los ataques de D2 de tipo ausente del train,122_sin_seleccion,True,122,Autoencoder,True,0.092678,snmpguess,331,6,0.018127,1,df30cb2,2026-08-12T22:25:12
recall de marcado como ataque sobre los ataques de D2 de tipo ausente del train,122_sin_seleccion,True,122,Autoencoder,True,0.092678,sqlattack,2,2,1.0,1,df30cb2,2026-08-12T22:25:12
recall de marcado como ataque sobre los ataques de D2 de tipo ausente del train,122_sin_seleccion,True,122,Autoencoder,True,0.092678,udpstorm,2,2,1.0,1,df30cb2,2026-08-12T22:25:12
recall de marcado como ataque sobre los ataques de D2 de tipo ausente del train,122_sin_seleccion,True,122,Autoencoder,True,0.092678,worm,2,0,0.0,1,df30cb2,2026-08-12T22:25:12
recall de marcado como ataque sobre los ataques de D2 de tipo ausente del train,122_sin_seleccion,True,122,Autoencoder,True,0.092678,xlock,9,8,0.888889,1,df30cb2,2026-08-12T22:25:12
recall de marcado como ataque sobre los ataques de D2 de tipo ausente del train,122_sin_seleccion,True,122,Autoencoder,True,0.092678,xsnoop,4,4,1.0,1,df30cb2,2026-08-12T22:25:12
recall de marcado como ataque sobre los ataques de D2 de tipo ausente del train,122_sin_seleccion,True,122,Autoencoder,True,0.092678,xterm,13,10,0.769231,1,df30cb2,2026-08-12T22:25:12
recall de marcado como ataque sobre los ataques de D2 de tipo ausente del train,122_sin_seleccion,True,122,Autoencoder,True,0.092678,__global__,3750,2925,0.78,1,df30cb2,2026-08-12T22:25:12
recall de marcado como ataque sobre los ataques de D2 de tipo ausente del train,54,False,54,IsolationForest,False,0.100505,apache2,737,733,0.994573,2,df30cb2,2026-08-12T22:31:49
recall de marcado como ataque sobre los ataques de D2 de tipo ausente del train,54,False,54,IsolationForest,False,0.100505,httptunnel,133,113,0.849624,2,df30cb2,2026-08-12T22:31:49
recall de marcado como ataque sobre los ataques de D2 de tipo ausente del train,54,False,54,IsolationForest,False,0.100505,mailbomb,293,3,0.010239,2,df30cb2,2026-08-12T22:31:49
recall de marcado como ataque sobre los ataques de D2 de tipo ausente del train,54,False,54,IsolationForest,False,0.100505,mscan,996,957,0.960843,2,df30cb2,2026-08-12T22:31:49
recall de marcado como ataque sobre los ataques de D2 de tipo ausente del train,54,False,54,IsolationForest,False,0.100505,named,17,7,0.411765,2,df30cb2,2026-08-12T22:31:49
recall de marcado como ataque sobre los ataques de D2 de tipo ausente del train,54,False,54,IsolationForest,False,0.100505,processtable,685,330,0.481752,2,df30cb2,2026-08-12T22:31:49
recall de marcado como ataque sobre los ataques de D2 de tipo ausente del train,54,False,54,IsolationForest,False,0.100505,ps,15,3,0.2,2,df30cb2,2026-08-12T22:31:49
recall de marcado como ataque sobre los ataques de D2 de tipo ausente del train,54,False,54,IsolationForest,False,0.100505,saint,319,316,0.990596,2,df30cb2,2026-08-12T22:31:49
recall de marcado como ataque sobre los ataques de D2 de tipo ausente del train,54,False,54,IsolationForest,False,0.100505,sendmail,14,3,0.214286,2,df30cb2,2026-08-12T22:31:49
recall de marcado como ataque sobre los ataques de D2 de tipo ausente del train,54,False,54,IsolationForest,False,0.100505,snmpgetattack,178,27,0.151685,2,df30cb2,2026-08-12T22:31:49
recall de marcado como ataque sobre los ataques de D2 de tipo ausente del train,54,False,54,IsolationForest,False,0.100505,snmpguess,331,207,0.625378,2,df30cb2,2026-08-12T22:31:49
recall de marcado como ataque sobre los ataques de D2 de tipo ausente del train,54,False,54,IsolationForest,False,0.100505,sqlattack,2,2,1.0,2,df30cb2,2026-08-12T22:31:49
recall de marcado como ataque sobre los ataques de D2 de tipo ausente del train,54,False,54,IsolationForest,False,0.100505,udpstorm,2,2,1.0,2,df30cb2,2026-08-12T22:31:49
recall de marcado como ataque sobre los ataques de D2 de tipo ausente del train,54,False,54,IsolationForest,False,0.100505,worm,2,0,0.0,2,df30cb2,2026-08-12T22:31:49
recall de marcado como ataque sobre los ataques de D2 de tipo ausente del train,54,False,54,IsolationForest,False,0.100505,xlock,9,1,0.111111,2,df30cb2,2026-08-12T22:31:49
recall de marcado como ataque sobre los ataques de D2 de tipo ausente del train,54,False,54,IsolationForest,False,0.100505,xsnoop,4,1,0.25,2,df30cb2,2026-08-12T22:31:49
recall de marcado como ataque sobre los ataques de D2 de tipo ausente del train,54,False,54,IsolationForest,False,0.100505,xterm,13,9,0.692308,2,df30cb2,2026-08-12T22:31:49
recall de marcado como ataque sobre los ataques de D2 de tipo ausente del train,54,False,54,IsolationForest,False,0.100505,__global__,3750,2714,0.723733,2,df30cb2,2026-08-12T22:31:49
recall de marcado como ataque sobre los ataques de D2 de tipo ausente del train,54,False,54,OneClassSVM,False,0.082072,apache2,737,710,0.963365,2,df30cb2,2026-08-12T22:31:49
recall de marcado como ataque sobre los ataques de D2 de tipo ausente del train,54,False,54,OneClassSVM,False,0.082072,httptunnel,133,112,0.842105,2,df30cb2,2026-08-12T22:31:49
recall de marcado como ataque sobre los ataques de D2 de tipo ausente del train,54,False,54,OneClassSVM,False,0.082072,mailbomb,293,5,0.017065,2,df30cb2,2026-08-12T22:31:49
recall de marcado como ataque sobre los ataques de D2 de tipo ausente del train,54,False,54,OneClassSVM,False,0.082072,mscan,996,838,0.841365,2,df30cb2,2026-08-12T22:31:49
recall de marcado como ataque sobre los ataques de D2 de tipo ausente del train,54,False,54,OneClassSVM,False,0.082072,named,17,3,0.176471,2,df30cb2,2026-08-12T22:31:49
recall de marcado como ataque sobre los ataques de D2 de tipo ausente del train,54,False,54,OneClassSVM,False,0.082072,processtable,685,51,0.074453,2,df30cb2,2026-08-12T22:31:49
recall de marcado como ataque sobre los ataques de D2 de tipo ausente del train,54,False,54,OneClassSVM,False,0.082072,ps,15,1,0.066667,2,df30cb2,2026-08-12T22:31:49
recall de marcado como ataque sobre los ataques de D2 de tipo ausente del train,54,False,54,OneClassSVM,False,0.082072,saint,319,310,0.971787,2,df30cb2,2026-08-12T22:31:49
recall de marcado como ataque sobre los ataques de D2 de tipo ausente del train,54,False,54,OneClassSVM,False,0.082072,sendmail,14,4,0.285714,2,df30cb2,2026-08-12T22:31:49
recall de marcado como ataque sobre los ataques de D2 de tipo ausente del train,54,False,54,OneClassSVM,False,0.082072,snmpgetattack,178,10,0.05618,2,df30cb2,2026-08-12T22:31:49
recall de marcado como ataque sobre los ataques de D2 de tipo ausente del train,54,False,54,OneClassSVM,False,0.082072,snmpguess,331,4,0.012085,2,df30cb2,2026-08-12T22:31:49
recall de marcado como ataque sobre los ataques de D2 de tipo ausente del train,54,False,54,OneClassSVM,False,0.082072,sqlattack,2,2,1.0,2,df30cb2,2026-08-12T22:31:49
recall de marcado como ataque sobre los ataques de D2 de tipo ausente del train,54,False,54,OneClassSVM,False,0.082072,udpstorm,2,0,0.0,2,df30cb2,2026-08-12T22:31:49
recall de marcado como ataque sobre los ataques de D2 de tipo ausente del train,54,False,54,OneClassSVM,False,0.082072,worm,2,0,0.0,2,df30cb2,2026-08-12T22:31:49
recall de marcado como ataque sobre los ataques de D2 de tipo ausente del train,54,False,54,OneClassSVM,False,0.082072,xlock,9,0,0.0,2,df30cb2,2026-08-12T22:31:49
recall de marcado como ataque sobre los ataques de D2 de tipo ausente del train,54,False,54,OneClassSVM,False,0.082072,xsnoop,4,2,0.5,2,df30cb2,2026-08-12T22:31:49
recall de marcado como ataque sobre los ataques de D2 de tipo ausente del train,54,False,54,OneClassSVM,False,0.082072,xterm,13,8,0.615385,2,df30cb2,2026-08-12T22:31:49
recall de marcado como ataque sobre los ataques de D2 de tipo ausente del train,54,False,54,OneClassSVM,False,0.082072,__global__,3750,2060,0.549333,2,df30cb2,2026-08-12T22:31:49
recall de marcado como ataque sobre los ataques de D2 de tipo ausente del train,54,False,54,LocalOutlierFactor,False,0.158686,apache2,737,534,0.724559,2,df30cb2,2026-08-12T22:31:49
recall de marcado como ataque sobre los ataques de D2 de tipo ausente del train,54,False,54,LocalOutlierFactor,False,0.158686,httptunnel,133,31,0.233083,2,df30cb2,2026-08-12T22:31:49
recall de marcado como ataque sobre los ataques de D2 de tipo ausente del train,54,False,54,LocalOutlierFactor,False,0.158686,mailbomb,293,231,0.788396,2,df30cb2,2026-08-12T22:31:49
recall de marcado como ataque sobre los ataques de D2 de tipo ausente del train,54,False,54,LocalOutlierFactor,False,0.158686,mscan,996,289,0.290161,2,df30cb2,2026-08-12T22:31:49
recall de marcado como ataque sobre los ataques de D2 de tipo ausente del train,54,False,54,LocalOutlierFactor,False,0.158686,named,17,9,0.529412,2,df30cb2,2026-08-12T22:31:49
recall de marcado como ataque sobre los ataques de D2 de tipo ausente del train,54,False,54,LocalOutlierFactor,False,0.158686,processtable,685,218,0.318248,2,df30cb2,2026-08-12T22:31:49
recall de marcado como ataque sobre los ataques de D2 de tipo ausente del train,54,False,54,LocalOutlierFactor,False,0.158686,ps,15,10,0.666667,2,df30cb2,2026-08-12T22:31:49
recall de marcado como ataque sobre los ataques de D2 de tipo ausente del train,54,False,54,LocalOutlierFactor,False,0.158686,saint,319,128,0.401254,2,df30cb2,2026-08-12T22:31:49
recall de marcado como ataque sobre los ataques de D2 de tipo ausente del train,54,False,54,LocalOutlierFactor,False,0.158686,sendmail,14,10,0.714286,2,df30cb2,2026-08-12T22:31:49
recall de marcado como ataque sobre los ataques de D2 de tipo ausente del train,54,False,54,LocalOutlierFactor,False,0.158686,snmpgetattack,178,11,0.061798,2,df30cb2,2026-08-12T22:31:49
recall de marcado como ataque sobre los ataques de D2 de tipo ausente del train,54,False,54,LocalOutlierFactor,False,0.158686,snmpguess,331,9,0.02719,2,df30cb2,2026-08-12T22:31:49
recall de marcado como ataque sobre los ataques de D2 de tipo ausente del train,54,False,54,LocalOutlierFactor,False,0.158686,sqlattack,2,2,1.0,2,df30cb2,2026-08-12T22:31:49
recall de marcado como ataque sobre los ataques de D2 de tipo ausente del train,54,False,54,LocalOutlierFactor,False,0.158686,udpstorm,2,0,0.0,2,df30cb2,2026-08-12T22:31:49
recall de marcado como ataque sobre los ataques de D2 de tipo ausente del train,54,False,54,LocalOutlierFactor,False,0.158686,worm,2,0,0.0,2,df30cb2,2026-08-12T22:31:49
recall de marcado como ataque sobre los ataques de D2 de tipo ausente del train,54,False,54,LocalOutlierFactor,False,0.158686,xlock,9,5,0.555556,2,df30cb2,2026-08-12T22:31:49
recall de marcado como ataque sobre los ataques de D2 de tipo ausente del train,54,False,54,LocalOutlierFactor,False,0.158686,xsnoop,4,3,0.75,2,df30cb2,2026-08-12T22:31:49
recall de marcado como ataque sobre los ataques de D2 de tipo ausente del train,54,False,54,LocalOutlierFactor,False,0.158686,xterm,13,9,0.692308,2,df30cb2,2026-08-12T22:31:49
recall de marcado como ataque sobre los ataques de D2 de tipo ausente del train,54,False,54,LocalOutlierFactor,False,0.158686,__global__,3750,1499,0.399733,2,df30cb2,2026-08-12T22:31:49
recall de marcado como ataque sobre los ataques de D2 de tipo ausente del train,54,False,54,Autoencoder,True,0.102152,apache2,737,735,0.997286,2,df30cb2,2026-08-12T22:31:49
recall de marcado como ataque sobre los ataques de D2 de tipo ausente del train,54,False,54,Autoencoder,True,0.102152,httptunnel,133,128,0.962406,2,df30cb2,2026-08-12T22:31:49
recall de marcado como ataque sobre los ataques de D2 de tipo ausente del train,54,False,54,Autoencoder,True,0.102152,mailbomb,293,0,0.0,2,df30cb2,2026-08-12T22:31:49
recall de marcado como ataque sobre los ataques de D2 de tipo ausente del train,54,False,54,Autoencoder,True,0.102152,mscan,996,959,0.962851,2,df30cb2,2026-08-12T22:31:49
recall de marcado como ataque sobre los ataques de D2 de tipo ausente del train,54,False,54,Autoencoder,True,0.102152,named,17,9,0.529412,2,df30cb2,2026-08-12T22:31:49
recall de marcado como ataque sobre los ataques de D2 de tipo ausente del train,54,False,54,Autoencoder,True,0.102152,processtable,685,685,1.0,2,df30cb2,2026-08-12T22:31:49
recall de marcado como ataque sobre los ataques de D2 de tipo ausente del train,54,False,54,Autoencoder,True,0.102152,ps,15,10,0.666667,2,df30cb2,2026-08-12T22:31:49
recall de marcado como ataque sobre los ataques de D2 de tipo ausente del train,54,False,54,Autoencoder,True,0.102152,saint,319,313,0.981191,2,df30cb2,2026-08-12T22:31:49
recall de marcado como ataque sobre los ataques de D2 de tipo ausente del train,54,False,54,Autoencoder,True,0.102152,sendmail,14,10,0.714286,2,df30cb2,2026-08-12T22:31:49
recall de marcado como ataque sobre los ataques de D2 de tipo ausente del train,54,False,54,Autoencoder,True,0.102152,snmpgetattack,178,1,0.005618,2,df30cb2,2026-08-12T22:31:49
recall de marcado como ataque sobre los ataques de D2 de tipo ausente del train,54,False,54,Autoencoder,True,0.102152,snmpguess,331,5,0.015106,2,df30cb2,2026-08-12T22:31:49
recall de marcado como ataque sobre los ataques de D2 de tipo ausente del train,54,False,54,Autoencoder,True,0.102152,sqlattack,2,2,1.0,2,df30cb2,2026-08-12T22:31:49
recall de marcado como ataque sobre los ataques de D2 de tipo ausente del train,54,False,54,Autoencoder,True,0.102152,udpstorm,2,1,0.5,2,df30cb2,2026-08-12T22:31:49
recall de marcado como ataque sobre los ataques de D2 de tipo ausente del train,54,False,54,Autoencoder,True,0.102152,worm,2,0,0.0,2,df30cb2,2026-08-12T22:31:49
recall de marcado como ataque sobre los ataques de D2 de tipo ausente del train,54,False,54,Autoencoder,True,0.102152,xlock,9,4,0.444444,2,df30cb2,2026-08-12T22:31:49
recall de marcado como ataque sobre los ataques de D2 de tipo ausente del train,54,False,54,Autoencoder,True,0.102152,xsnoop,4,3,0.75,2,df30cb2,2026-08-12T22:31:49
recall de marcado como ataque sobre los ataques de D2 de tipo ausente del train,54,False,54,Autoencoder,True,0.102152,xterm,13,11,0.846154,2,df30cb2,2026-08-12T22:31:49
recall de marcado como ataque sobre los ataques de D2 de tipo ausente del train,54,False,54,Autoencoder,True,0.102152,__global__,3750,2876,0.766933,2,df30cb2,2026-08-12T22:31:49
recall de marcado como ataque sobre los ataques de D2 de tipo ausente del train,122_sin_seleccion,True,122,IsolationForest,False,0.092472,apache2,737,734,0.995929,2,df30cb2,2026-08-12T22:41:10
recall de marcado como ataque sobre los ataques de D2 de tipo ausente del train,122_sin_seleccion,True,122,IsolationForest,False,0.092472,httptunnel,133,117,0.879699,2,df30cb2,2026-08-12T22:41:10
recall de marcado como ataque sobre los ataques de D2 de tipo ausente del train,122_sin_seleccion,True,122,IsolationForest,False,0.092472,mailbomb,293,4,0.013652,2,df30cb2,2026-08-12T22:41:10
recall de marcado como ataque sobre los ataques de D2 de tipo ausente del train,122_sin_seleccion,True,122,IsolationForest,False,0.092472,mscan,996,982,0.985944,2,df30cb2,2026-08-12T22:41:10
recall de marcado como ataque sobre los ataques de D2 de tipo ausente del train,122_sin_seleccion,True,122,IsolationForest,False,0.092472,named,17,8,0.470588,2,df30cb2,2026-08-12T22:41:10
recall de marcado como ataque sobre los ataques de D2 de tipo ausente del train,122_sin_seleccion,True,122,IsolationForest,False,0.092472,processtable,685,523,0.763504,2,df30cb2,2026-08-12T22:41:10
recall de marcado como ataque sobre los ataques de D2 de tipo ausente del train,122_sin_seleccion,True,122,IsolationForest,False,0.092472,ps,15,3,0.2,2,df30cb2,2026-08-12T22:41:10
recall de marcado como ataque sobre los ataques de D2 de tipo ausente del train,122_sin_seleccion,True,122,IsolationForest,False,0.092472,saint,319,312,0.978056,2,df30cb2,2026-08-12T22:41:10
recall de marcado como ataque sobre los ataques de D2 de tipo ausente del train,122_sin_seleccion,True,122,IsolationForest,False,0.092472,sendmail,14,2,0.142857,2,df30cb2,2026-08-12T22:41:10
recall de marcado como ataque sobre los ataques de D2 de tipo ausente del train,122_sin_seleccion,True,122,IsolationForest,False,0.092472,snmpgetattack,178,17,0.095506,2,df30cb2,2026-08-12T22:41:10
recall de marcado como ataque sobre los ataques de D2 de tipo ausente del train,122_sin_seleccion,True,122,IsolationForest,False,0.092472,snmpguess,331,11,0.033233,2,df30cb2,2026-08-12T22:41:10
recall de marcado como ataque sobre los ataques de D2 de tipo ausente del train,122_sin_seleccion,True,122,IsolationForest,False,0.092472,sqlattack,2,2,1.0,2,df30cb2,2026-08-12T22:41:10
recall de marcado como ataque sobre los ataques de D2 de tipo ausente del train,122_sin_seleccion,True,122,IsolationForest,False,0.092472,udpstorm,2,2,1.0,2,df30cb2,2026-08-12T22:41:10
recall de marcado como ataque sobre los ataques de D2 de tipo ausente del train,122_sin_seleccion,True,122,IsolationForest,False,0.092472,worm,2,0,0.0,2,df30cb2,2026-08-12T22:41:10
recall de marcado como ataque sobre los ataques de D2 de tipo ausente del train,122_sin_seleccion,True,122,IsolationForest,False,0.092472,xlock,9,4,0.444444,2,df30cb2,2026-08-12T22:41:10
recall de marcado como ataque sobre los ataques de D2 de tipo ausente del train,122_sin_seleccion,True,122,IsolationForest,False,0.092472,xsnoop,4,3,0.75,2,df30cb2,2026-08-12T22:41:10
recall de marcado como ataque sobre los ataques de D2 de tipo ausente del train,122_sin_seleccion,True,122,IsolationForest,False,0.092472,xterm,13,10,0.769231,2,df30cb2,2026-08-12T22:41:10
recall de marcado como ataque sobre los ataques de D2 de tipo ausente del train,122_sin_seleccion,True,122,IsolationForest,False,0.092472,__global__,3750,2734,0.729067,2,df30cb2,2026-08-12T22:41:10
recall de marcado como ataque sobre los ataques de D2 de tipo ausente del train,122_sin_seleccion,True,122,OneClassSVM,False,0.08269,apache2,737,723,0.981004,2,df30cb2,2026-08-12T22:41:11
recall de marcado como ataque sobre los ataques de D2 de tipo ausente del train,122_sin_seleccion,True,122,OneClassSVM,False,0.08269,httptunnel,133,112,0.842105,2,df30cb2,2026-08-12T22:41:11
recall de marcado como ataque sobre los ataques de D2 de tipo ausente del train,122_sin_seleccion,True,122,OneClassSVM,False,0.08269,mailbomb,293,0,0.0,2,df30cb2,2026-08-12T22:41:11
recall de marcado como ataque sobre los ataques de D2 de tipo ausente del train,122_sin_seleccion,True,122,OneClassSVM,False,0.08269,mscan,996,897,0.900602,2,df30cb2,2026-08-12T22:41:11
recall de marcado como ataque sobre los ataques de D2 de tipo ausente del train,122_sin_seleccion,True,122,OneClassSVM,False,0.08269,named,17,7,0.411765,2,df30cb2,2026-08-12T22:41:11
recall de marcado como ataque sobre los ataques de D2 de tipo ausente del train,122_sin_seleccion,True,122,OneClassSVM,False,0.08269,processtable,685,247,0.360584,2,df30cb2,2026-08-12T22:41:11
recall de marcado como ataque sobre los ataques de D2 de tipo ausente del train,122_sin_seleccion,True,122,OneClassSVM,False,0.08269,ps,15,3,0.2,2,df30cb2,2026-08-12T22:41:11
recall de marcado como ataque sobre los ataques de D2 de tipo ausente del train,122_sin_seleccion,True,122,OneClassSVM,False,0.08269,saint,319,311,0.974922,2,df30cb2,2026-08-12T22:41:11
recall de marcado como ataque sobre los ataques de D2 de tipo ausente del train,122_sin_seleccion,True,122,OneClassSVM,False,0.08269,sendmail,14,3,0.214286,2,df30cb2,2026-08-12T22:41:11
recall de marcado como ataque sobre los ataques de D2 de tipo ausente del train,122_sin_seleccion,True,122,OneClassSVM,False,0.08269,snmpgetattack,178,11,0.061798,2,df30cb2,2026-08-12T22:41:11
recall de marcado como ataque sobre los ataques de D2 de tipo ausente del train,122_sin_seleccion,True,122,OneClassSVM,False,0.08269,snmpguess,331,4,0.012085,2,df30cb2,2026-08-12T22:41:11
recall de marcado como ataque sobre los ataques de D2 de tipo ausente del train,122_sin_seleccion,True,122,OneClassSVM,False,0.08269,sqlattack,2,2,1.0,2,df30cb2,2026-08-12T22:41:11
recall de marcado como ataque sobre los ataques de D2 de tipo ausente del train,122_sin_seleccion,True,122,OneClassSVM,False,0.08269,udpstorm,2,1,0.5,2,df30cb2,2026-08-12T22:41:11
recall de marcado como ataque sobre los ataques de D2 de tipo ausente del train,122_sin_seleccion,True,122,OneClassSVM,False,0.08269,worm,2,0,0.0,2,df30cb2,2026-08-12T22:41:11
recall de marcado como ataque sobre los ataques de D2 de tipo ausente del train,122_sin_seleccion,True,122,OneClassSVM,False,0.08269,xlock,9,0,0.0,2,df30cb2,2026-08-12T22:41:11
recall de marcado como ataque sobre los ataques de D2 de tipo ausente del train,122_sin_seleccion,True,122,OneClassSVM,False,0.08269,xsnoop,4,3,0.75,2,df30cb2,2026-08-12T22:41:11
recall de marcado como ataque sobre los ataques de D2 de tipo ausente del train,122_sin_seleccion,True,122,OneClassSVM,False,0.08269,xterm,13,9,0.692308,2,df30cb2,2026-08-12T22:41:11
recall de marcado como ataque sobre los ataques de D2 de tipo ausente del train,122_sin_seleccion,True,122,OneClassSVM,False,0.08269,__global__,3750,2333,0.622133,2,df30cb2,2026-08-12T22:41:11
recall de marcado como ataque sobre los ataques de D2 de tipo ausente del train,122_sin_seleccion,True,122,LocalOutlierFactor,False,0.160746,apache2,737,267,0.36228,2,df30cb2,2026-08-12T22:41:11
recall de marcado como ataque sobre los ataques de D2 de tipo ausente del train,122_sin_seleccion,True,122,LocalOutlierFactor,False,0.160746,httptunnel,133,59,0.443609,2,df30cb2,2026-08-12T22:41:11
recall de marcado como ataque sobre los ataques de D2 de tipo ausente del train,122_sin_seleccion,True,122,LocalOutlierFactor,False,0.160746,mailbomb,293,217,0.740614,2,df30cb2,2026-08-12T22:41:11
recall de marcado como ataque sobre los ataques de D2 de tipo ausente del train,122_sin_seleccion,True,122,LocalOutlierFactor,False,0.160746,mscan,996,338,0.339357,2,df30cb2,2026-08-12T22:41:11
recall de marcado como ataque sobre los ataques de D2 de tipo ausente del train,122_sin_seleccion,True,122,LocalOutlierFactor,False,0.160746,named,17,7,0.411765,2,df30cb2,2026-08-12T22:41:11
recall de marcado como ataque sobre los ataques de D2 de tipo ausente del train,122_sin_seleccion,True,122,LocalOutlierFactor,False,0.160746,processtable,685,162,0.236496,2,df30cb2,2026-08-12T22:41:11
recall de marcado como ataque sobre los ataques de D2 de tipo ausente del train,122_sin_seleccion,True,122,LocalOutlierFactor,False,0.160746,ps,15,10,0.666667,2,df30cb2,2026-08-12T22:41:11
recall de marcado como ataque sobre los ataques de D2 de tipo ausente del train,122_sin_seleccion,True,122,LocalOutlierFactor,False,0.160746,saint,319,255,0.799373,2,df30cb2,2026-08-12T22:41:11
recall de marcado como ataque sobre los ataques de D2 de tipo ausente del train,122_sin_seleccion,True,122,LocalOutlierFactor,False,0.160746,sendmail,14,8,0.571429,2,df30cb2,2026-08-12T22:41:11
recall de marcado como ataque sobre los ataques de D2 de tipo ausente del train,122_sin_seleccion,True,122,LocalOutlierFactor,False,0.160746,snmpgetattack,178,9,0.050562,2,df30cb2,2026-08-12T22:41:11
recall de marcado como ataque sobre los ataques de D2 de tipo ausente del train,122_sin_seleccion,True,122,LocalOutlierFactor,False,0.160746,snmpguess,331,9,0.02719,2,df30cb2,2026-08-12T22:41:11
recall de marcado como ataque sobre los ataques de D2 de tipo ausente del train,122_sin_seleccion,True,122,LocalOutlierFactor,False,0.160746,sqlattack,2,2,1.0,2,df30cb2,2026-08-12T22:41:11
recall de marcado como ataque sobre los ataques de D2 de tipo ausente del train,122_sin_seleccion,True,122,LocalOutlierFactor,False,0.160746,udpstorm,2,1,0.5,2,df30cb2,2026-08-12T22:41:11
recall de marcado como ataque sobre los ataques de D2 de tipo ausente del train,122_sin_seleccion,True,122,LocalOutlierFactor,False,0.160746,worm,2,0,0.0,2,df30cb2,2026-08-12T22:41:11
recall de marcado como ataque sobre los ataques de D2 de tipo ausente del train,122_sin_seleccion,True,122,LocalOutlierFactor,False,0.160746,xlock,9,0,0.0,2,df30cb2,2026-08-12T22:41:11
recall de marcado como ataque sobre los ataques de D2 de tipo ausente del train,122_sin_seleccion,True,122,LocalOutlierFactor,False,0.160746,xsnoop,4,2,0.5,2,df30cb2,2026-08-12T22:41:11
recall de marcado como ataque sobre los ataques de D2 de tipo ausente del train,122_sin_seleccion,True,122,LocalOutlierFactor,False,0.160746,xterm,13,9,0.692308,2,df30cb2,2026-08-12T22:41:11
recall de marcado como ataque sobre los ataques de D2 de tipo ausente del train,122_sin_seleccion,True,122,LocalOutlierFactor,False,0.160746,__global__,3750,1355,0.361333,2,df30cb2,2026-08-12T22:41:11
recall de marcado como ataque sobre los ataques de D2 de tipo ausente del train,122_sin_seleccion,True,122,Autoencoder,True,0.088868,apache2,737,735,0.997286,2,df30cb2,2026-08-12T22:41:11
recall de marcado como ataque sobre los ataques de D2 de tipo ausente del train,122_sin_seleccion,True,122,Autoencoder,True,0.088868,httptunnel,133,132,0.992481,2,df30cb2,2026-08-12T22:41:11
recall de marcado como ataque sobre los ataques de D2 de tipo ausente del train,122_sin_seleccion,True,122,Autoencoder,True,0.088868,mailbomb,293,35,0.119454,2,df30cb2,2026-08-12T22:41:11
recall de marcado como ataque sobre los ataques de D2 de tipo ausente del train,122_sin_seleccion,True,122,Autoencoder,True,0.088868,mscan,996,989,0.992972,2,df30cb2,2026-08-12T22:41:11
recall de marcado como ataque sobre los ataques de D2 de tipo ausente del train,122_sin_seleccion,True,122,Autoencoder,True,0.088868,named,17,15,0.882353,2,df30cb2,2026-08-12T22:41:11
recall de marcado como ataque sobre los ataques de D2 de tipo ausente del train,122_sin_seleccion,True,122,Autoencoder,True,0.088868,processtable,685,674,0.983942,2,df30cb2,2026-08-12T22:41:11
recall de marcado como ataque sobre los ataques de D2 de tipo ausente del train,122_sin_seleccion,True,122,Autoencoder,True,0.088868,ps,15,10,0.666667,2,df30cb2,2026-08-12T22:41:11
recall de marcado como ataque sobre los ataques de D2 de tipo ausente del train,122_sin_seleccion,True,122,Autoencoder,True,0.088868,saint,319,216,0.677116,2,df30cb2,2026-08-12T22:41:11
recall de marcado como ataque sobre los ataques de D2 de tipo ausente del train,122_sin_seleccion,True,122,Autoencoder,True,0.088868,sendmail,14,7,0.5,2,df30cb2,2026-08-12T22:41:11
recall de marcado como ataque sobre los ataques de D2 de tipo ausente del train,122_sin_seleccion,True,122,Autoencoder,True,0.088868,snmpgetattack,178,0,0.0,2,df30cb2,2026-08-12T22:41:11
recall de marcado como ataque sobre los ataques de D2 de tipo ausente del train,122_sin_seleccion,True,122,Autoencoder,True,0.088868,snmpguess,331,4,0.012085,2,df30cb2,2026-08-12T22:41:11
recall de marcado como ataque sobre los ataques de D2 de tipo ausente del train,122_sin_seleccion,True,122,Autoencoder,True,0.088868,sqlattack,2,2,1.0,2,df30cb2,2026-08-12T22:41:11
recall de marcado como ataque sobre los ataques de D2 de tipo ausente del train,122_sin_seleccion,True,122,Autoencoder,True,0.088868,udpstorm,2,1,0.5,2,df30cb2,2026-08-12T22:41:11
recall de marcado como ataque sobre los ataques de D2 de tipo ausente del train,122_sin_seleccion,True,122,Autoencoder,True,0.088868,worm,2,0,0.0,2,df30cb2,2026-08-12T22:41:11
recall de marcado como ataque sobre los ataques de D2 de tipo ausente del train,122_sin_seleccion,True,122,Autoencoder,True,0.088868,xlock,9,7,0.777778,2,df30cb2,2026-08-12T22:41:11
recall de marcado como ataque sobre los ataques de D2 de tipo ausente del train,122_sin_seleccion,True,122,Autoencoder,True,0.088868,xsnoop,4,4,1.0,2,df30cb2,2026-08-12T22:41:11
recall de marcado como ataque sobre los ataques de D2 de tipo ausente del train,122_sin_seleccion,True,122,Autoencoder,True,0.088868,xterm,13,10,0.769231,2,df30cb2,2026-08-12T22:41:11
recall de marcado como ataque sobre los ataques de D2 de tipo ausente del train,122_sin_seleccion,True,122,Autoencoder,True,0.088868,__global__,3750,2841,0.7576,2,df30cb2,2026-08-12T22:41:11
recall de marcado como ataque sobre los ataques de D2 de tipo ausente del train,54,False,54,IsolationForest,False,0.100299,apache2,737,734,0.995929,3,df30cb2,2026-08-12T22:47:39
recall de marcado como ataque sobre los ataques de D2 de tipo ausente del train,54,False,54,IsolationForest,False,0.100299,httptunnel,133,116,0.87218,3,df30cb2,2026-08-12T22:47:39
recall de marcado como ataque sobre los ataques de D2 de tipo ausente del train,54,False,54,IsolationForest,False,0.100299,mailbomb,293,0,0.0,3,df30cb2,2026-08-12T22:47:39
recall de marcado como ataque sobre los ataques de D2 de tipo ausente del train,54,False,54,IsolationForest,False,0.100299,mscan,996,969,0.972892,3,df30cb2,2026-08-12T22:47:39
recall de marcado como ataque sobre los ataques de D2 de tipo ausente del train,54,False,54,IsolationForest,False,0.100299,named,17,6,0.352941,3,df30cb2,2026-08-12T22:47:39
recall de marcado como ataque sobre los ataques de D2 de tipo ausente del train,54,False,54,IsolationForest,False,0.100299,processtable,685,313,0.456934,3,df30cb2,2026-08-12T22:47:39
recall de marcado como ataque sobre los ataques de D2 de tipo ausente del train,54,False,54,IsolationForest,False,0.100299,ps,15,3,0.2,3,df30cb2,2026-08-12T22:47:39
recall de marcado como ataque sobre los ataques de D2 de tipo ausente del train,54,False,54,IsolationForest,False,0.100299,saint,319,317,0.99373,3,df30cb2,2026-08-12T22:47:39
recall de marcado como ataque sobre los ataques de D2 de tipo ausente del train,54,False,54,IsolationForest,False,0.100299,sendmail,14,2,0.142857,3,df30cb2,2026-08-12T22:47:39
recall de marcado como ataque sobre los ataques de D2 de tipo ausente del train,54,False,54,IsolationForest,False,0.100299,snmpgetattack,178,23,0.129213,3,df30cb2,2026-08-12T22:47:39
recall de marcado como ataque sobre los ataques de D2 de tipo ausente del train,54,False,54,IsolationForest,False,0.100299,snmpguess,331,260,0.785498,3,df30cb2,2026-08-12T22:47:39
recall de marcado como ataque sobre los ataques de D2 de tipo ausente del train,54,False,54,IsolationForest,False,0.100299,sqlattack,2,2,1.0,3,df30cb2,2026-08-12T22:47:39
recall de marcado como ataque sobre los ataques de D2 de tipo ausente del train,54,False,54,IsolationForest,False,0.100299,udpstorm,2,2,1.0,3,df30cb2,2026-08-12T22:47:39
recall de marcado como ataque sobre los ataques de D2 de tipo ausente del train,54,False,54,IsolationForest,False,0.100299,worm,2,0,0.0,3,df30cb2,2026-08-12T22:47:39
recall de marcado como ataque sobre los ataques de D2 de tipo ausente del train,54,False,54,IsolationForest,False,0.100299,xlock,9,0,0.0,3,df30cb2,2026-08-12T22:47:39
recall de marcado como ataque sobre los ataques de D2 de tipo ausente del train,54,False,54,IsolationForest,False,0.100299,xsnoop,4,1,0.25,3,df30cb2,2026-08-12T22:47:39
recall de marcado como ataque sobre los ataques de D2 de tipo ausente del train,54,False,54,IsolationForest,False,0.100299,xterm,13,8,0.615385,3,df30cb2,2026-08-12T22:47:39
recall de marcado como ataque sobre los ataques de D2 de tipo ausente del train,54,False,54,IsolationForest,False,0.100299,__global__,3750,2756,0.734933,3,df30cb2,2026-08-12T22:47:39
recall de marcado como ataque sobre los ataques de D2 de tipo ausente del train,54,False,54,OneClassSVM,False,0.084131,apache2,737,721,0.97829,3,df30cb2,2026-08-12T22:47:39
recall de marcado como ataque sobre los ataques de D2 de tipo ausente del train,54,False,54,OneClassSVM,False,0.084131,httptunnel,133,112,0.842105,3,df30cb2,2026-08-12T22:47:39
recall de marcado como ataque sobre los ataques de D2 de tipo ausente del train,54,False,54,OneClassSVM,False,0.084131,mailbomb,293,6,0.020478,3,df30cb2,2026-08-12T22:47:39
recall de marcado como ataque sobre los ataques de D2 de tipo ausente del train,54,False,54,OneClassSVM,False,0.084131,mscan,996,838,0.841365,3,df30cb2,2026-08-12T22:47:39
recall de marcado como ataque sobre los ataques de D2 de tipo ausente del train,54,False,54,OneClassSVM,False,0.084131,named,17,3,0.176471,3,df30cb2,2026-08-12T22:47:39
recall de marcado como ataque sobre los ataques de D2 de tipo ausente del train,54,False,54,OneClassSVM,False,0.084131,processtable,685,51,0.074453,3,df30cb2,2026-08-12T22:47:39
recall de marcado como ataque sobre los ataques de D2 de tipo ausente del train,54,False,54,OneClassSVM,False,0.084131,ps,15,1,0.066667,3,df30cb2,2026-08-12T22:47:39
recall de marcado como ataque sobre los ataques de D2 de tipo ausente del train,54,False,54,OneClassSVM,False,0.084131,saint,319,310,0.971787,3,df30cb2,2026-08-12T22:47:39
recall de marcado como ataque sobre los ataques de D2 de tipo ausente del train,54,False,54,OneClassSVM,False,0.084131,sendmail,14,5,0.357143,3,df30cb2,2026-08-12T22:47:39
recall de marcado como ataque sobre los ataques de D2 de tipo ausente del train,54,False,54,OneClassSVM,False,0.084131,snmpgetattack,178,10,0.05618,3,df30cb2,2026-08-12T22:47:39
recall de marcado como ataque sobre los ataques de D2 de tipo ausente del train,54,False,54,OneClassSVM,False,0.084131,snmpguess,331,4,0.012085,3,df30cb2,2026-08-12T22:47:39
recall de marcado como ataque sobre los ataques de D2 de tipo ausente del train,54,False,54,OneClassSVM,False,0.084131,sqlattack,2,2,1.0,3,df30cb2,2026-08-12T22:47:39
recall de marcado como ataque sobre los ataques de D2 de tipo ausente del train,54,False,54,OneClassSVM,False,0.084131,udpstorm,2,0,0.0,3,df30cb2,2026-08-12T22:47:39
recall de marcado como ataque sobre los ataques de D2 de tipo ausente del train,54,False,54,OneClassSVM,False,0.084131,worm,2,0,0.0,3,df30cb2,2026-08-12T22:47:39
recall de marcado como ataque sobre los ataques de D2 de tipo ausente del train,54,False,54,OneClassSVM,False,0.084131,xlock,9,0,0.0,3,df30cb2,2026-08-12T22:47:39
recall de marcado como ataque sobre los ataques de D2 de tipo ausente del train,54,False,54,OneClassSVM,False,0.084131,xsnoop,4,2,0.5,3,df30cb2,2026-08-12T22:47:39
recall de marcado como ataque sobre los ataques de D2 de tipo ausente del train,54,False,54,OneClassSVM,False,0.084131,xterm,13,8,0.615385,3,df30cb2,2026-08-12T22:47:39
recall de marcado como ataque sobre los ataques de D2 de tipo ausente del train,54,False,54,OneClassSVM,False,0.084131,__global__,3750,2073,0.5528,3,df30cb2,2026-08-12T22:47:39
recall de marcado como ataque sobre los ataques de D2 de tipo ausente del train,54,False,54,LocalOutlierFactor,False,0.16054,apache2,737,595,0.807327,3,df30cb2,2026-08-12T22:47:39
recall de marcado como ataque sobre los ataques de D2 de tipo ausente del train,54,False,54,LocalOutlierFactor,False,0.16054,httptunnel,133,34,0.255639,3,df30cb2,2026-08-12T22:47:39
recall de marcado como ataque sobre los ataques de D2 de tipo ausente del train,54,False,54,LocalOutlierFactor,False,0.16054,mailbomb,293,237,0.808874,3,df30cb2,2026-08-12T22:47:39
recall de marcado como ataque sobre los ataques de D2 de tipo ausente del train,54,False,54,LocalOutlierFactor,False,0.16054,mscan,996,328,0.329317,3,df30cb2,2026-08-12T22:47:39
recall de marcado como ataque sobre los ataques de D2 de tipo ausente del train,54,False,54,LocalOutlierFactor,False,0.16054,named,17,10,0.588235,3,df30cb2,2026-08-12T22:47:39
recall de marcado como ataque sobre los ataques de D2 de tipo ausente del train,54,False,54,LocalOutlierFactor,False,0.16054,processtable,685,312,0.455474,3,df30cb2,2026-08-12T22:47:39
recall de marcado como ataque sobre los ataques de D2 de tipo ausente del train,54,False,54,LocalOutlierFactor,False,0.16054,ps,15,11,0.733333,3,df30cb2,2026-08-12T22:47:39
recall de marcado como ataque sobre los ataques de D2 de tipo ausente del train,54,False,54,LocalOutlierFactor,False,0.16054,saint,319,124,0.388715,3,df30cb2,2026-08-12T22:47:39
recall de marcado como ataque sobre los ataques de D2 de tipo ausente del train,54,False,54,LocalOutlierFactor,False,0.16054,sendmail,14,10,0.714286,3,df30cb2,2026-08-12T22:47:39
recall de marcado como ataque sobre los ataques de D2 de tipo ausente del train,54,False,54,LocalOutlierFactor,False,0.16054,snmpgetattack,178,13,0.073034,3,df30cb2,2026-08-12T22:47:39
recall de marcado como ataque sobre los ataques de D2 de tipo ausente del train,54,False,54,LocalOutlierFactor,False,0.16054,snmpguess,331,10,0.030211,3,df30cb2,2026-08-12T22:47:39
recall de marcado como ataque sobre los ataques de D2 de tipo ausente del train,54,False,54,LocalOutlierFactor,False,0.16054,sqlattack,2,2,1.0,3,df30cb2,2026-08-12T22:47:39
recall de marcado como ataque sobre los ataques de D2 de tipo ausente del train,54,False,54,LocalOutlierFactor,False,0.16054,udpstorm,2,0,0.0,3,df30cb2,2026-08-12T22:47:39
recall de marcado como ataque sobre los ataques de D2 de tipo ausente del train,54,False,54,LocalOutlierFactor,False,0.16054,worm,2,0,0.0,3,df30cb2,2026-08-12T22:47:39
recall de marcado como ataque sobre los ataques de D2 de tipo ausente del train,54,False,54,LocalOutlierFactor,False,0.16054,xlock,9,5,0.555556,3,df30cb2,2026-08-12T22:47:39
recall de marcado como ataque sobre los ataques de D2 de tipo ausente del train,54,False,54,LocalOutlierFactor,False,0.16054,xsnoop,4,3,0.75,3,df30cb2,2026-08-12T22:47:39
recall de marcado como ataque sobre los ataques de D2 de tipo ausente del train,54,False,54,LocalOutlierFactor,False,0.16054,xterm,13,10,0.769231,3,df30cb2,2026-08-12T22:47:39
recall de marcado como ataque sobre los ataques de D2 de tipo ausente del train,54,False,54,LocalOutlierFactor,False,0.16054,__global__,3750,1704,0.4544,3,df30cb2,2026-08-12T22:47:39
recall de marcado como ataque sobre los ataques de D2 de tipo ausente del train,54,False,54,Autoencoder,True,0.093399,apache2,737,735,0.997286,3,df30cb2,2026-08-12T22:47:39
recall de marcado como ataque sobre los ataques de D2 de tipo ausente del train,54,False,54,Autoencoder,True,0.093399,httptunnel,133,130,0.977444,3,df30cb2,2026-08-12T22:47:39
recall de marcado como ataque sobre los ataques de D2 de tipo ausente del train,54,False,54,Autoencoder,True,0.093399,mailbomb,293,0,0.0,3,df30cb2,2026-08-12T22:47:39
recall de marcado como ataque sobre los ataques de D2 de tipo ausente del train,54,False,54,Autoencoder,True,0.093399,mscan,996,992,0.995984,3,df30cb2,2026-08-12T22:47:39
recall de marcado como ataque sobre los ataques de D2 de tipo ausente del train,54,False,54,Autoencoder,True,0.093399,named,17,10,0.588235,3,df30cb2,2026-08-12T22:47:39
recall de marcado como ataque sobre los ataques de D2 de tipo ausente del train,54,False,54,Autoencoder,True,0.093399,processtable,685,685,1.0,3,df30cb2,2026-08-12T22:47:39
recall de marcado como ataque sobre los ataques de D2 de tipo ausente del train,54,False,54,Autoencoder,True,0.093399,ps,15,11,0.733333,3,df30cb2,2026-08-12T22:47:39
recall de marcado como ataque sobre los ataques de D2 de tipo ausente del train,54,False,54,Autoencoder,True,0.093399,saint,319,313,0.981191,3,df30cb2,2026-08-12T22:47:39
recall de marcado como ataque sobre los ataques de D2 de tipo ausente del train,54,False,54,Autoencoder,True,0.093399,sendmail,14,14,1.0,3,df30cb2,2026-08-12T22:47:39
recall de marcado como ataque sobre los ataques de D2 de tipo ausente del train,54,False,54,Autoencoder,True,0.093399,snmpgetattack,178,0,0.0,3,df30cb2,2026-08-12T22:47:39
recall de marcado como ataque sobre los ataques de D2 de tipo ausente del train,54,False,54,Autoencoder,True,0.093399,snmpguess,331,2,0.006042,3,df30cb2,2026-08-12T22:47:39
recall de marcado como ataque sobre los ataques de D2 de tipo ausente del train,54,False,54,Autoencoder,True,0.093399,sqlattack,2,2,1.0,3,df30cb2,2026-08-12T22:47:39
recall de marcado como ataque sobre los ataques de D2 de tipo ausente del train,54,False,54,Autoencoder,True,0.093399,udpstorm,2,2,1.0,3,df30cb2,2026-08-12T22:47:39
recall de marcado como ataque sobre los ataques de D2 de tipo ausente del train,54,False,54,Autoencoder,True,0.093399,worm,2,0,0.0,3,df30cb2,2026-08-12T22:47:39
recall de marcado como ataque sobre los ataques de D2 de tipo ausente del train,54,False,54,Autoencoder,True,0.093399,xlock,9,5,0.555556,3,df30cb2,2026-08-12T22:47:39
recall de marcado como ataque sobre los ataques de D2 de tipo ausente del train,54,False,54,Autoencoder,True,0.093399,xsnoop,4,3,0.75,3,df30cb2,2026-08-12T22:47:39
recall de marcado como ataque sobre los ataques de D2 de tipo ausente del train,54,False,54,Autoencoder,True,0.093399,xterm,13,10,0.769231,3,df30cb2,2026-08-12T22:47:39
recall de marcado como ataque sobre los ataques de D2 de tipo ausente del train,54,False,54,Autoencoder,True,0.093399,__global__,3750,2914,0.777067,3,df30cb2,2026-08-12T22:47:39
recall de marcado como ataque sobre los ataques de D2 de tipo ausente del train,122_sin_seleccion,True,122,IsolationForest,False,0.091958,apache2,737,734,0.995929,3,df30cb2,2026-08-12T22:56:23
recall de marcado como ataque sobre los ataques de D2 de tipo ausente del train,122_sin_seleccion,True,122,IsolationForest,False,0.091958,httptunnel,133,126,0.947368,3,df30cb2,2026-08-12T22:56:23
recall de marcado como ataque sobre los ataques de D2 de tipo ausente del train,122_sin_seleccion,True,122,IsolationForest,False,0.091958,mailbomb,293,3,0.010239,3,df30cb2,2026-08-12T22:56:23
recall de marcado como ataque sobre los ataques de D2 de tipo ausente del train,122_sin_seleccion,True,122,IsolationForest,False,0.091958,mscan,996,986,0.98996,3,df30cb2,2026-08-12T22:56:23
recall de marcado como ataque sobre los ataques de D2 de tipo ausente del train,122_sin_seleccion,True,122,IsolationForest,False,0.091958,named,17,7,0.411765,3,df30cb2,2026-08-12T22:56:23
recall de marcado como ataque sobre los ataques de D2 de tipo ausente del train,122_sin_seleccion,True,122,IsolationForest,False,0.091958,processtable,685,601,0.877372,3,df30cb2,2026-08-12T22:56:23
recall de marcado como ataque sobre los ataques de D2 de tipo ausente del train,122_sin_seleccion,True,122,IsolationForest,False,0.091958,ps,15,3,0.2,3,df30cb2,2026-08-12T22:56:23
recall de marcado como ataque sobre los ataques de D2 de tipo ausente del train,122_sin_seleccion,True,122,IsolationForest,False,0.091958,saint,319,313,0.981191,3,df30cb2,2026-08-12T22:56:23
recall de marcado como ataque sobre los ataques de D2 de tipo ausente del train,122_sin_seleccion,True,122,IsolationForest,False,0.091958,sendmail,14,2,0.142857,3,df30cb2,2026-08-12T22:56:23
recall de marcado como ataque sobre los ataques de D2 de tipo ausente del train,122_sin_seleccion,True,122,IsolationForest,False,0.091958,snmpgetattack,178,12,0.067416,3,df30cb2,2026-08-12T22:56:23
recall de marcado como ataque sobre los ataques de D2 de tipo ausente del train,122_sin_seleccion,True,122,IsolationForest,False,0.091958,snmpguess,331,11,0.033233,3,df30cb2,2026-08-12T22:56:23
recall de marcado como ataque sobre los ataques de D2 de tipo ausente del train,122_sin_seleccion,True,122,IsolationForest,False,0.091958,sqlattack,2,2,1.0,3,df30cb2,2026-08-12T22:56:23
recall de marcado como ataque sobre los ataques de D2 de tipo ausente del train,122_sin_seleccion,True,122,IsolationForest,False,0.091958,udpstorm,2,2,1.0,3,df30cb2,2026-08-12T22:56:23
recall de marcado como ataque sobre los ataques de D2 de tipo ausente del train,122_sin_seleccion,True,122,IsolationForest,False,0.091958,worm,2,0,0.0,3,df30cb2,2026-08-12T22:56:23
recall de marcado como ataque sobre los ataques de D2 de tipo ausente del train,122_sin_seleccion,True,122,IsolationForest,False,0.091958,xlock,9,4,0.444444,3,df30cb2,2026-08-12T22:56:23
recall de marcado como ataque sobre los ataques de D2 de tipo ausente del train,122_sin_seleccion,True,122,IsolationForest,False,0.091958,xsnoop,4,3,0.75,3,df30cb2,2026-08-12T22:56:23
recall de marcado como ataque sobre los ataques de D2 de tipo ausente del train,122_sin_seleccion,True,122,IsolationForest,False,0.091958,xterm,13,10,0.769231,3,df30cb2,2026-08-12T22:56:23
recall de marcado como ataque sobre los ataques de D2 de tipo ausente del train,122_sin_seleccion,True,122,IsolationForest,False,0.091958,__global__,3750,2819,0.751733,3,df30cb2,2026-08-12T22:56:23
recall de marcado como ataque sobre los ataques de D2 de tipo ausente del train,122_sin_seleccion,True,122,OneClassSVM,False,0.082381,apache2,737,727,0.986431,3,df30cb2,2026-08-12T22:56:23
recall de marcado como ataque sobre los ataques de D2 de tipo ausente del train,122_sin_seleccion,True,122,OneClassSVM,False,0.082381,httptunnel,133,112,0.842105,3,df30cb2,2026-08-12T22:56:23
recall de marcado como ataque sobre los ataques de D2 de tipo ausente del train,122_sin_seleccion,True,122,OneClassSVM,False,0.082381,mailbomb,293,0,0.0,3,df30cb2,2026-08-12T22:56:23
recall de marcado como ataque sobre los ataques de D2 de tipo ausente del train,122_sin_seleccion,True,122,OneClassSVM,False,0.082381,mscan,996,893,0.896586,3,df30cb2,2026-08-12T22:56:23
recall de marcado como ataque sobre los ataques de D2 de tipo ausente del train,122_sin_seleccion,True,122,OneClassSVM,False,0.082381,named,17,7,0.411765,3,df30cb2,2026-08-12T22:56:23
recall de marcado como ataque sobre los ataques de D2 de tipo ausente del train,122_sin_seleccion,True,122,OneClassSVM,False,0.082381,processtable,685,246,0.359124,3,df30cb2,2026-08-12T22:56:23
recall de marcado como ataque sobre los ataques de D2 de tipo ausente del train,122_sin_seleccion,True,122,OneClassSVM,False,0.082381,ps,15,3,0.2,3,df30cb2,2026-08-12T22:56:23
recall de marcado como ataque sobre los ataques de D2 de tipo ausente del train,122_sin_seleccion,True,122,OneClassSVM,False,0.082381,saint,319,311,0.974922,3,df30cb2,2026-08-12T22:56:23
recall de marcado como ataque sobre los ataques de D2 de tipo ausente del train,122_sin_seleccion,True,122,OneClassSVM,False,0.082381,sendmail,14,2,0.142857,3,df30cb2,2026-08-12T22:56:23
recall de marcado como ataque sobre los ataques de D2 de tipo ausente del train,122_sin_seleccion,True,122,OneClassSVM,False,0.082381,snmpgetattack,178,11,0.061798,3,df30cb2,2026-08-12T22:56:23
recall de marcado como ataque sobre los ataques de D2 de tipo ausente del train,122_sin_seleccion,True,122,OneClassSVM,False,0.082381,snmpguess,331,4,0.012085,3,df30cb2,2026-08-12T22:56:23
recall de marcado como ataque sobre los ataques de D2 de tipo ausente del train,122_sin_seleccion,True,122,OneClassSVM,False,0.082381,sqlattack,2,2,1.0,3,df30cb2,2026-08-12T22:56:23
recall de marcado como ataque sobre los ataques de D2 de tipo ausente del train,122_sin_seleccion,True,122,OneClassSVM,False,0.082381,udpstorm,2,1,0.5,3,df30cb2,2026-08-12T22:56:23
recall de marcado como ataque sobre los ataques de D2 de tipo ausente del train,122_sin_seleccion,True,122,OneClassSVM,False,0.082381,worm,2,0,0.0,3,df30cb2,2026-08-12T22:56:23
recall de marcado como ataque sobre los ataques de D2 de tipo ausente del train,122_sin_seleccion,True,122,OneClassSVM,False,0.082381,xlock,9,0,0.0,3,df30cb2,2026-08-12T22:56:23
recall de marcado como ataque sobre los ataques de D2 de tipo ausente del train,122_sin_seleccion,True,122,OneClassSVM,False,0.082381,xsnoop,4,3,0.75,3,df30cb2,2026-08-12T22:56:23
recall de marcado como ataque sobre los ataques de D2 de tipo ausente del train,122_sin_seleccion,True,122,OneClassSVM,False,0.082381,xterm,13,9,0.692308,3,df30cb2,2026-08-12T22:56:23
recall de marcado como ataque sobre los ataques de D2 de tipo ausente del train,122_sin_seleccion,True,122,OneClassSVM,False,0.082381,__global__,3750,2331,0.6216,3,df30cb2,2026-08-12T22:56:23
recall de marcado como ataque sobre los ataques de D2 de tipo ausente del train,122_sin_seleccion,True,122,LocalOutlierFactor,False,0.162187,apache2,737,222,0.301221,3,df30cb2,2026-08-12T22:56:23
recall de marcado como ataque sobre los ataques de D2 de tipo ausente del train,122_sin_seleccion,True,122,LocalOutlierFactor,False,0.162187,httptunnel,133,56,0.421053,3,df30cb2,2026-08-12T22:56:23
recall de marcado como ataque sobre los ataques de D2 de tipo ausente del train,122_sin_seleccion,True,122,LocalOutlierFactor,False,0.162187,mailbomb,293,216,0.737201,3,df30cb2,2026-08-12T22:56:23
recall de marcado como ataque sobre los ataques de D2 de tipo ausente del train,122_sin_seleccion,True,122,LocalOutlierFactor,False,0.162187,mscan,996,342,0.343373,3,df30cb2,2026-08-12T22:56:23
recall de marcado como ataque sobre los ataques de D2 de tipo ausente del train,122_sin_seleccion,True,122,LocalOutlierFactor,False,0.162187,named,17,7,0.411765,3,df30cb2,2026-08-12T22:56:23
recall de marcado como ataque sobre los ataques de D2 de tipo ausente del train,122_sin_seleccion,True,122,LocalOutlierFactor,False,0.162187,processtable,685,259,0.378102,3,df30cb2,2026-08-12T22:56:23
recall de marcado como ataque sobre los ataques de D2 de tipo ausente del train,122_sin_seleccion,True,122,LocalOutlierFactor,False,0.162187,ps,15,10,0.666667,3,df30cb2,2026-08-12T22:56:23
recall de marcado como ataque sobre los ataques de D2 de tipo ausente del train,122_sin_seleccion,True,122,LocalOutlierFactor,False,0.162187,saint,319,254,0.796238,3,df30cb2,2026-08-12T22:56:23
recall de marcado como ataque sobre los ataques de D2 de tipo ausente del train,122_sin_seleccion,True,122,LocalOutlierFactor,False,0.162187,sendmail,14,8,0.571429,3,df30cb2,2026-08-12T22:56:23
recall de marcado como ataque sobre los ataques de D2 de tipo ausente del train,122_sin_seleccion,True,122,LocalOutlierFactor,False,0.162187,snmpgetattack,178,10,0.05618,3,df30cb2,2026-08-12T22:56:23
recall de marcado como ataque sobre los ataques de D2 de tipo ausente del train,122_sin_seleccion,True,122,LocalOutlierFactor,False,0.162187,snmpguess,331,5,0.015106,3,df30cb2,2026-08-12T22:56:23
recall de marcado como ataque sobre los ataques de D2 de tipo ausente del train,122_sin_seleccion,True,122,LocalOutlierFactor,False,0.162187,sqlattack,2,2,1.0,3,df30cb2,2026-08-12T22:56:23
recall de marcado como ataque sobre los ataques de D2 de tipo ausente del train,122_sin_seleccion,True,122,LocalOutlierFactor,False,0.162187,udpstorm,2,1,0.5,3,df30cb2,2026-08-12T22:56:23
recall de marcado como ataque sobre los ataques de D2 de tipo ausente del train,122_sin_seleccion,True,122,LocalOutlierFactor,False,0.162187,worm,2,0,0.0,3,df30cb2,2026-08-12T22:56:23
recall de marcado como ataque sobre los ataques de D2 de tipo ausente del train,122_sin_seleccion,True,122,LocalOutlierFactor,False,0.162187,xlock,9,0,0.0,3,df30cb2,2026-08-12T22:56:23
recall de marcado como ataque sobre los ataques de D2 de tipo ausente del train,122_sin_seleccion,True,122,LocalOutlierFactor,False,0.162187,xsnoop,4,2,0.5,3,df30cb2,2026-08-12T22:56:23
recall de marcado como ataque sobre los ataques de D2 de tipo ausente del train,122_sin_seleccion,True,122,LocalOutlierFactor,False,0.162187,xterm,13,10,0.769231,3,df30cb2,2026-08-12T22:56:23
recall de marcado como ataque sobre los ataques de D2 de tipo ausente del train,122_sin_seleccion,True,122,LocalOutlierFactor,False,0.162187,__global__,3750,1404,0.3744,3,df30cb2,2026-08-12T22:56:23
recall de marcado como ataque sobre los ataques de D2 de tipo ausente del train,122_sin_seleccion,True,122,Autoencoder,True,0.048811,apache2,737,735,0.997286,3,df30cb2,2026-08-12T22:56:23
recall de marcado como ataque sobre los ataques de D2 de tipo ausente del train,122_sin_seleccion,True,122,Autoencoder,True,0.048811,httptunnel,133,132,0.992481,3,df30cb2,2026-08-12T22:56:23
recall de marcado como ataque sobre los ataques de D2 de tipo ausente del train,122_sin_seleccion,True,122,Autoencoder,True,0.048811,mailbomb,293,100,0.341297,3,df30cb2,2026-08-12T22:56:23
recall de marcado como ataque sobre los ataques de D2 de tipo ausente del train,122_sin_seleccion,True,122,Autoencoder,True,0.048811,mscan,996,994,0.997992,3,df30cb2,2026-08-12T22:56:23
recall de marcado como ataque sobre los ataques de D2 de tipo ausente del train,122_sin_seleccion,True,122,Autoencoder,True,0.048811,named,17,14,0.823529,3,df30cb2,2026-08-12T22:56:23
recall de marcado como ataque sobre los ataques de D2 de tipo ausente del train,122_sin_seleccion,True,122,Autoencoder,True,0.048811,processtable,685,322,0.470073,3,df30cb2,2026-08-12T22:56:23
recall de marcado como ataque sobre los ataques de D2 de tipo ausente del train,122_sin_seleccion,True,122,Autoencoder,True,0.048811,ps,15,10,0.666667,3,df30cb2,2026-08-12T22:56:23
recall de marcado como ataque sobre los ataques de D2 de tipo ausente del train,122_sin_seleccion,True,122,Autoencoder,True,0.048811,saint,319,306,0.959248,3,df30cb2,2026-08-12T22:56:23
recall de marcado como ataque sobre los ataques de D2 de tipo ausente del train,122_sin_seleccion,True,122,Autoencoder,True,0.048811,sendmail,14,9,0.642857,3,df30cb2,2026-08-12T22:56:23
recall de marcado como ataque sobre los ataques de D2 de tipo ausente del train,122_sin_seleccion,True,122,Autoencoder,True,0.048811,snmpgetattack,178,0,0.0,3,df30cb2,2026-08-12T22:56:23
recall de marcado como ataque sobre los ataques de D2 de tipo ausente del train,122_sin_seleccion,True,122,Autoencoder,True,0.048811,snmpguess,331,3,0.009063,3,df30cb2,2026-08-12T22:56:23
recall de marcado como ataque sobre los ataques de D2 de tipo ausente del train,122_sin_seleccion,True,122,Autoencoder,True,0.048811,sqlattack,2,2,1.0,3,df30cb2,2026-08-12T22:56:23
recall de marcado como ataque sobre los ataques de D2 de tipo ausente del train,122_sin_seleccion,True,122,Autoencoder,True,0.048811,udpstorm,2,0,0.0,3,df30cb2,2026-08-12T22:56:23
recall de marcado como ataque sobre los ataques de D2 de tipo ausente del train,122_sin_seleccion,True,122,Autoencoder,True,0.048811,worm,2,0,0.0,3,df30cb2,2026-08-12T22:56:23
recall de marcado como ataque sobre los ataques de D2 de tipo ausente del train,122_sin_seleccion,True,122,Autoencoder,True,0.048811,xlock,9,6,0.666667,3,df30cb2,2026-08-12T22:56:23
recall de marcado como ataque sobre los ataques de D2 de tipo ausente del train,122_sin_seleccion,True,122,Autoencoder,True,0.048811,xsnoop,4,4,1.0,3,df30cb2,2026-08-12T22:56:23
recall de marcado como ataque sobre los ataques de D2 de tipo ausente del train,122_sin_seleccion,True,122,Autoencoder,True,0.048811,xterm,13,11,0.846154,3,df30cb2,2026-08-12T22:56:23
recall de marcado como ataque sobre los ataques de D2 de tipo ausente del train,122_sin_seleccion,True,122,Autoencoder,True,0.048811,__global__,3750,2648,0.706133,3,df30cb2,2026-08-12T22:56:23
recall de marcado como ataque sobre los ataques de D2 de tipo ausente del train,54,False,54,IsolationForest,False,0.0969,apache2,737,733,0.994573,4,df30cb2,2026-08-12T23:02:09
recall de marcado como ataque sobre los ataques de D2 de tipo ausente del train,54,False,54,IsolationForest,False,0.0969,httptunnel,133,116,0.87218,4,df30cb2,2026-08-12T23:02:09
recall de marcado como ataque sobre los ataques de D2 de tipo ausente del train,54,False,54,IsolationForest,False,0.0969,mailbomb,293,5,0.017065,4,df30cb2,2026-08-12T23:02:09
recall de marcado como ataque sobre los ataques de D2 de tipo ausente del train,54,False,54,IsolationForest,False,0.0969,mscan,996,968,0.971888,4,df30cb2,2026-08-12T23:02:09
recall de marcado como ataque sobre los ataques de D2 de tipo ausente del train,54,False,54,IsolationForest,False,0.0969,named,17,9,0.529412,4,df30cb2,2026-08-12T23:02:09
recall de marcado como ataque sobre los ataques de D2 de tipo ausente del train,54,False,54,IsolationForest,False,0.0969,processtable,685,218,0.318248,4,df30cb2,2026-08-12T23:02:09
recall de marcado como ataque sobre los ataques de D2 de tipo ausente del train,54,False,54,IsolationForest,False,0.0969,ps,15,2,0.133333,4,df30cb2,2026-08-12T23:02:09
recall de marcado como ataque sobre los ataques de D2 de tipo ausente del train,54,False,54,IsolationForest,False,0.0969,saint,319,317,0.99373,4,df30cb2,2026-08-12T23:02:09
recall de marcado como ataque sobre los ataques de D2 de tipo ausente del train,54,False,54,IsolationForest,False,0.0969,sendmail,14,2,0.142857,4,df30cb2,2026-08-12T23:02:09
recall de marcado como ataque sobre los ataques de D2 de tipo ausente del train,54,False,54,IsolationForest,False,0.0969,snmpgetattack,178,22,0.123596,4,df30cb2,2026-08-12T23:02:09
recall de marcado como ataque sobre los ataques de D2 de tipo ausente del train,54,False,54,IsolationForest,False,0.0969,snmpguess,331,11,0.033233,4,df30cb2,2026-08-12T23:02:09
recall de marcado como ataque sobre los ataques de D2 de tipo ausente del train,54,False,54,IsolationForest,False,0.0969,sqlattack,2,2,1.0,4,df30cb2,2026-08-12T23:02:09
recall de marcado como ataque sobre los ataques de D2 de tipo ausente del train,54,False,54,IsolationForest,False,0.0969,udpstorm,2,2,1.0,4,df30cb2,2026-08-12T23:02:09
recall de marcado como ataque sobre los ataques de D2 de tipo ausente del train,54,False,54,IsolationForest,False,0.0969,worm,2,0,0.0,4,df30cb2,2026-08-12T23:02:09
recall de marcado como ataque sobre los ataques de D2 de tipo ausente del train,54,False,54,IsolationForest,False,0.0969,xlock,9,0,0.0,4,df30cb2,2026-08-12T23:02:09
recall de marcado como ataque sobre los ataques de D2 de tipo ausente del train,54,False,54,IsolationForest,False,0.0969,xsnoop,4,1,0.25,4,df30cb2,2026-08-12T23:02:09
recall de marcado como ataque sobre los ataques de D2 de tipo ausente del train,54,False,54,IsolationForest,False,0.0969,xterm,13,9,0.692308,4,df30cb2,2026-08-12T23:02:09
recall de marcado como ataque sobre los ataques de D2 de tipo ausente del train,54,False,54,IsolationForest,False,0.0969,__global__,3750,2417,0.644533,4,df30cb2,2026-08-12T23:02:09
recall de marcado como ataque sobre los ataques de D2 de tipo ausente del train,54,False,54,OneClassSVM,False,0.083514,apache2,737,721,0.97829,4,df30cb2,2026-08-12T23:02:09
recall de marcado como ataque sobre los ataques de D2 de tipo ausente del train,54,False,54,OneClassSVM,False,0.083514,httptunnel,133,112,0.842105,4,df30cb2,2026-08-12T23:02:09
recall de marcado como ataque sobre los ataques de D2 de tipo ausente del train,54,False,54,OneClassSVM,False,0.083514,mailbomb,293,8,0.027304,4,df30cb2,2026-08-12T23:02:09
recall de marcado como ataque sobre los ataques de D2 de tipo ausente del train,54,False,54,OneClassSVM,False,0.083514,mscan,996,786,0.789157,4,df30cb2,2026-08-12T23:02:09
recall de marcado como ataque sobre los ataques de D2 de tipo ausente del train,54,False,54,OneClassSVM,False,0.083514,named,17,3,0.176471,4,df30cb2,2026-08-12T23:02:09
recall de marcado como ataque sobre los ataques de D2 de tipo ausente del train,54,False,54,OneClassSVM,False,0.083514,processtable,685,33,0.048175,4,df30cb2,2026-08-12T23:02:09
recall de marcado como ataque sobre los ataques de D2 de tipo ausente del train,54,False,54,OneClassSVM,False,0.083514,ps,15,0,0.0,4,df30cb2,2026-08-12T23:02:09
recall de marcado como ataque sobre los ataques de D2 de tipo ausente del train,54,False,54,OneClassSVM,False,0.083514,saint,319,310,0.971787,4,df30cb2,2026-08-12T23:02:09
recall de marcado como ataque sobre los ataques de D2 de tipo ausente del train,54,False,54,OneClassSVM,False,0.083514,sendmail,14,4,0.285714,4,df30cb2,2026-08-12T23:02:09
recall de marcado como ataque sobre los ataques de D2 de tipo ausente del train,54,False,54,OneClassSVM,False,0.083514,snmpgetattack,178,11,0.061798,4,df30cb2,2026-08-12T23:02:09
recall de marcado como ataque sobre los ataques de D2 de tipo ausente del train,54,False,54,OneClassSVM,False,0.083514,snmpguess,331,4,0.012085,4,df30cb2,2026-08-12T23:02:09
recall de marcado como ataque sobre los ataques de D2 de tipo ausente del train,54,False,54,OneClassSVM,False,0.083514,sqlattack,2,2,1.0,4,df30cb2,2026-08-12T23:02:09
recall de marcado como ataque sobre los ataques de D2 de tipo ausente del train,54,False,54,OneClassSVM,False,0.083514,udpstorm,2,0,0.0,4,df30cb2,2026-08-12T23:02:09
recall de marcado como ataque sobre los ataques de D2 de tipo ausente del train,54,False,54,OneClassSVM,False,0.083514,worm,2,0,0.0,4,df30cb2,2026-08-12T23:02:09
recall de marcado como ataque sobre los ataques de D2 de tipo ausente del train,54,False,54,OneClassSVM,False,0.083514,xlock,9,0,0.0,4,df30cb2,2026-08-12T23:02:09
recall de marcado como ataque sobre los ataques de D2 de tipo ausente del train,54,False,54,OneClassSVM,False,0.083514,xsnoop,4,2,0.5,4,df30cb2,2026-08-12T23:02:09
recall de marcado como ataque sobre los ataques de D2 de tipo ausente del train,54,False,54,OneClassSVM,False,0.083514,xterm,13,8,0.615385,4,df30cb2,2026-08-12T23:02:09
recall de marcado como ataque sobre los ataques de D2 de tipo ausente del train,54,False,54,OneClassSVM,False,0.083514,__global__,3750,2004,0.5344,4,df30cb2,2026-08-12T23:02:09
recall de marcado como ataque sobre los ataques de D2 de tipo ausente del train,54,False,54,LocalOutlierFactor,False,0.159716,apache2,737,516,0.700136,4,df30cb2,2026-08-12T23:02:09
recall de marcado como ataque sobre los ataques de D2 de tipo ausente del train,54,False,54,LocalOutlierFactor,False,0.159716,httptunnel,133,36,0.270677,4,df30cb2,2026-08-12T23:02:09
recall de marcado como ataque sobre los ataques de D2 de tipo ausente del train,54,False,54,LocalOutlierFactor,False,0.159716,mailbomb,293,240,0.819113,4,df30cb2,2026-08-12T23:02:09
recall de marcado como ataque sobre los ataques de D2 de tipo ausente del train,54,False,54,LocalOutlierFactor,False,0.159716,mscan,996,341,0.342369,4,df30cb2,2026-08-12T23:02:09
recall de marcado como ataque sobre los ataques de D2 de tipo ausente del train,54,False,54,LocalOutlierFactor,False,0.159716,named,17,10,0.588235,4,df30cb2,2026-08-12T23:02:09
recall de marcado como ataque sobre los ataques de D2 de tipo ausente del train,54,False,54,LocalOutlierFactor,False,0.159716,processtable,685,247,0.360584,4,df30cb2,2026-08-12T23:02:09
recall de marcado como ataque sobre los ataques de D2 de tipo ausente del train,54,False,54,LocalOutlierFactor,False,0.159716,ps,15,11,0.733333,4,df30cb2,2026-08-12T23:02:09
recall de marcado como ataque sobre los ataques de D2 de tipo ausente del train,54,False,54,LocalOutlierFactor,False,0.159716,saint,319,245,0.768025,4,df30cb2,2026-08-12T23:02:09
recall de marcado como ataque sobre los ataques de D2 de tipo ausente del train,54,False,54,LocalOutlierFactor,False,0.159716,sendmail,14,10,0.714286,4,df30cb2,2026-08-12T23:02:09
recall de marcado como ataque sobre los ataques de D2 de tipo ausente del train,54,False,54,LocalOutlierFactor,False,0.159716,snmpgetattack,178,10,0.05618,4,df30cb2,2026-08-12T23:02:09
recall de marcado como ataque sobre los ataques de D2 de tipo ausente del train,54,False,54,LocalOutlierFactor,False,0.159716,snmpguess,331,9,0.02719,4,df30cb2,2026-08-12T23:02:09
recall de marcado como ataque sobre los ataques de D2 de tipo ausente del train,54,False,54,LocalOutlierFactor,False,0.159716,sqlattack,2,2,1.0,4,df30cb2,2026-08-12T23:02:09
recall de marcado como ataque sobre los ataques de D2 de tipo ausente del train,54,False,54,LocalOutlierFactor,False,0.159716,udpstorm,2,0,0.0,4,df30cb2,2026-08-12T23:02:09
recall de marcado como ataque sobre los ataques de D2 de tipo ausente del train,54,False,54,LocalOutlierFactor,False,0.159716,worm,2,0,0.0,4,df30cb2,2026-08-12T23:02:09
recall de marcado como ataque sobre los ataques de D2 de tipo ausente del train,54,False,54,LocalOutlierFactor,False,0.159716,xlock,9,4,0.444444,4,df30cb2,2026-08-12T23:02:09
recall de marcado como ataque sobre los ataques de D2 de tipo ausente del train,54,False,54,LocalOutlierFactor,False,0.159716,xsnoop,4,3,0.75,4,df30cb2,2026-08-12T23:02:09
recall de marcado como ataque sobre los ataques de D2 de tipo ausente del train,54,False,54,LocalOutlierFactor,False,0.159716,xterm,13,9,0.692308,4,df30cb2,2026-08-12T23:02:09
recall de marcado como ataque sobre los ataques de D2 de tipo ausente del train,54,False,54,LocalOutlierFactor,False,0.159716,__global__,3750,1693,0.451467,4,df30cb2,2026-08-12T23:02:09
recall de marcado como ataque sobre los ataques de D2 de tipo ausente del train,54,False,54,Autoencoder,True,0.106992,apache2,737,703,0.953867,4,df30cb2,2026-08-12T23:02:09
recall de marcado como ataque sobre los ataques de D2 de tipo ausente del train,54,False,54,Autoencoder,True,0.106992,httptunnel,133,121,0.909774,4,df30cb2,2026-08-12T23:02:09
recall de marcado como ataque sobre los ataques de D2 de tipo ausente del train,54,False,54,Autoencoder,True,0.106992,mailbomb,293,0,0.0,4,df30cb2,2026-08-12T23:02:09
recall de marcado como ataque sobre los ataques de D2 de tipo ausente del train,54,False,54,Autoencoder,True,0.106992,mscan,996,913,0.916667,4,df30cb2,2026-08-12T23:02:09
recall de marcado como ataque sobre los ataques de D2 de tipo ausente del train,54,False,54,Autoencoder,True,0.106992,named,17,9,0.529412,4,df30cb2,2026-08-12T23:02:09
recall de marcado como ataque sobre los ataques de D2 de tipo ausente del train,54,False,54,Autoencoder,True,0.106992,processtable,685,684,0.99854,4,df30cb2,2026-08-12T23:02:09
recall de marcado como ataque sobre los ataques de D2 de tipo ausente del train,54,False,54,Autoencoder,True,0.106992,ps,15,11,0.733333,4,df30cb2,2026-08-12T23:02:09
recall de marcado como ataque sobre los ataques de D2 de tipo ausente del train,54,False,54,Autoencoder,True,0.106992,saint,319,313,0.981191,4,df30cb2,2026-08-12T23:02:09
recall de marcado como ataque sobre los ataques de D2 de tipo ausente del train,54,False,54,Autoencoder,True,0.106992,sendmail,14,12,0.857143,4,df30cb2,2026-08-12T23:02:09
recall de marcado como ataque sobre los ataques de D2 de tipo ausente del train,54,False,54,Autoencoder,True,0.106992,snmpgetattack,178,26,0.146067,4,df30cb2,2026-08-12T23:02:09
recall de marcado como ataque sobre los ataques de D2 de tipo ausente del train,54,False,54,Autoencoder,True,0.106992,snmpguess,331,13,0.039275,4,df30cb2,2026-08-12T23:02:09
recall de marcado como ataque sobre los ataques de D2 de tipo ausente del train,54,False,54,Autoencoder,True,0.106992,sqlattack,2,2,1.0,4,df30cb2,2026-08-12T23:02:09
recall de marcado como ataque sobre los ataques de D2 de tipo ausente del train,54,False,54,Autoencoder,True,0.106992,udpstorm,2,2,1.0,4,df30cb2,2026-08-12T23:02:09
recall de marcado como ataque sobre los ataques de D2 de tipo ausente del train,54,False,54,Autoencoder,True,0.106992,worm,2,0,0.0,4,df30cb2,2026-08-12T23:02:09
recall de marcado como ataque sobre los ataques de D2 de tipo ausente del train,54,False,54,Autoencoder,True,0.106992,xlock,9,3,0.333333,4,df30cb2,2026-08-12T23:02:09
recall de marcado como ataque sobre los ataques de D2 de tipo ausente del train,54,False,54,Autoencoder,True,0.106992,xsnoop,4,3,0.75,4,df30cb2,2026-08-12T23:02:09
recall de marcado como ataque sobre los ataques de D2 de tipo ausente del train,54,False,54,Autoencoder,True,0.106992,xterm,13,10,0.769231,4,df30cb2,2026-08-12T23:02:09
recall de marcado como ataque sobre los ataques de D2 de tipo ausente del train,54,False,54,Autoencoder,True,0.106992,__global__,3750,2825,0.753333,4,df30cb2,2026-08-12T23:02:09
recall de marcado como ataque sobre los ataques de D2 de tipo ausente del train,122_sin_seleccion,True,122,IsolationForest,False,0.08825,apache2,737,734,0.995929,4,df30cb2,2026-08-12T23:09:58
recall de marcado como ataque sobre los ataques de D2 de tipo ausente del train,122_sin_seleccion,True,122,IsolationForest,False,0.08825,httptunnel,133,127,0.954887,4,df30cb2,2026-08-12T23:09:59
recall de marcado como ataque sobre los ataques de D2 de tipo ausente del train,122_sin_seleccion,True,122,IsolationForest,False,0.08825,mailbomb,293,0,0.0,4,df30cb2,2026-08-12T23:09:59
recall de marcado como ataque sobre los ataques de D2 de tipo ausente del train,122_sin_seleccion,True,122,IsolationForest,False,0.08825,mscan,996,974,0.977912,4,df30cb2,2026-08-12T23:09:59
recall de marcado como ataque sobre los ataques de D2 de tipo ausente del train,122_sin_seleccion,True,122,IsolationForest,False,0.08825,named,17,6,0.352941,4,df30cb2,2026-08-12T23:09:59
recall de marcado como ataque sobre los ataques de D2 de tipo ausente del train,122_sin_seleccion,True,122,IsolationForest,False,0.08825,processtable,685,602,0.878832,4,df30cb2,2026-08-12T23:09:59
recall de marcado como ataque sobre los ataques de D2 de tipo ausente del train,122_sin_seleccion,True,122,IsolationForest,False,0.08825,ps,15,2,0.133333,4,df30cb2,2026-08-12T23:09:59
recall de marcado como ataque sobre los ataques de D2 de tipo ausente del train,122_sin_seleccion,True,122,IsolationForest,False,0.08825,saint,319,316,0.990596,4,df30cb2,2026-08-12T23:09:59
recall de marcado como ataque sobre los ataques de D2 de tipo ausente del train,122_sin_seleccion,True,122,IsolationForest,False,0.08825,sendmail,14,1,0.071429,4,df30cb2,2026-08-12T23:09:59
recall de marcado como ataque sobre los ataques de D2 de tipo ausente del train,122_sin_seleccion,True,122,IsolationForest,False,0.08825,snmpgetattack,178,7,0.039326,4,df30cb2,2026-08-12T23:09:59
recall de marcado como ataque sobre los ataques de D2 de tipo ausente del train,122_sin_seleccion,True,122,IsolationForest,False,0.08825,snmpguess,331,10,0.030211,4,df30cb2,2026-08-12T23:09:59
recall de marcado como ataque sobre los ataques de D2 de tipo ausente del train,122_sin_seleccion,True,122,IsolationForest,False,0.08825,sqlattack,2,2,1.0,4,df30cb2,2026-08-12T23:09:59
recall de marcado como ataque sobre los ataques de D2 de tipo ausente del train,122_sin_seleccion,True,122,IsolationForest,False,0.08825,udpstorm,2,2,1.0,4,df30cb2,2026-08-12T23:09:59
recall de marcado como ataque sobre los ataques de D2 de tipo ausente del train,122_sin_seleccion,True,122,IsolationForest,False,0.08825,worm,2,0,0.0,4,df30cb2,2026-08-12T23:09:59
recall de marcado como ataque sobre los ataques de D2 de tipo ausente del train,122_sin_seleccion,True,122,IsolationForest,False,0.08825,xlock,9,2,0.222222,4,df30cb2,2026-08-12T23:09:59
recall de marcado como ataque sobre los ataques de D2 de tipo ausente del train,122_sin_seleccion,True,122,IsolationForest,False,0.08825,xsnoop,4,2,0.5,4,df30cb2,2026-08-12T23:09:59
recall de marcado como ataque sobre los ataques de D2 de tipo ausente del train,122_sin_seleccion,True,122,IsolationForest,False,0.08825,xterm,13,9,0.692308,4,df30cb2,2026-08-12T23:09:59
recall de marcado como ataque sobre los ataques de D2 de tipo ausente del train,122_sin_seleccion,True,122,IsolationForest,False,0.08825,__global__,3750,2796,0.7456,4,df30cb2,2026-08-12T23:09:59
recall de marcado como ataque sobre los ataques de D2 de tipo ausente del train,122_sin_seleccion,True,122,OneClassSVM,False,0.082175,apache2,737,725,0.983718,4,df30cb2,2026-08-12T23:09:59
recall de marcado como ataque sobre los ataques de D2 de tipo ausente del train,122_sin_seleccion,True,122,OneClassSVM,False,0.082175,httptunnel,133,112,0.842105,4,df30cb2,2026-08-12T23:09:59
recall de marcado como ataque sobre los ataques de D2 de tipo ausente del train,122_sin_seleccion,True,122,OneClassSVM,False,0.082175,mailbomb,293,0,0.0,4,df30cb2,2026-08-12T23:09:59
recall de marcado como ataque sobre los ataques de D2 de tipo ausente del train,122_sin_seleccion,True,122,OneClassSVM,False,0.082175,mscan,996,895,0.898594,4,df30cb2,2026-08-12T23:09:59
recall de marcado como ataque sobre los ataques de D2 de tipo ausente del train,122_sin_seleccion,True,122,OneClassSVM,False,0.082175,named,17,7,0.411765,4,df30cb2,2026-08-12T23:09:59
recall de marcado como ataque sobre los ataques de D2 de tipo ausente del train,122_sin_seleccion,True,122,OneClassSVM,False,0.082175,processtable,685,249,0.363504,4,df30cb2,2026-08-12T23:09:59
recall de marcado como ataque sobre los ataques de D2 de tipo ausente del train,122_sin_seleccion,True,122,OneClassSVM,False,0.082175,ps,15,3,0.2,4,df30cb2,2026-08-12T23:09:59
recall de marcado como ataque sobre los ataques de D2 de tipo ausente del train,122_sin_seleccion,True,122,OneClassSVM,False,0.082175,saint,319,311,0.974922,4,df30cb2,2026-08-12T23:09:59
recall de marcado como ataque sobre los ataques de D2 de tipo ausente del train,122_sin_seleccion,True,122,OneClassSVM,False,0.082175,sendmail,14,3,0.214286,4,df30cb2,2026-08-12T23:09:59
recall de marcado como ataque sobre los ataques de D2 de tipo ausente del train,122_sin_seleccion,True,122,OneClassSVM,False,0.082175,snmpgetattack,178,11,0.061798,4,df30cb2,2026-08-12T23:09:59
recall de marcado como ataque sobre los ataques de D2 de tipo ausente del train,122_sin_seleccion,True,122,OneClassSVM,False,0.082175,snmpguess,331,4,0.012085,4,df30cb2,2026-08-12T23:09:59
recall de marcado como ataque sobre los ataques de D2 de tipo ausente del train,122_sin_seleccion,True,122,OneClassSVM,False,0.082175,sqlattack,2,2,1.0,4,df30cb2,2026-08-12T23:09:59
recall de marcado como ataque sobre los ataques de D2 de tipo ausente del train,122_sin_seleccion,True,122,OneClassSVM,False,0.082175,udpstorm,2,1,0.5,4,df30cb2,2026-08-12T23:09:59
recall de marcado como ataque sobre los ataques de D2 de tipo ausente del train,122_sin_seleccion,True,122,OneClassSVM,False,0.082175,worm,2,0,0.0,4,df30cb2,2026-08-12T23:09:59
recall de marcado como ataque sobre los ataques de D2 de tipo ausente del train,122_sin_seleccion,True,122,OneClassSVM,False,0.082175,xlock,9,0,0.0,4,df30cb2,2026-08-12T23:09:59
recall de marcado como ataque sobre los ataques de D2 de tipo ausente del train,122_sin_seleccion,True,122,OneClassSVM,False,0.082175,xsnoop,4,3,0.75,4,df30cb2,2026-08-12T23:09:59
recall de marcado como ataque sobre los ataques de D2 de tipo ausente del train,122_sin_seleccion,True,122,OneClassSVM,False,0.082175,xterm,13,9,0.692308,4,df30cb2,2026-08-12T23:09:59
recall de marcado como ataque sobre los ataques de D2 de tipo ausente del train,122_sin_seleccion,True,122,OneClassSVM,False,0.082175,__global__,3750,2335,0.622667,4,df30cb2,2026-08-12T23:09:59
recall de marcado como ataque sobre los ataques de D2 de tipo ausente del train,122_sin_seleccion,True,122,LocalOutlierFactor,False,0.163526,apache2,737,161,0.218453,4,df30cb2,2026-08-12T23:09:59
recall de marcado como ataque sobre los ataques de D2 de tipo ausente del train,122_sin_seleccion,True,122,LocalOutlierFactor,False,0.163526,httptunnel,133,54,0.406015,4,df30cb2,2026-08-12T23:09:59
recall de marcado como ataque sobre los ataques de D2 de tipo ausente del train,122_sin_seleccion,True,122,LocalOutlierFactor,False,0.163526,mailbomb,293,231,0.788396,4,df30cb2,2026-08-12T23:09:59
recall de marcado como ataque sobre los ataques de D2 de tipo ausente del train,122_sin_seleccion,True,122,LocalOutlierFactor,False,0.163526,mscan,996,351,0.35241,4,df30cb2,2026-08-12T23:09:59
recall de marcado como ataque sobre los ataques de D2 de tipo ausente del train,122_sin_seleccion,True,122,LocalOutlierFactor,False,0.163526,named,17,8,0.470588,4,df30cb2,2026-08-12T23:09:59
recall de marcado como ataque sobre los ataques de D2 de tipo ausente del train,122_sin_seleccion,True,122,LocalOutlierFactor,False,0.163526,processtable,685,224,0.327007,4,df30cb2,2026-08-12T23:09:59
recall de marcado como ataque sobre los ataques de D2 de tipo ausente del train,122_sin_seleccion,True,122,LocalOutlierFactor,False,0.163526,ps,15,10,0.666667,4,df30cb2,2026-08-12T23:09:59
recall de marcado como ataque sobre los ataques de D2 de tipo ausente del train,122_sin_seleccion,True,122,LocalOutlierFactor,False,0.163526,saint,319,254,0.796238,4,df30cb2,2026-08-12T23:09:59
recall de marcado como ataque sobre los ataques de D2 de tipo ausente del train,122_sin_seleccion,True,122,LocalOutlierFactor,False,0.163526,sendmail,14,8,0.571429,4,df30cb2,2026-08-12T23:09:59
recall de marcado como ataque sobre los ataques de D2 de tipo ausente del train,122_sin_seleccion,True,122,LocalOutlierFactor,False,0.163526,snmpgetattack,178,9,0.050562,4,df30cb2,2026-08-12T23:09:59
recall de marcado como ataque sobre los ataques de D2 de tipo ausente del train,122_sin_seleccion,True,122,LocalOutlierFactor,False,0.163526,snmpguess,331,9,0.02719,4,df30cb2,2026-08-12T23:09:59
recall de marcado como ataque sobre los ataques de D2 de tipo ausente del train,122_sin_seleccion,True,122,LocalOutlierFactor,False,0.163526,sqlattack,2,2,1.0,4,df30cb2,2026-08-12T23:09:59
recall de marcado como ataque sobre los ataques de D2 de tipo ausente del train,122_sin_seleccion,True,122,LocalOutlierFactor,False,0.163526,udpstorm,2,1,0.5,4,df30cb2,2026-08-12T23:09:59
recall de marcado como ataque sobre los ataques de D2 de tipo ausente del train,122_sin_seleccion,True,122,LocalOutlierFactor,False,0.163526,worm,2,0,0.0,4,df30cb2,2026-08-12T23:09:59
recall de marcado como ataque sobre los ataques de D2 de tipo ausente del train,122_sin_seleccion,True,122,LocalOutlierFactor,False,0.163526,xlock,9,0,0.0,4,df30cb2,2026-08-12T23:09:59
recall de marcado como ataque sobre los ataques de D2 de tipo ausente del train,122_sin_seleccion,True,122,LocalOutlierFactor,False,0.163526,xsnoop,4,2,0.5,4,df30cb2,2026-08-12T23:09:59
recall de marcado como ataque sobre los ataques de D2 de tipo ausente del train,122_sin_seleccion,True,122,LocalOutlierFactor,False,0.163526,xterm,13,10,0.769231,4,df30cb2,2026-08-12T23:09:59
recall de marcado como ataque sobre los ataques de D2 de tipo ausente del train,122_sin_seleccion,True,122,LocalOutlierFactor,False,0.163526,__global__,3750,1334,0.355733,4,df30cb2,2026-08-12T23:09:59
recall de marcado como ataque sobre los ataques de D2 de tipo ausente del train,122_sin_seleccion,True,122,Autoencoder,True,0.089898,apache2,737,735,0.997286,4,df30cb2,2026-08-12T23:09:59
recall de marcado como ataque sobre los ataques de D2 de tipo ausente del train,122_sin_seleccion,True,122,Autoencoder,True,0.089898,httptunnel,133,132,0.992481,4,df30cb2,2026-08-12T23:09:59
recall de marcado como ataque sobre los ataques de D2 de tipo ausente del train,122_sin_seleccion,True,122,Autoencoder,True,0.089898,mailbomb,293,35,0.119454,4,df30cb2,2026-08-12T23:09:59
recall de marcado como ataque sobre los ataques de D2 de tipo ausente del train,122_sin_seleccion,True,122,Autoencoder,True,0.089898,mscan,996,993,0.996988,4,df30cb2,2026-08-12T23:09:59
recall de marcado como ataque sobre los ataques de D2 de tipo ausente del train,122_sin_seleccion,True,122,Autoencoder,True,0.089898,named,17,13,0.764706,4,df30cb2,2026-08-12T23:09:59
recall de marcado como ataque sobre los ataques de D2 de tipo ausente del train,122_sin_seleccion,True,122,Autoencoder,True,0.089898,processtable,685,685,1.0,4,df30cb2,2026-08-12T23:09:59
recall de marcado como ataque sobre los ataques de D2 de tipo ausente del train,122_sin_seleccion,True,122,Autoencoder,True,0.089898,ps,15,10,0.666667,4,df30cb2,2026-08-12T23:09:59
recall de marcado como ataque sobre los ataques de D2 de tipo ausente del train,122_sin_seleccion,True,122,Autoencoder,True,0.089898,saint,319,238,0.746082,4,df30cb2,2026-08-12T23:09:59
recall de marcado como ataque sobre los ataques de D2 de tipo ausente del train,122_sin_seleccion,True,122,Autoencoder,True,0.089898,sendmail,14,7,0.5,4,df30cb2,2026-08-12T23:09:59
recall de marcado como ataque sobre los ataques de D2 de tipo ausente del train,122_sin_seleccion,True,122,Autoencoder,True,0.089898,snmpgetattack,178,0,0.0,4,df30cb2,2026-08-12T23:09:59
recall de marcado como ataque sobre los ataques de D2 de tipo ausente del train,122_sin_seleccion,True,122,Autoencoder,True,0.089898,snmpguess,331,3,0.009063,4,df30cb2,2026-08-12T23:09:59
recall de marcado como ataque sobre los ataques de D2 de tipo ausente del train,122_sin_seleccion,True,122,Autoencoder,True,0.089898,sqlattack,2,2,1.0,4,df30cb2,2026-08-12T23:09:59
recall de marcado como ataque sobre los ataques de D2 de tipo ausente del train,122_sin_seleccion,True,122,Autoencoder,True,0.089898,udpstorm,2,2,1.0,4,df30cb2,2026-08-12T23:09:59
recall de marcado como ataque sobre los ataques de D2 de tipo ausente del train,122_sin_seleccion,True,122,Autoencoder,True,0.089898,worm,2,0,0.0,4,df30cb2,2026-08-12T23:09:59
recall de marcado como ataque sobre los ataques de D2 de tipo ausente del train,122_sin_seleccion,True,122,Autoencoder,True,0.089898,xlock,9,7,0.777778,4,df30cb2,2026-08-12T23:09:59
recall de marcado como ataque sobre los ataques de D2 de tipo ausente del train,122_sin_seleccion,True,122,Autoencoder,True,0.089898,xsnoop,4,4,1.0,4,df30cb2,2026-08-12T23:09:59
recall de marcado como ataque sobre los ataques de D2 de tipo ausente del train,122_sin_seleccion,True,122,Autoencoder,True,0.089898,xterm,13,10,0.769231,4,df30cb2,2026-08-12T23:09:59
recall de marcado como ataque sobre los ataques de D2 de tipo ausente del train,122_sin_seleccion,True,122,Autoencoder,True,0.089898,__global__,3750,2876,0.766933,4,df30cb2,2026-08-12T23:09:59
recall de marcado como ataque sobre los ataques de D2 de tipo ausente del train,54,False,54,IsolationForest,False,0.097106,apache2,737,734,0.995929,5,df30cb2,2026-08-12T23:15:23
recall de marcado como ataque sobre los ataques de D2 de tipo ausente del train,54,False,54,IsolationForest,False,0.097106,httptunnel,133,114,0.857143,5,df30cb2,2026-08-12T23:15:23
recall de marcado como ataque sobre los ataques de D2 de tipo ausente del train,54,False,54,IsolationForest,False,0.097106,mailbomb,293,0,0.0,5,df30cb2,2026-08-12T23:15:23
recall de marcado como ataque sobre los ataques de D2 de tipo ausente del train,54,False,54,IsolationForest,False,0.097106,mscan,996,957,0.960843,5,df30cb2,2026-08-12T23:15:23
recall de marcado como ataque sobre los ataques de D2 de tipo ausente del train,54,False,54,IsolationForest,False,0.097106,named,17,7,0.411765,5,df30cb2,2026-08-12T23:15:23
recall de marcado como ataque sobre los ataques de D2 de tipo ausente del train,54,False,54,IsolationForest,False,0.097106,processtable,685,252,0.367883,5,df30cb2,2026-08-12T23:15:23
recall de marcado como ataque sobre los ataques de D2 de tipo ausente del train,54,False,54,IsolationForest,False,0.097106,ps,15,2,0.133333,5,df30cb2,2026-08-12T23:15:23
recall de marcado como ataque sobre los ataques de D2 de tipo ausente del train,54,False,54,IsolationForest,False,0.097106,saint,319,316,0.990596,5,df30cb2,2026-08-12T23:15:23
recall de marcado como ataque sobre los ataques de D2 de tipo ausente del train,54,False,54,IsolationForest,False,0.097106,sendmail,14,1,0.071429,5,df30cb2,2026-08-12T23:15:23
recall de marcado como ataque sobre los ataques de D2 de tipo ausente del train,54,False,54,IsolationForest,False,0.097106,snmpgetattack,178,25,0.140449,5,df30cb2,2026-08-12T23:15:23
recall de marcado como ataque sobre los ataques de D2 de tipo ausente del train,54,False,54,IsolationForest,False,0.097106,snmpguess,331,15,0.045317,5,df30cb2,2026-08-12T23:15:23
recall de marcado como ataque sobre los ataques de D2 de tipo ausente del train,54,False,54,IsolationForest,False,0.097106,sqlattack,2,2,1.0,5,df30cb2,2026-08-12T23:15:23
recall de marcado como ataque sobre los ataques de D2 de tipo ausente del train,54,False,54,IsolationForest,False,0.097106,udpstorm,2,2,1.0,5,df30cb2,2026-08-12T23:15:23
recall de marcado como ataque sobre los ataques de D2 de tipo ausente del train,54,False,54,IsolationForest,False,0.097106,worm,2,0,0.0,5,df30cb2,2026-08-12T23:15:23
recall de marcado como ataque sobre los ataques de D2 de tipo ausente del train,54,False,54,IsolationForest,False,0.097106,xlock,9,0,0.0,5,df30cb2,2026-08-12T23:15:23
recall de marcado como ataque sobre los ataques de D2 de tipo ausente del train,54,False,54,IsolationForest,False,0.097106,xsnoop,4,1,0.25,5,df30cb2,2026-08-12T23:15:23
recall de marcado como ataque sobre los ataques de D2 de tipo ausente del train,54,False,54,IsolationForest,False,0.097106,xterm,13,8,0.615385,5,df30cb2,2026-08-12T23:15:23
recall de marcado como ataque sobre los ataques de D2 de tipo ausente del train,54,False,54,IsolationForest,False,0.097106,__global__,3750,2436,0.6496,5,df30cb2,2026-08-12T23:15:23
recall de marcado como ataque sobre los ataques de D2 de tipo ausente del train,54,False,54,OneClassSVM,False,0.08444,apache2,737,722,0.979647,5,df30cb2,2026-08-12T23:15:23
recall de marcado como ataque sobre los ataques de D2 de tipo ausente del train,54,False,54,OneClassSVM,False,0.08444,httptunnel,133,112,0.842105,5,df30cb2,2026-08-12T23:15:23
recall de marcado como ataque sobre los ataques de D2 de tipo ausente del train,54,False,54,OneClassSVM,False,0.08444,mailbomb,293,2,0.006826,5,df30cb2,2026-08-12T23:15:23
recall de marcado como ataque sobre los ataques de D2 de tipo ausente del train,54,False,54,OneClassSVM,False,0.08444,mscan,996,797,0.800201,5,df30cb2,2026-08-12T23:15:23
recall de marcado como ataque sobre los ataques de D2 de tipo ausente del train,54,False,54,OneClassSVM,False,0.08444,named,17,3,0.176471,5,df30cb2,2026-08-12T23:15:23
recall de marcado como ataque sobre los ataques de D2 de tipo ausente del train,54,False,54,OneClassSVM,False,0.08444,processtable,685,35,0.051095,5,df30cb2,2026-08-12T23:15:23
recall de marcado como ataque sobre los ataques de D2 de tipo ausente del train,54,False,54,OneClassSVM,False,0.08444,ps,15,0,0.0,5,df30cb2,2026-08-12T23:15:23
recall de marcado como ataque sobre los ataques de D2 de tipo ausente del train,54,False,54,OneClassSVM,False,0.08444,saint,319,311,0.974922,5,df30cb2,2026-08-12T23:15:23
recall de marcado como ataque sobre los ataques de D2 de tipo ausente del train,54,False,54,OneClassSVM,False,0.08444,sendmail,14,4,0.285714,5,df30cb2,2026-08-12T23:15:23
recall de marcado como ataque sobre los ataques de D2 de tipo ausente del train,54,False,54,OneClassSVM,False,0.08444,snmpgetattack,178,11,0.061798,5,df30cb2,2026-08-12T23:15:23
recall de marcado como ataque sobre los ataques de D2 de tipo ausente del train,54,False,54,OneClassSVM,False,0.08444,snmpguess,331,5,0.015106,5,df30cb2,2026-08-12T23:15:23
recall de marcado como ataque sobre los ataques de D2 de tipo ausente del train,54,False,54,OneClassSVM,False,0.08444,sqlattack,2,2,1.0,5,df30cb2,2026-08-12T23:15:23
recall de marcado como ataque sobre los ataques de D2 de tipo ausente del train,54,False,54,OneClassSVM,False,0.08444,udpstorm,2,0,0.0,5,df30cb2,2026-08-12T23:15:23
recall de marcado como ataque sobre los ataques de D2 de tipo ausente del train,54,False,54,OneClassSVM,False,0.08444,worm,2,0,0.0,5,df30cb2,2026-08-12T23:15:23
recall de marcado como ataque sobre los ataques de D2 de tipo ausente del train,54,False,54,OneClassSVM,False,0.08444,xlock,9,0,0.0,5,df30cb2,2026-08-12T23:15:23
recall de marcado como ataque sobre los ataques de D2 de tipo ausente del train,54,False,54,OneClassSVM,False,0.08444,xsnoop,4,2,0.5,5,df30cb2,2026-08-12T23:15:23
recall de marcado como ataque sobre los ataques de D2 de tipo ausente del train,54,False,54,OneClassSVM,False,0.08444,xterm,13,9,0.692308,5,df30cb2,2026-08-12T23:15:23
recall de marcado como ataque sobre los ataques de D2 de tipo ausente del train,54,False,54,OneClassSVM,False,0.08444,__global__,3750,2015,0.537333,5,df30cb2,2026-08-12T23:15:23
recall de marcado como ataque sobre los ataques de D2 de tipo ausente del train,54,False,54,LocalOutlierFactor,False,0.15848,apache2,737,518,0.702849,5,df30cb2,2026-08-12T23:15:23
recall de marcado como ataque sobre los ataques de D2 de tipo ausente del train,54,False,54,LocalOutlierFactor,False,0.15848,httptunnel,133,33,0.24812,5,df30cb2,2026-08-12T23:15:23
recall de marcado como ataque sobre los ataques de D2 de tipo ausente del train,54,False,54,LocalOutlierFactor,False,0.15848,mailbomb,293,238,0.812287,5,df30cb2,2026-08-12T23:15:23
recall de marcado como ataque sobre los ataques de D2 de tipo ausente del train,54,False,54,LocalOutlierFactor,False,0.15848,mscan,996,237,0.237952,5,df30cb2,2026-08-12T23:15:23
recall de marcado como ataque sobre los ataques de D2 de tipo ausente del train,54,False,54,LocalOutlierFactor,False,0.15848,named,17,10,0.588235,5,df30cb2,2026-08-12T23:15:23
recall de marcado como ataque sobre los ataques de D2 de tipo ausente del train,54,False,54,LocalOutlierFactor,False,0.15848,processtable,685,238,0.347445,5,df30cb2,2026-08-12T23:15:23
recall de marcado como ataque sobre los ataques de D2 de tipo ausente del train,54,False,54,LocalOutlierFactor,False,0.15848,ps,15,10,0.666667,5,df30cb2,2026-08-12T23:15:23
recall de marcado como ataque sobre los ataques de D2 de tipo ausente del train,54,False,54,LocalOutlierFactor,False,0.15848,saint,319,128,0.401254,5,df30cb2,2026-08-12T23:15:23
recall de marcado como ataque sobre los ataques de D2 de tipo ausente del train,54,False,54,LocalOutlierFactor,False,0.15848,sendmail,14,10,0.714286,5,df30cb2,2026-08-12T23:15:23
recall de marcado como ataque sobre los ataques de D2 de tipo ausente del train,54,False,54,LocalOutlierFactor,False,0.15848,snmpgetattack,178,10,0.05618,5,df30cb2,2026-08-12T23:15:23
recall de marcado como ataque sobre los ataques de D2 de tipo ausente del train,54,False,54,LocalOutlierFactor,False,0.15848,snmpguess,331,12,0.036254,5,df30cb2,2026-08-12T23:15:23
recall de marcado como ataque sobre los ataques de D2 de tipo ausente del train,54,False,54,LocalOutlierFactor,False,0.15848,sqlattack,2,2,1.0,5,df30cb2,2026-08-12T23:15:23
recall de marcado como ataque sobre los ataques de D2 de tipo ausente del train,54,False,54,LocalOutlierFactor,False,0.15848,udpstorm,2,0,0.0,5,df30cb2,2026-08-12T23:15:23
recall de marcado como ataque sobre los ataques de D2 de tipo ausente del train,54,False,54,LocalOutlierFactor,False,0.15848,worm,2,0,0.0,5,df30cb2,2026-08-12T23:15:23
recall de marcado como ataque sobre los ataques de D2 de tipo ausente del train,54,False,54,LocalOutlierFactor,False,0.15848,xlock,9,3,0.333333,5,df30cb2,2026-08-12T23:15:23
recall de marcado como ataque sobre los ataques de D2 de tipo ausente del train,54,False,54,LocalOutlierFactor,False,0.15848,xsnoop,4,3,0.75,5,df30cb2,2026-08-12T23:15:23
recall de marcado como ataque sobre los ataques de D2 de tipo ausente del train,54,False,54,LocalOutlierFactor,False,0.15848,xterm,13,11,0.846154,5,df30cb2,2026-08-12T23:15:23
recall de marcado como ataque sobre los ataques de D2 de tipo ausente del train,54,False,54,LocalOutlierFactor,False,0.15848,__global__,3750,1463,0.390133,5,df30cb2,2026-08-12T23:15:23
recall de marcado como ataque sobre los ataques de D2 de tipo ausente del train,54,False,54,Autoencoder,True,0.100299,apache2,737,614,0.833107,5,df30cb2,2026-08-12T23:15:23
recall de marcado como ataque sobre los ataques de D2 de tipo ausente del train,54,False,54,Autoencoder,True,0.100299,httptunnel,133,132,0.992481,5,df30cb2,2026-08-12T23:15:23
recall de marcado como ataque sobre los ataques de D2 de tipo ausente del train,54,False,54,Autoencoder,True,0.100299,mailbomb,293,0,0.0,5,df30cb2,2026-08-12T23:15:23
recall de marcado como ataque sobre los ataques de D2 de tipo ausente del train,54,False,54,Autoencoder,True,0.100299,mscan,996,902,0.905622,5,df30cb2,2026-08-12T23:15:23
recall de marcado como ataque sobre los ataques de D2 de tipo ausente del train,54,False,54,Autoencoder,True,0.100299,named,17,8,0.470588,5,df30cb2,2026-08-12T23:15:23
recall de marcado como ataque sobre los ataques de D2 de tipo ausente del train,54,False,54,Autoencoder,True,0.100299,processtable,685,685,1.0,5,df30cb2,2026-08-12T23:15:23
recall de marcado como ataque sobre los ataques de D2 de tipo ausente del train,54,False,54,Autoencoder,True,0.100299,ps,15,10,0.666667,5,df30cb2,2026-08-12T23:15:23
recall de marcado como ataque sobre los ataques de D2 de tipo ausente del train,54,False,54,Autoencoder,True,0.100299,saint,319,311,0.974922,5,df30cb2,2026-08-12T23:15:23
recall de marcado como ataque sobre los ataques de D2 de tipo ausente del train,54,False,54,Autoencoder,True,0.100299,sendmail,14,13,0.928571,5,df30cb2,2026-08-12T23:15:23
recall de marcado como ataque sobre los ataques de D2 de tipo ausente del train,54,False,54,Autoencoder,True,0.100299,snmpgetattack,178,12,0.067416,5,df30cb2,2026-08-12T23:15:23
recall de marcado como ataque sobre los ataques de D2 de tipo ausente del train,54,False,54,Autoencoder,True,0.100299,snmpguess,331,5,0.015106,5,df30cb2,2026-08-12T23:15:23
recall de marcado como ataque sobre los ataques de D2 de tipo ausente del train,54,False,54,Autoencoder,True,0.100299,sqlattack,2,2,1.0,5,df30cb2,2026-08-12T23:15:23
recall de marcado como ataque sobre los ataques de D2 de tipo ausente del train,54,False,54,Autoencoder,True,0.100299,udpstorm,2,2,1.0,5,df30cb2,2026-08-12T23:15:23
recall de marcado como ataque sobre los ataques de D2 de tipo ausente del train,54,False,54,Autoencoder,True,0.100299,worm,2,0,0.0,5,df30cb2,2026-08-12T23:15:23
recall de marcado como ataque sobre los ataques de D2 de tipo ausente del train,54,False,54,Autoencoder,True,0.100299,xlock,9,3,0.333333,5,df30cb2,2026-08-12T23:15:23
recall de marcado como ataque sobre los ataques de D2 de tipo ausente del train,54,False,54,Autoencoder,True,0.100299,xsnoop,4,3,0.75,5,df30cb2,2026-08-12T23:15:23
recall de marcado como ataque sobre los ataques de D2 de tipo ausente del train,54,False,54,Autoencoder,True,0.100299,xterm,13,10,0.769231,5,df30cb2,2026-08-12T23:15:23
recall de marcado como ataque sobre los ataques de D2 de tipo ausente del train,54,False,54,Autoencoder,True,0.100299,__global__,3750,2712,0.7232,5,df30cb2,2026-08-12T23:15:23
recall de marcado como ataque sobre los ataques de D2 de tipo ausente del train,122_sin_seleccion,True,122,IsolationForest,False,0.089898,apache2,737,734,0.995929,5,df30cb2,2026-08-12T23:23:57
recall de marcado como ataque sobre los ataques de D2 de tipo ausente del train,122_sin_seleccion,True,122,IsolationForest,False,0.089898,httptunnel,133,116,0.87218,5,df30cb2,2026-08-12T23:23:57
recall de marcado como ataque sobre los ataques de D2 de tipo ausente del train,122_sin_seleccion,True,122,IsolationForest,False,0.089898,mailbomb,293,1,0.003413,5,df30cb2,2026-08-12T23:23:57
recall de marcado como ataque sobre los ataques de D2 de tipo ausente del train,122_sin_seleccion,True,122,IsolationForest,False,0.089898,mscan,996,978,0.981928,5,df30cb2,2026-08-12T23:23:57
recall de marcado como ataque sobre los ataques de D2 de tipo ausente del train,122_sin_seleccion,True,122,IsolationForest,False,0.089898,named,17,7,0.411765,5,df30cb2,2026-08-12T23:23:57
recall de marcado como ataque sobre los ataques de D2 de tipo ausente del train,122_sin_seleccion,True,122,IsolationForest,False,0.089898,processtable,685,336,0.490511,5,df30cb2,2026-08-12T23:23:57
recall de marcado como ataque sobre los ataques de D2 de tipo ausente del train,122_sin_seleccion,True,122,IsolationForest,False,0.089898,ps,15,3,0.2,5,df30cb2,2026-08-12T23:23:57
recall de marcado como ataque sobre los ataques de D2 de tipo ausente del train,122_sin_seleccion,True,122,IsolationForest,False,0.089898,saint,319,314,0.984326,5,df30cb2,2026-08-12T23:23:57
recall de marcado como ataque sobre los ataques de D2 de tipo ausente del train,122_sin_seleccion,True,122,IsolationForest,False,0.089898,sendmail,14,1,0.071429,5,df30cb2,2026-08-12T23:23:57
recall de marcado como ataque sobre los ataques de D2 de tipo ausente del train,122_sin_seleccion,True,122,IsolationForest,False,0.089898,snmpgetattack,178,9,0.050562,5,df30cb2,2026-08-12T23:23:57
recall de marcado como ataque sobre los ataques de D2 de tipo ausente del train,122_sin_seleccion,True,122,IsolationForest,False,0.089898,snmpguess,331,11,0.033233,5,df30cb2,2026-08-12T23:23:57
recall de marcado como ataque sobre los ataques de D2 de tipo ausente del train,122_sin_seleccion,True,122,IsolationForest,False,0.089898,sqlattack,2,2,1.0,5,df30cb2,2026-08-12T23:23:57
recall de marcado como ataque sobre los ataques de D2 de tipo ausente del train,122_sin_seleccion,True,122,IsolationForest,False,0.089898,udpstorm,2,2,1.0,5,df30cb2,2026-08-12T23:23:57
recall de marcado como ataque sobre los ataques de D2 de tipo ausente del train,122_sin_seleccion,True,122,IsolationForest,False,0.089898,worm,2,0,0.0,5,df30cb2,2026-08-12T23:23:57
recall de marcado como ataque sobre los ataques de D2 de tipo ausente del train,122_sin_seleccion,True,122,IsolationForest,False,0.089898,xlock,9,3,0.333333,5,df30cb2,2026-08-12T23:23:57
recall de marcado como ataque sobre los ataques de D2 de tipo ausente del train,122_sin_seleccion,True,122,IsolationForest,False,0.089898,xsnoop,4,3,0.75,5,df30cb2,2026-08-12T23:23:57
recall de marcado como ataque sobre los ataques de D2 de tipo ausente del train,122_sin_seleccion,True,122,IsolationForest,False,0.089898,xterm,13,9,0.692308,5,df30cb2,2026-08-12T23:23:57
recall de marcado como ataque sobre los ataques de D2 de tipo ausente del train,122_sin_seleccion,True,122,IsolationForest,False,0.089898,__global__,3750,2529,0.6744,5,df30cb2,2026-08-12T23:23:57
recall de marcado como ataque sobre los ataques de D2 de tipo ausente del train,122_sin_seleccion,True,122,OneClassSVM,False,0.082793,apache2,737,728,0.987788,5,df30cb2,2026-08-12T23:23:57
recall de marcado como ataque sobre los ataques de D2 de tipo ausente del train,122_sin_seleccion,True,122,OneClassSVM,False,0.082793,httptunnel,133,112,0.842105,5,df30cb2,2026-08-12T23:23:57
recall de marcado como ataque sobre los ataques de D2 de tipo ausente del train,122_sin_seleccion,True,122,OneClassSVM,False,0.082793,mailbomb,293,0,0.0,5,df30cb2,2026-08-12T23:23:57
recall de marcado como ataque sobre los ataques de D2 de tipo ausente del train,122_sin_seleccion,True,122,OneClassSVM,False,0.082793,mscan,996,897,0.900602,5,df30cb2,2026-08-12T23:23:57
recall de marcado como ataque sobre los ataques de D2 de tipo ausente del train,122_sin_seleccion,True,122,OneClassSVM,False,0.082793,named,17,7,0.411765,5,df30cb2,2026-08-12T23:23:57
recall de marcado como ataque sobre los ataques de D2 de tipo ausente del train,122_sin_seleccion,True,122,OneClassSVM,False,0.082793,processtable,685,249,0.363504,5,df30cb2,2026-08-12T23:23:57
recall de marcado como ataque sobre los ataques de D2 de tipo ausente del train,122_sin_seleccion,True,122,OneClassSVM,False,0.082793,ps,15,3,0.2,5,df30cb2,2026-08-12T23:23:57
recall de marcado como ataque sobre los ataques de D2 de tipo ausente del train,122_sin_seleccion,True,122,OneClassSVM,False,0.082793,saint,319,311,0.974922,5,df30cb2,2026-08-12T23:23:57
recall de marcado como ataque sobre los ataques de D2 de tipo ausente del train,122_sin_seleccion,True,122,OneClassSVM,False,0.082793,sendmail,14,3,0.214286,5,df30cb2,2026-08-12T23:23:57
recall de marcado como ataque sobre los ataques de D2 de tipo ausente del train,122_sin_seleccion,True,122,OneClassSVM,False,0.082793,snmpgetattack,178,11,0.061798,5,df30cb2,2026-08-12T23:23:57
recall de marcado como ataque sobre los ataques de D2 de tipo ausente del train,122_sin_seleccion,True,122,OneClassSVM,False,0.082793,snmpguess,331,4,0.012085,5,df30cb2,2026-08-12T23:23:57
recall de marcado como ataque sobre los ataques de D2 de tipo ausente del train,122_sin_seleccion,True,122,OneClassSVM,False,0.082793,sqlattack,2,2,1.0,5,df30cb2,2026-08-12T23:23:57
recall de marcado como ataque sobre los ataques de D2 de tipo ausente del train,122_sin_seleccion,True,122,OneClassSVM,False,0.082793,udpstorm,2,1,0.5,5,df30cb2,2026-08-12T23:23:57
recall de marcado como ataque sobre los ataques de D2 de tipo ausente del train,122_sin_seleccion,True,122,OneClassSVM,False,0.082793,worm,2,0,0.0,5,df30cb2,2026-08-12T23:23:57
recall de marcado como ataque sobre los ataques de D2 de tipo ausente del train,122_sin_seleccion,True,122,OneClassSVM,False,0.082793,xlock,9,0,0.0,5,df30cb2,2026-08-12T23:23:57
recall de marcado como ataque sobre los ataques de D2 de tipo ausente del train,122_sin_seleccion,True,122,OneClassSVM,False,0.082793,xsnoop,4,3,0.75,5,df30cb2,2026-08-12T23:23:57
recall de marcado como ataque sobre los ataques de D2 de tipo ausente del train,122_sin_seleccion,True,122,OneClassSVM,False,0.082793,xterm,13,9,0.692308,5,df30cb2,2026-08-12T23:23:57
recall de marcado como ataque sobre los ataques de D2 de tipo ausente del train,122_sin_seleccion,True,122,OneClassSVM,False,0.082793,__global__,3750,2340,0.624,5,df30cb2,2026-08-12T23:23:57
recall de marcado como ataque sobre los ataques de D2 de tipo ausente del train,122_sin_seleccion,True,122,LocalOutlierFactor,False,0.16126,apache2,737,129,0.175034,5,df30cb2,2026-08-12T23:23:57
recall de marcado como ataque sobre los ataques de D2 de tipo ausente del train,122_sin_seleccion,True,122,LocalOutlierFactor,False,0.16126,httptunnel,133,64,0.481203,5,df30cb2,2026-08-12T23:23:57
recall de marcado como ataque sobre los ataques de D2 de tipo ausente del train,122_sin_seleccion,True,122,LocalOutlierFactor,False,0.16126,mailbomb,293,227,0.774744,5,df30cb2,2026-08-12T23:23:57
recall de marcado como ataque sobre los ataques de D2 de tipo ausente del train,122_sin_seleccion,True,122,LocalOutlierFactor,False,0.16126,mscan,996,346,0.34739,5,df30cb2,2026-08-12T23:23:57
recall de marcado como ataque sobre los ataques de D2 de tipo ausente del train,122_sin_seleccion,True,122,LocalOutlierFactor,False,0.16126,named,17,7,0.411765,5,df30cb2,2026-08-12T23:23:57
recall de marcado como ataque sobre los ataques de D2 de tipo ausente del train,122_sin_seleccion,True,122,LocalOutlierFactor,False,0.16126,processtable,685,172,0.251095,5,df30cb2,2026-08-12T23:23:57
recall de marcado como ataque sobre los ataques de D2 de tipo ausente del train,122_sin_seleccion,True,122,LocalOutlierFactor,False,0.16126,ps,15,9,0.6,5,df30cb2,2026-08-12T23:23:57
recall de marcado como ataque sobre los ataques de D2 de tipo ausente del train,122_sin_seleccion,True,122,LocalOutlierFactor,False,0.16126,saint,319,252,0.789969,5,df30cb2,2026-08-12T23:23:57
recall de marcado como ataque sobre los ataques de D2 de tipo ausente del train,122_sin_seleccion,True,122,LocalOutlierFactor,False,0.16126,sendmail,14,9,0.642857,5,df30cb2,2026-08-12T23:23:57
recall de marcado como ataque sobre los ataques de D2 de tipo ausente del train,122_sin_seleccion,True,122,LocalOutlierFactor,False,0.16126,snmpgetattack,178,9,0.050562,5,df30cb2,2026-08-12T23:23:57
recall de marcado como ataque sobre los ataques de D2 de tipo ausente del train,122_sin_seleccion,True,122,LocalOutlierFactor,False,0.16126,snmpguess,331,11,0.033233,5,df30cb2,2026-08-12T23:23:57
recall de marcado como ataque sobre los ataques de D2 de tipo ausente del train,122_sin_seleccion,True,122,LocalOutlierFactor,False,0.16126,sqlattack,2,2,1.0,5,df30cb2,2026-08-12T23:23:57
recall de marcado como ataque sobre los ataques de D2 de tipo ausente del train,122_sin_seleccion,True,122,LocalOutlierFactor,False,0.16126,udpstorm,2,1,0.5,5,df30cb2,2026-08-12T23:23:57
recall de marcado como ataque sobre los ataques de D2 de tipo ausente del train,122_sin_seleccion,True,122,LocalOutlierFactor,False,0.16126,worm,2,0,0.0,5,df30cb2,2026-08-12T23:23:57
recall de marcado como ataque sobre los ataques de D2 de tipo ausente del train,122_sin_seleccion,True,122,LocalOutlierFactor,False,0.16126,xlock,9,0,0.0,5,df30cb2,2026-08-12T23:23:57
recall de marcado como ataque sobre los ataques de D2 de tipo ausente del train,122_sin_seleccion,True,122,LocalOutlierFactor,False,0.16126,xsnoop,4,2,0.5,5,df30cb2,2026-08-12T23:23:57
recall de marcado como ataque sobre los ataques de D2 de tipo ausente del train,122_sin_seleccion,True,122,LocalOutlierFactor,False,0.16126,xterm,13,10,0.769231,5,df30cb2,2026-08-12T23:23:57
recall de marcado como ataque sobre los ataques de D2 de tipo ausente del train,122_sin_seleccion,True,122,LocalOutlierFactor,False,0.16126,__global__,3750,1250,0.333333,5,df30cb2,2026-08-12T23:23:57
recall de marcado como ataque sobre los ataques de D2 de tipo ausente del train,122_sin_seleccion,True,122,Autoencoder,True,0.084337,apache2,737,735,0.997286,5,df30cb2,2026-08-12T23:23:57
recall de marcado como ataque sobre los ataques de D2 de tipo ausente del train,122_sin_seleccion,True,122,Autoencoder,True,0.084337,httptunnel,133,132,0.992481,5,df30cb2,2026-08-12T23:23:57
recall de marcado como ataque sobre los ataques de D2 de tipo ausente del train,122_sin_seleccion,True,122,Autoencoder,True,0.084337,mailbomb,293,19,0.064846,5,df30cb2,2026-08-12T23:23:57
recall de marcado como ataque sobre los ataques de D2 de tipo ausente del train,122_sin_seleccion,True,122,Autoencoder,True,0.084337,mscan,996,993,0.996988,5,df30cb2,2026-08-12T23:23:57
recall de marcado como ataque sobre los ataques de D2 de tipo ausente del train,122_sin_seleccion,True,122,Autoencoder,True,0.084337,named,17,13,0.764706,5,df30cb2,2026-08-12T23:23:57
recall de marcado como ataque sobre los ataques de D2 de tipo ausente del train,122_sin_seleccion,True,122,Autoencoder,True,0.084337,processtable,685,604,0.881752,5,df30cb2,2026-08-12T23:23:57
recall de marcado como ataque sobre los ataques de D2 de tipo ausente del train,122_sin_seleccion,True,122,Autoencoder,True,0.084337,ps,15,10,0.666667,5,df30cb2,2026-08-12T23:23:57
recall de marcado como ataque sobre los ataques de D2 de tipo ausente del train,122_sin_seleccion,True,122,Autoencoder,True,0.084337,saint,319,231,0.724138,5,df30cb2,2026-08-12T23:23:57
recall de marcado como ataque sobre los ataques de D2 de tipo ausente del train,122_sin_seleccion,True,122,Autoencoder,True,0.084337,sendmail,14,7,0.5,5,df30cb2,2026-08-12T23:23:57
recall de marcado como ataque sobre los ataques de D2 de tipo ausente del train,122_sin_seleccion,True,122,Autoencoder,True,0.084337,snmpgetattack,178,0,0.0,5,df30cb2,2026-08-12T23:23:57
recall de marcado como ataque sobre los ataques de D2 de tipo ausente del train,122_sin_seleccion,True,122,Autoencoder,True,0.084337,snmpguess,331,3,0.009063,5,df30cb2,2026-08-12T23:23:57
recall de marcado como ataque sobre los ataques de D2 de tipo ausente del train,122_sin_seleccion,True,122,Autoencoder,True,0.084337,sqlattack,2,2,1.0,5,df30cb2,2026-08-12T23:23:57
recall de marcado como ataque sobre los ataques de D2 de tipo ausente del train,122_sin_seleccion,True,122,Autoencoder,True,0.084337,udpstorm,2,1,0.5,5,df30cb2,2026-08-12T23:23:57
recall de marcado como ataque sobre los ataques de D2 de tipo ausente del train,122_sin_seleccion,True,122,Autoencoder,True,0.084337,worm,2,0,0.0,5,df30cb2,2026-08-12T23:23:57
recall de marcado como ataque sobre los ataques de D2 de tipo ausente del train,122_sin_seleccion,True,122,Autoencoder,True,0.084337,xlock,9,7,0.777778,5,df30cb2,2026-08-12T23:23:57
recall de marcado como ataque sobre los ataques de D2 de tipo ausente del train,122_sin_seleccion,True,122,Autoencoder,True,0.084337,xsnoop,4,4,1.0,5,df30cb2,2026-08-12T23:23:57
recall de marcado como ataque sobre los ataques de D2 de tipo ausente del train,122_sin_seleccion,True,122,Autoencoder,True,0.084337,xterm,13,10,0.769231,5,df30cb2,2026-08-12T23:23:57
recall de marcado como ataque sobre los ataques de D2 de tipo ausente del train,122_sin_seleccion,True,122,Autoencoder,True,0.084337,__global__,3750,2771,0.738933,5,df30cb2,2026-08-12T23:23:57
recall de marcado como ataque sobre los ataques de D2 de tipo ausente del train,54,False,54,IsolationForest,False,0.102358,apache2,737,734,0.995929,6,df30cb2,2026-08-12T23:29:42
recall de marcado como ataque sobre los ataques de D2 de tipo ausente del train,54,False,54,IsolationForest,False,0.102358,httptunnel,133,112,0.842105,6,df30cb2,2026-08-12T23:29:42
recall de marcado como ataque sobre los ataques de D2 de tipo ausente del train,54,False,54,IsolationForest,False,0.102358,mailbomb,293,0,0.0,6,df30cb2,2026-08-12T23:29:42
recall de marcado como ataque sobre los ataques de D2 de tipo ausente del train,54,False,54,IsolationForest,False,0.102358,mscan,996,965,0.968876,6,df30cb2,2026-08-12T23:29:42
recall de marcado como ataque sobre los ataques de D2 de tipo ausente del train,54,False,54,IsolationForest,False,0.102358,named,17,8,0.470588,6,df30cb2,2026-08-12T23:29:42
recall de marcado como ataque sobre los ataques de D2 de tipo ausente del train,54,False,54,IsolationForest,False,0.102358,processtable,685,294,0.429197,6,df30cb2,2026-08-12T23:29:42
recall de marcado como ataque sobre los ataques de D2 de tipo ausente del train,54,False,54,IsolationForest,False,0.102358,ps,15,4,0.266667,6,df30cb2,2026-08-12T23:29:42
recall de marcado como ataque sobre los ataques de D2 de tipo ausente del train,54,False,54,IsolationForest,False,0.102358,saint,319,316,0.990596,6,df30cb2,2026-08-12T23:29:42
recall de marcado como ataque sobre los ataques de D2 de tipo ausente del train,54,False,54,IsolationForest,False,0.102358,sendmail,14,2,0.142857,6,df30cb2,2026-08-12T23:29:42
recall de marcado como ataque sobre los ataques de D2 de tipo ausente del train,54,False,54,IsolationForest,False,0.102358,snmpgetattack,178,28,0.157303,6,df30cb2,2026-08-12T23:29:42
recall de marcado como ataque sobre los ataques de D2 de tipo ausente del train,54,False,54,IsolationForest,False,0.102358,snmpguess,331,264,0.797583,6,df30cb2,2026-08-12T23:29:42
recall de marcado como ataque sobre los ataques de D2 de tipo ausente del train,54,False,54,IsolationForest,False,0.102358,sqlattack,2,2,1.0,6,df30cb2,2026-08-12T23:29:42
recall de marcado como ataque sobre los ataques de D2 de tipo ausente del train,54,False,54,IsolationForest,False,0.102358,udpstorm,2,2,1.0,6,df30cb2,2026-08-12T23:29:42
recall de marcado como ataque sobre los ataques de D2 de tipo ausente del train,54,False,54,IsolationForest,False,0.102358,worm,2,0,0.0,6,df30cb2,2026-08-12T23:29:42
recall de marcado como ataque sobre los ataques de D2 de tipo ausente del train,54,False,54,IsolationForest,False,0.102358,xlock,9,0,0.0,6,df30cb2,2026-08-12T23:29:42
recall de marcado como ataque sobre los ataques de D2 de tipo ausente del train,54,False,54,IsolationForest,False,0.102358,xsnoop,4,1,0.25,6,df30cb2,2026-08-12T23:29:42
recall de marcado como ataque sobre los ataques de D2 de tipo ausente del train,54,False,54,IsolationForest,False,0.102358,xterm,13,8,0.615385,6,df30cb2,2026-08-12T23:29:42
recall de marcado como ataque sobre los ataques de D2 de tipo ausente del train,54,False,54,IsolationForest,False,0.102358,__global__,3750,2740,0.730667,6,df30cb2,2026-08-12T23:29:42
recall de marcado como ataque sobre los ataques de D2 de tipo ausente del train,54,False,54,OneClassSVM,False,0.084852,apache2,737,722,0.979647,6,df30cb2,2026-08-12T23:29:42
recall de marcado como ataque sobre los ataques de D2 de tipo ausente del train,54,False,54,OneClassSVM,False,0.084852,httptunnel,133,112,0.842105,6,df30cb2,2026-08-12T23:29:42
recall de marcado como ataque sobre los ataques de D2 de tipo ausente del train,54,False,54,OneClassSVM,False,0.084852,mailbomb,293,5,0.017065,6,df30cb2,2026-08-12T23:29:42
recall de marcado como ataque sobre los ataques de D2 de tipo ausente del train,54,False,54,OneClassSVM,False,0.084852,mscan,996,837,0.840361,6,df30cb2,2026-08-12T23:29:42
recall de marcado como ataque sobre los ataques de D2 de tipo ausente del train,54,False,54,OneClassSVM,False,0.084852,named,17,3,0.176471,6,df30cb2,2026-08-12T23:29:42
recall de marcado como ataque sobre los ataques de D2 de tipo ausente del train,54,False,54,OneClassSVM,False,0.084852,processtable,685,51,0.074453,6,df30cb2,2026-08-12T23:29:42
recall de marcado como ataque sobre los ataques de D2 de tipo ausente del train,54,False,54,OneClassSVM,False,0.084852,ps,15,1,0.066667,6,df30cb2,2026-08-12T23:29:42
recall de marcado como ataque sobre los ataques de D2 de tipo ausente del train,54,False,54,OneClassSVM,False,0.084852,saint,319,310,0.971787,6,df30cb2,2026-08-12T23:29:42
recall de marcado como ataque sobre los ataques de D2 de tipo ausente del train,54,False,54,OneClassSVM,False,0.084852,sendmail,14,4,0.285714,6,df30cb2,2026-08-12T23:29:42
recall de marcado como ataque sobre los ataques de D2 de tipo ausente del train,54,False,54,OneClassSVM,False,0.084852,snmpgetattack,178,11,0.061798,6,df30cb2,2026-08-12T23:29:42
recall de marcado como ataque sobre los ataques de D2 de tipo ausente del train,54,False,54,OneClassSVM,False,0.084852,snmpguess,331,4,0.012085,6,df30cb2,2026-08-12T23:29:42
recall de marcado como ataque sobre los ataques de D2 de tipo ausente del train,54,False,54,OneClassSVM,False,0.084852,sqlattack,2,2,1.0,6,df30cb2,2026-08-12T23:29:42
recall de marcado como ataque sobre los ataques de D2 de tipo ausente del train,54,False,54,OneClassSVM,False,0.084852,udpstorm,2,0,0.0,6,df30cb2,2026-08-12T23:29:42
recall de marcado como ataque sobre los ataques de D2 de tipo ausente del train,54,False,54,OneClassSVM,False,0.084852,worm,2,0,0.0,6,df30cb2,2026-08-12T23:29:42
recall de marcado como ataque sobre los ataques de D2 de tipo ausente del train,54,False,54,OneClassSVM,False,0.084852,xlock,9,0,0.0,6,df30cb2,2026-08-12T23:29:42
recall de marcado como ataque sobre los ataques de D2 de tipo ausente del train,54,False,54,OneClassSVM,False,0.084852,xsnoop,4,2,0.5,6,df30cb2,2026-08-12T23:29:42
recall de marcado como ataque sobre los ataques de D2 de tipo ausente del train,54,False,54,OneClassSVM,False,0.084852,xterm,13,9,0.692308,6,df30cb2,2026-08-12T23:29:42
recall de marcado como ataque sobre los ataques de D2 de tipo ausente del train,54,False,54,OneClassSVM,False,0.084852,__global__,3750,2073,0.5528,6,df30cb2,2026-08-12T23:29:42
recall de marcado como ataque sobre los ataques de D2 de tipo ausente del train,54,False,54,LocalOutlierFactor,False,0.164968,apache2,737,594,0.80597,6,df30cb2,2026-08-12T23:29:42
recall de marcado como ataque sobre los ataques de D2 de tipo ausente del train,54,False,54,LocalOutlierFactor,False,0.164968,httptunnel,133,36,0.270677,6,df30cb2,2026-08-12T23:29:42
recall de marcado como ataque sobre los ataques de D2 de tipo ausente del train,54,False,54,LocalOutlierFactor,False,0.164968,mailbomb,293,264,0.901024,6,df30cb2,2026-08-12T23:29:42
recall de marcado como ataque sobre los ataques de D2 de tipo ausente del train,54,False,54,LocalOutlierFactor,False,0.164968,mscan,996,327,0.328313,6,df30cb2,2026-08-12T23:29:42
recall de marcado como ataque sobre los ataques de D2 de tipo ausente del train,54,False,54,LocalOutlierFactor,False,0.164968,named,17,10,0.588235,6,df30cb2,2026-08-12T23:29:42
recall de marcado como ataque sobre los ataques de D2 de tipo ausente del train,54,False,54,LocalOutlierFactor,False,0.164968,processtable,685,292,0.426277,6,df30cb2,2026-08-12T23:29:42
recall de marcado como ataque sobre los ataques de D2 de tipo ausente del train,54,False,54,LocalOutlierFactor,False,0.164968,ps,15,11,0.733333,6,df30cb2,2026-08-12T23:29:42
recall de marcado como ataque sobre los ataques de D2 de tipo ausente del train,54,False,54,LocalOutlierFactor,False,0.164968,saint,319,234,0.733542,6,df30cb2,2026-08-12T23:29:42
recall de marcado como ataque sobre los ataques de D2 de tipo ausente del train,54,False,54,LocalOutlierFactor,False,0.164968,sendmail,14,10,0.714286,6,df30cb2,2026-08-12T23:29:42
recall de marcado como ataque sobre los ataques de D2 de tipo ausente del train,54,False,54,LocalOutlierFactor,False,0.164968,snmpgetattack,178,13,0.073034,6,df30cb2,2026-08-12T23:29:42
recall de marcado como ataque sobre los ataques de D2 de tipo ausente del train,54,False,54,LocalOutlierFactor,False,0.164968,snmpguess,331,9,0.02719,6,df30cb2,2026-08-12T23:29:42
recall de marcado como ataque sobre los ataques de D2 de tipo ausente del train,54,False,54,LocalOutlierFactor,False,0.164968,sqlattack,2,2,1.0,6,df30cb2,2026-08-12T23:29:42
recall de marcado como ataque sobre los ataques de D2 de tipo ausente del train,54,False,54,LocalOutlierFactor,False,0.164968,udpstorm,2,0,0.0,6,df30cb2,2026-08-12T23:29:42
recall de marcado como ataque sobre los ataques de D2 de tipo ausente del train,54,False,54,LocalOutlierFactor,False,0.164968,worm,2,0,0.0,6,df30cb2,2026-08-12T23:29:42
recall de marcado como ataque sobre los ataques de D2 de tipo ausente del train,54,False,54,LocalOutlierFactor,False,0.164968,xlock,9,4,0.444444,6,df30cb2,2026-08-12T23:29:42
recall de marcado como ataque sobre los ataques de D2 de tipo ausente del train,54,False,54,LocalOutlierFactor,False,0.164968,xsnoop,4,3,0.75,6,df30cb2,2026-08-12T23:29:42
recall de marcado como ataque sobre los ataques de D2 de tipo ausente del train,54,False,54,LocalOutlierFactor,False,0.164968,xterm,13,11,0.846154,6,df30cb2,2026-08-12T23:29:42
recall de marcado como ataque sobre los ataques de D2 de tipo ausente del train,54,False,54,LocalOutlierFactor,False,0.164968,__global__,3750,1820,0.485333,6,df30cb2,2026-08-12T23:29:42
recall de marcado como ataque sobre los ataques de D2 de tipo ausente del train,54,False,54,Autoencoder,True,0.093605,apache2,737,652,0.884668,6,df30cb2,2026-08-12T23:29:42
recall de marcado como ataque sobre los ataques de D2 de tipo ausente del train,54,False,54,Autoencoder,True,0.093605,httptunnel,133,115,0.864662,6,df30cb2,2026-08-12T23:29:42
recall de marcado como ataque sobre los ataques de D2 de tipo ausente del train,54,False,54,Autoencoder,True,0.093605,mailbomb,293,0,0.0,6,df30cb2,2026-08-12T23:29:42
recall de marcado como ataque sobre los ataques de D2 de tipo ausente del train,54,False,54,Autoencoder,True,0.093605,mscan,996,971,0.9749,6,df30cb2,2026-08-12T23:29:42
recall de marcado como ataque sobre los ataques de D2 de tipo ausente del train,54,False,54,Autoencoder,True,0.093605,named,17,6,0.352941,6,df30cb2,2026-08-12T23:29:42
recall de marcado como ataque sobre los ataques de D2 de tipo ausente del train,54,False,54,Autoencoder,True,0.093605,processtable,685,685,1.0,6,df30cb2,2026-08-12T23:29:42
recall de marcado como ataque sobre los ataques de D2 de tipo ausente del train,54,False,54,Autoencoder,True,0.093605,ps,15,10,0.666667,6,df30cb2,2026-08-12T23:29:42
recall de marcado como ataque sobre los ataques de D2 de tipo ausente del train,54,False,54,Autoencoder,True,0.093605,saint,319,309,0.968652,6,df30cb2,2026-08-12T23:29:42
recall de marcado como ataque sobre los ataques de D2 de tipo ausente del train,54,False,54,Autoencoder,True,0.093605,sendmail,14,10,0.714286,6,df30cb2,2026-08-12T23:29:42
recall de marcado como ataque sobre los ataques de D2 de tipo ausente del train,54,False,54,Autoencoder,True,0.093605,snmpgetattack,178,0,0.0,6,df30cb2,2026-08-12T23:29:42
recall de marcado como ataque sobre los ataques de D2 de tipo ausente del train,54,False,54,Autoencoder,True,0.093605,snmpguess,331,6,0.018127,6,df30cb2,2026-08-12T23:29:42
recall de marcado como ataque sobre los ataques de D2 de tipo ausente del train,54,False,54,Autoencoder,True,0.093605,sqlattack,2,2,1.0,6,df30cb2,2026-08-12T23:29:42
recall de marcado como ataque sobre los ataques de D2 de tipo ausente del train,54,False,54,Autoencoder,True,0.093605,udpstorm,2,1,0.5,6,df30cb2,2026-08-12T23:29:42
recall de marcado como ataque sobre los ataques de D2 de tipo ausente del train,54,False,54,Autoencoder,True,0.093605,worm,2,0,0.0,6,df30cb2,2026-08-12T23:29:42
recall de marcado como ataque sobre los ataques de D2 de tipo ausente del train,54,False,54,Autoencoder,True,0.093605,xlock,9,3,0.333333,6,df30cb2,2026-08-12T23:29:42
recall de marcado como ataque sobre los ataques de D2 de tipo ausente del train,54,False,54,Autoencoder,True,0.093605,xsnoop,4,3,0.75,6,df30cb2,2026-08-12T23:29:42
recall de marcado como ataque sobre los ataques de D2 de tipo ausente del train,54,False,54,Autoencoder,True,0.093605,xterm,13,10,0.769231,6,df30cb2,2026-08-12T23:29:42
recall de marcado como ataque sobre los ataques de D2 de tipo ausente del train,54,False,54,Autoencoder,True,0.093605,__global__,3750,2783,0.742133,6,df30cb2,2026-08-12T23:29:42
recall de marcado como ataque sobre los ataques de D2 de tipo ausente del train,122_sin_seleccion,True,122,IsolationForest,False,0.093193,apache2,737,734,0.995929,6,df30cb2,2026-08-12T23:39:08
recall de marcado como ataque sobre los ataques de D2 de tipo ausente del train,122_sin_seleccion,True,122,IsolationForest,False,0.093193,httptunnel,133,115,0.864662,6,df30cb2,2026-08-12T23:39:08
recall de marcado como ataque sobre los ataques de D2 de tipo ausente del train,122_sin_seleccion,True,122,IsolationForest,False,0.093193,mailbomb,293,6,0.020478,6,df30cb2,2026-08-12T23:39:08
recall de marcado como ataque sobre los ataques de D2 de tipo ausente del train,122_sin_seleccion,True,122,IsolationForest,False,0.093193,mscan,996,982,0.985944,6,df30cb2,2026-08-12T23:39:08
recall de marcado como ataque sobre los ataques de D2 de tipo ausente del train,122_sin_seleccion,True,122,IsolationForest,False,0.093193,named,17,7,0.411765,6,df30cb2,2026-08-12T23:39:08
recall de marcado como ataque sobre los ataques de D2 de tipo ausente del train,122_sin_seleccion,True,122,IsolationForest,False,0.093193,processtable,685,482,0.70365,6,df30cb2,2026-08-12T23:39:08
recall de marcado como ataque sobre los ataques de D2 de tipo ausente del train,122_sin_seleccion,True,122,IsolationForest,False,0.093193,ps,15,3,0.2,6,df30cb2,2026-08-12T23:39:08
recall de marcado como ataque sobre los ataques de D2 de tipo ausente del train,122_sin_seleccion,True,122,IsolationForest,False,0.093193,saint,319,312,0.978056,6,df30cb2,2026-08-12T23:39:08
recall de marcado como ataque sobre los ataques de D2 de tipo ausente del train,122_sin_seleccion,True,122,IsolationForest,False,0.093193,sendmail,14,1,0.071429,6,df30cb2,2026-08-12T23:39:08
recall de marcado como ataque sobre los ataques de D2 de tipo ausente del train,122_sin_seleccion,True,122,IsolationForest,False,0.093193,snmpgetattack,178,19,0.106742,6,df30cb2,2026-08-12T23:39:08
recall de marcado como ataque sobre los ataques de D2 de tipo ausente del train,122_sin_seleccion,True,122,IsolationForest,False,0.093193,snmpguess,331,11,0.033233,6,df30cb2,2026-08-12T23:39:08
recall de marcado como ataque sobre los ataques de D2 de tipo ausente del train,122_sin_seleccion,True,122,IsolationForest,False,0.093193,sqlattack,2,2,1.0,6,df30cb2,2026-08-12T23:39:08
recall de marcado como ataque sobre los ataques de D2 de tipo ausente del train,122_sin_seleccion,True,122,IsolationForest,False,0.093193,udpstorm,2,2,1.0,6,df30cb2,2026-08-12T23:39:08
recall de marcado como ataque sobre los ataques de D2 de tipo ausente del train,122_sin_seleccion,True,122,IsolationForest,False,0.093193,worm,2,0,0.0,6,df30cb2,2026-08-12T23:39:08
recall de marcado como ataque sobre los ataques de D2 de tipo ausente del train,122_sin_seleccion,True,122,IsolationForest,False,0.093193,xlock,9,4,0.444444,6,df30cb2,2026-08-12T23:39:08
recall de marcado como ataque sobre los ataques de D2 de tipo ausente del train,122_sin_seleccion,True,122,IsolationForest,False,0.093193,xsnoop,4,3,0.75,6,df30cb2,2026-08-12T23:39:08
recall de marcado como ataque sobre los ataques de D2 de tipo ausente del train,122_sin_seleccion,True,122,IsolationForest,False,0.093193,xterm,13,10,0.769231,6,df30cb2,2026-08-12T23:39:08
recall de marcado como ataque sobre los ataques de D2 de tipo ausente del train,122_sin_seleccion,True,122,IsolationForest,False,0.093193,__global__,3750,2693,0.718133,6,df30cb2,2026-08-12T23:39:08
recall de marcado como ataque sobre los ataques de D2 de tipo ausente del train,122_sin_seleccion,True,122,OneClassSVM,False,0.082896,apache2,737,727,0.986431,6,df30cb2,2026-08-12T23:39:08
recall de marcado como ataque sobre los ataques de D2 de tipo ausente del train,122_sin_seleccion,True,122,OneClassSVM,False,0.082896,httptunnel,133,112,0.842105,6,df30cb2,2026-08-12T23:39:08
recall de marcado como ataque sobre los ataques de D2 de tipo ausente del train,122_sin_seleccion,True,122,OneClassSVM,False,0.082896,mailbomb,293,0,0.0,6,df30cb2,2026-08-12T23:39:08
recall de marcado como ataque sobre los ataques de D2 de tipo ausente del train,122_sin_seleccion,True,122,OneClassSVM,False,0.082896,mscan,996,892,0.895582,6,df30cb2,2026-08-12T23:39:08
recall de marcado como ataque sobre los ataques de D2 de tipo ausente del train,122_sin_seleccion,True,122,OneClassSVM,False,0.082896,named,17,7,0.411765,6,df30cb2,2026-08-12T23:39:08
recall de marcado como ataque sobre los ataques de D2 de tipo ausente del train,122_sin_seleccion,True,122,OneClassSVM,False,0.082896,processtable,685,247,0.360584,6,df30cb2,2026-08-12T23:39:08
recall de marcado como ataque sobre los ataques de D2 de tipo ausente del train,122_sin_seleccion,True,122,OneClassSVM,False,0.082896,ps,15,3,0.2,6,df30cb2,2026-08-12T23:39:08
recall de marcado como ataque sobre los ataques de D2 de tipo ausente del train,122_sin_seleccion,True,122,OneClassSVM,False,0.082896,saint,319,311,0.974922,6,df30cb2,2026-08-12T23:39:08
recall de marcado como ataque sobre los ataques de D2 de tipo ausente del train,122_sin_seleccion,True,122,OneClassSVM,False,0.082896,sendmail,14,2,0.142857,6,df30cb2,2026-08-12T23:39:08
recall de marcado como ataque sobre los ataques de D2 de tipo ausente del train,122_sin_seleccion,True,122,OneClassSVM,False,0.082896,snmpgetattack,178,11,0.061798,6,df30cb2,2026-08-12T23:39:08
recall de marcado como ataque sobre los ataques de D2 de tipo ausente del train,122_sin_seleccion,True,122,OneClassSVM,False,0.082896,snmpguess,331,4,0.012085,6,df30cb2,2026-08-12T23:39:08
recall de marcado como ataque sobre los ataques de D2 de tipo ausente del train,122_sin_seleccion,True,122,OneClassSVM,False,0.082896,sqlattack,2,2,1.0,6,df30cb2,2026-08-12T23:39:08
recall de marcado como ataque sobre los ataques de D2 de tipo ausente del train,122_sin_seleccion,True,122,OneClassSVM,False,0.082896,udpstorm,2,1,0.5,6,df30cb2,2026-08-12T23:39:08
recall de marcado como ataque sobre los ataques de D2 de tipo ausente del train,122_sin_seleccion,True,122,OneClassSVM,False,0.082896,worm,2,0,0.0,6,df30cb2,2026-08-12T23:39:08
recall de marcado como ataque sobre los ataques de D2 de tipo ausente del train,122_sin_seleccion,True,122,OneClassSVM,False,0.082896,xlock,9,0,0.0,6,df30cb2,2026-08-12T23:39:08
recall de marcado como ataque sobre los ataques de D2 de tipo ausente del train,122_sin_seleccion,True,122,OneClassSVM,False,0.082896,xsnoop,4,3,0.75,6,df30cb2,2026-08-12T23:39:08
recall de marcado como ataque sobre los ataques de D2 de tipo ausente del train,122_sin_seleccion,True,122,OneClassSVM,False,0.082896,xterm,13,9,0.692308,6,df30cb2,2026-08-12T23:39:08
recall de marcado como ataque sobre los ataques de D2 de tipo ausente del train,122_sin_seleccion,True,122,OneClassSVM,False,0.082896,__global__,3750,2331,0.6216,6,df30cb2,2026-08-12T23:39:08
recall de marcado como ataque sobre los ataques de D2 de tipo ausente del train,122_sin_seleccion,True,122,LocalOutlierFactor,False,0.158274,apache2,737,97,0.131615,6,df30cb2,2026-08-12T23:39:08
recall de marcado como ataque sobre los ataques de D2 de tipo ausente del train,122_sin_seleccion,True,122,LocalOutlierFactor,False,0.158274,httptunnel,133,3,0.022556,6,df30cb2,2026-08-12T23:39:08
recall de marcado como ataque sobre los ataques de D2 de tipo ausente del train,122_sin_seleccion,True,122,LocalOutlierFactor,False,0.158274,mailbomb,293,158,0.539249,6,df30cb2,2026-08-12T23:39:08
recall de marcado como ataque sobre los ataques de D2 de tipo ausente del train,122_sin_seleccion,True,122,LocalOutlierFactor,False,0.158274,mscan,996,329,0.330321,6,df30cb2,2026-08-12T23:39:08
recall de marcado como ataque sobre los ataques de D2 de tipo ausente del train,122_sin_seleccion,True,122,LocalOutlierFactor,False,0.158274,named,17,9,0.529412,6,df30cb2,2026-08-12T23:39:08
recall de marcado como ataque sobre los ataques de D2 de tipo ausente del train,122_sin_seleccion,True,122,LocalOutlierFactor,False,0.158274,processtable,685,186,0.271533,6,df30cb2,2026-08-12T23:39:08
recall de marcado como ataque sobre los ataques de D2 de tipo ausente del train,122_sin_seleccion,True,122,LocalOutlierFactor,False,0.158274,ps,15,7,0.466667,6,df30cb2,2026-08-12T23:39:08
recall de marcado como ataque sobre los ataques de D2 de tipo ausente del train,122_sin_seleccion,True,122,LocalOutlierFactor,False,0.158274,saint,319,154,0.482759,6,df30cb2,2026-08-12T23:39:08
recall de marcado como ataque sobre los ataques de D2 de tipo ausente del train,122_sin_seleccion,True,122,LocalOutlierFactor,False,0.158274,sendmail,14,6,0.428571,6,df30cb2,2026-08-12T23:39:08
recall de marcado como ataque sobre los ataques de D2 de tipo ausente del train,122_sin_seleccion,True,122,LocalOutlierFactor,False,0.158274,snmpgetattack,178,15,0.08427,6,df30cb2,2026-08-12T23:39:08
recall de marcado como ataque sobre los ataques de D2 de tipo ausente del train,122_sin_seleccion,True,122,LocalOutlierFactor,False,0.158274,snmpguess,331,11,0.033233,6,df30cb2,2026-08-12T23:39:08
recall de marcado como ataque sobre los ataques de D2 de tipo ausente del train,122_sin_seleccion,True,122,LocalOutlierFactor,False,0.158274,sqlattack,2,2,1.0,6,df30cb2,2026-08-12T23:39:08
recall de marcado como ataque sobre los ataques de D2 de tipo ausente del train,122_sin_seleccion,True,122,LocalOutlierFactor,False,0.158274,udpstorm,2,1,0.5,6,df30cb2,2026-08-12T23:39:08
recall de marcado como ataque sobre los ataques de D2 de tipo ausente del train,122_sin_seleccion,True,122,LocalOutlierFactor,False,0.158274,worm,2,0,0.0,6,df30cb2,2026-08-12T23:39:08
recall de marcado como ataque sobre los ataques de D2 de tipo ausente del train,122_sin_seleccion,True,122,LocalOutlierFactor,False,0.158274,xlock,9,0,0.0,6,df30cb2,2026-08-12T23:39:08
recall de marcado como ataque sobre los ataques de D2 de tipo ausente del train,122_sin_seleccion,True,122,LocalOutlierFactor,False,0.158274,xsnoop,4,2,0.5,6,df30cb2,2026-08-12T23:39:08
recall de marcado como ataque sobre los ataques de D2 de tipo ausente del train,122_sin_seleccion,True,122,LocalOutlierFactor,False,0.158274,xterm,13,9,0.692308,6,df30cb2,2026-08-12T23:39:08
recall de marcado como ataque sobre los ataques de D2 de tipo ausente del train,122_sin_seleccion,True,122,LocalOutlierFactor,False,0.158274,__global__,3750,989,0.263733,6,df30cb2,2026-08-12T23:39:08
recall de marcado como ataque sobre los ataques de D2 de tipo ausente del train,122_sin_seleccion,True,122,Autoencoder,True,0.092781,apache2,737,735,0.997286,6,df30cb2,2026-08-12T23:39:08
recall de marcado como ataque sobre los ataques de D2 de tipo ausente del train,122_sin_seleccion,True,122,Autoencoder,True,0.092781,httptunnel,133,130,0.977444,6,df30cb2,2026-08-12T23:39:08
recall de marcado como ataque sobre los ataques de D2 de tipo ausente del train,122_sin_seleccion,True,122,Autoencoder,True,0.092781,mailbomb,293,6,0.020478,6,df30cb2,2026-08-12T23:39:08
recall de marcado como ataque sobre los ataques de D2 de tipo ausente del train,122_sin_seleccion,True,122,Autoencoder,True,0.092781,mscan,996,981,0.98494,6,df30cb2,2026-08-12T23:39:08
recall de marcado como ataque sobre los ataques de D2 de tipo ausente del train,122_sin_seleccion,True,122,Autoencoder,True,0.092781,named,17,14,0.823529,6,df30cb2,2026-08-12T23:39:08
recall de marcado como ataque sobre los ataques de D2 de tipo ausente del train,122_sin_seleccion,True,122,Autoencoder,True,0.092781,processtable,685,373,0.544526,6,df30cb2,2026-08-12T23:39:08
recall de marcado como ataque sobre los ataques de D2 de tipo ausente del train,122_sin_seleccion,True,122,Autoencoder,True,0.092781,ps,15,7,0.466667,6,df30cb2,2026-08-12T23:39:08
recall de marcado como ataque sobre los ataques de D2 de tipo ausente del train,122_sin_seleccion,True,122,Autoencoder,True,0.092781,saint,319,218,0.683386,6,df30cb2,2026-08-12T23:39:08
recall de marcado como ataque sobre los ataques de D2 de tipo ausente del train,122_sin_seleccion,True,122,Autoencoder,True,0.092781,sendmail,14,9,0.642857,6,df30cb2,2026-08-12T23:39:08
recall de marcado como ataque sobre los ataques de D2 de tipo ausente del train,122_sin_seleccion,True,122,Autoencoder,True,0.092781,snmpgetattack,178,0,0.0,6,df30cb2,2026-08-12T23:39:08
recall de marcado como ataque sobre los ataques de D2 de tipo ausente del train,122_sin_seleccion,True,122,Autoencoder,True,0.092781,snmpguess,331,4,0.012085,6,df30cb2,2026-08-12T23:39:08
recall de marcado como ataque sobre los ataques de D2 de tipo ausente del train,122_sin_seleccion,True,122,Autoencoder,True,0.092781,sqlattack,2,2,1.0,6,df30cb2,2026-08-12T23:39:08
recall de marcado como ataque sobre los ataques de D2 de tipo ausente del train,122_sin_seleccion,True,122,Autoencoder,True,0.092781,udpstorm,2,1,0.5,6,df30cb2,2026-08-12T23:39:08
recall de marcado como ataque sobre los ataques de D2 de tipo ausente del train,122_sin_seleccion,True,122,Autoencoder,True,0.092781,worm,2,0,0.0,6,df30cb2,2026-08-12T23:39:08
recall de marcado como ataque sobre los ataques de D2 de tipo ausente del train,122_sin_seleccion,True,122,Autoencoder,True,0.092781,xlock,9,6,0.666667,6,df30cb2,2026-08-12T23:39:08
recall de marcado como ataque sobre los ataques de D2 de tipo ausente del train,122_sin_seleccion,True,122,Autoencoder,True,0.092781,xsnoop,4,4,1.0,6,df30cb2,2026-08-12T23:39:08
recall de marcado como ataque sobre los ataques de D2 de tipo ausente del train,122_sin_seleccion,True,122,Autoencoder,True,0.092781,xterm,13,11,0.846154,6,df30cb2,2026-08-12T23:39:08
recall de marcado como ataque sobre los ataques de D2 de tipo ausente del train,122_sin_seleccion,True,122,Autoencoder,True,0.092781,__global__,3750,2501,0.666933,6,df30cb2,2026-08-12T23:39:08
recall de marcado como ataque sobre los ataques de D2 de tipo ausente del train,54,False,54,IsolationForest,False,0.099166,apache2,737,732,0.993216,7,df30cb2,2026-08-12T23:44:29
recall de marcado como ataque sobre los ataques de D2 de tipo ausente del train,54,False,54,IsolationForest,False,0.099166,httptunnel,133,112,0.842105,7,df30cb2,2026-08-12T23:44:29
recall de marcado como ataque sobre los ataques de D2 de tipo ausente del train,54,False,54,IsolationForest,False,0.099166,mailbomb,293,0,0.0,7,df30cb2,2026-08-12T23:44:29
recall de marcado como ataque sobre los ataques de D2 de tipo ausente del train,54,False,54,IsolationForest,False,0.099166,mscan,996,978,0.981928,7,df30cb2,2026-08-12T23:44:29
recall de marcado como ataque sobre los ataques de D2 de tipo ausente del train,54,False,54,IsolationForest,False,0.099166,named,17,8,0.470588,7,df30cb2,2026-08-12T23:44:29
recall de marcado como ataque sobre los ataques de D2 de tipo ausente del train,54,False,54,IsolationForest,False,0.099166,processtable,685,336,0.490511,7,df30cb2,2026-08-12T23:44:29
recall de marcado como ataque sobre los ataques de D2 de tipo ausente del train,54,False,54,IsolationForest,False,0.099166,ps,15,2,0.133333,7,df30cb2,2026-08-12T23:44:29
recall de marcado como ataque sobre los ataques de D2 de tipo ausente del train,54,False,54,IsolationForest,False,0.099166,saint,319,314,0.984326,7,df30cb2,2026-08-12T23:44:29
recall de marcado como ataque sobre los ataques de D2 de tipo ausente del train,54,False,54,IsolationForest,False,0.099166,sendmail,14,1,0.071429,7,df30cb2,2026-08-12T23:44:29
recall de marcado como ataque sobre los ataques de D2 de tipo ausente del train,54,False,54,IsolationForest,False,0.099166,snmpgetattack,178,25,0.140449,7,df30cb2,2026-08-12T23:44:29
recall de marcado como ataque sobre los ataques de D2 de tipo ausente del train,54,False,54,IsolationForest,False,0.099166,snmpguess,331,307,0.927492,7,df30cb2,2026-08-12T23:44:29
recall de marcado como ataque sobre los ataques de D2 de tipo ausente del train,54,False,54,IsolationForest,False,0.099166,sqlattack,2,2,1.0,7,df30cb2,2026-08-12T23:44:29
recall de marcado como ataque sobre los ataques de D2 de tipo ausente del train,54,False,54,IsolationForest,False,0.099166,udpstorm,2,2,1.0,7,df30cb2,2026-08-12T23:44:29
recall de marcado como ataque sobre los ataques de D2 de tipo ausente del train,54,False,54,IsolationForest,False,0.099166,worm,2,0,0.0,7,df30cb2,2026-08-12T23:44:29
recall de marcado como ataque sobre los ataques de D2 de tipo ausente del train,54,False,54,IsolationForest,False,0.099166,xlock,9,0,0.0,7,df30cb2,2026-08-12T23:44:29
recall de marcado como ataque sobre los ataques de D2 de tipo ausente del train,54,False,54,IsolationForest,False,0.099166,xsnoop,4,1,0.25,7,df30cb2,2026-08-12T23:44:29
recall de marcado como ataque sobre los ataques de D2 de tipo ausente del train,54,False,54,IsolationForest,False,0.099166,xterm,13,9,0.692308,7,df30cb2,2026-08-12T23:44:29
recall de marcado como ataque sobre los ataques de D2 de tipo ausente del train,54,False,54,IsolationForest,False,0.099166,__global__,3750,2829,0.7544,7,df30cb2,2026-08-12T23:44:29
recall de marcado como ataque sobre los ataques de D2 de tipo ausente del train,54,False,54,OneClassSVM,False,0.084646,apache2,737,721,0.97829,7,df30cb2,2026-08-12T23:44:29
recall de marcado como ataque sobre los ataques de D2 de tipo ausente del train,54,False,54,OneClassSVM,False,0.084646,httptunnel,133,112,0.842105,7,df30cb2,2026-08-12T23:44:29
recall de marcado como ataque sobre los ataques de D2 de tipo ausente del train,54,False,54,OneClassSVM,False,0.084646,mailbomb,293,6,0.020478,7,df30cb2,2026-08-12T23:44:29
recall de marcado como ataque sobre los ataques de D2 de tipo ausente del train,54,False,54,OneClassSVM,False,0.084646,mscan,996,838,0.841365,7,df30cb2,2026-08-12T23:44:29
recall de marcado como ataque sobre los ataques de D2 de tipo ausente del train,54,False,54,OneClassSVM,False,0.084646,named,17,3,0.176471,7,df30cb2,2026-08-12T23:44:29
recall de marcado como ataque sobre los ataques de D2 de tipo ausente del train,54,False,54,OneClassSVM,False,0.084646,processtable,685,53,0.077372,7,df30cb2,2026-08-12T23:44:29
recall de marcado como ataque sobre los ataques de D2 de tipo ausente del train,54,False,54,OneClassSVM,False,0.084646,ps,15,1,0.066667,7,df30cb2,2026-08-12T23:44:29
recall de marcado como ataque sobre los ataques de D2 de tipo ausente del train,54,False,54,OneClassSVM,False,0.084646,saint,319,310,0.971787,7,df30cb2,2026-08-12T23:44:29
recall de marcado como ataque sobre los ataques de D2 de tipo ausente del train,54,False,54,OneClassSVM,False,0.084646,sendmail,14,5,0.357143,7,df30cb2,2026-08-12T23:44:29
recall de marcado como ataque sobre los ataques de D2 de tipo ausente del train,54,False,54,OneClassSVM,False,0.084646,snmpgetattack,178,11,0.061798,7,df30cb2,2026-08-12T23:44:29
recall de marcado como ataque sobre los ataques de D2 de tipo ausente del train,54,False,54,OneClassSVM,False,0.084646,snmpguess,331,4,0.012085,7,df30cb2,2026-08-12T23:44:29
recall de marcado como ataque sobre los ataques de D2 de tipo ausente del train,54,False,54,OneClassSVM,False,0.084646,sqlattack,2,2,1.0,7,df30cb2,2026-08-12T23:44:29
recall de marcado como ataque sobre los ataques de D2 de tipo ausente del train,54,False,54,OneClassSVM,False,0.084646,udpstorm,2,0,0.0,7,df30cb2,2026-08-12T23:44:29
recall de marcado como ataque sobre los ataques de D2 de tipo ausente del train,54,False,54,OneClassSVM,False,0.084646,worm,2,0,0.0,7,df30cb2,2026-08-12T23:44:29
recall de marcado como ataque sobre los ataques de D2 de tipo ausente del train,54,False,54,OneClassSVM,False,0.084646,xlock,9,0,0.0,7,df30cb2,2026-08-12T23:44:29
recall de marcado como ataque sobre los ataques de D2 de tipo ausente del train,54,False,54,OneClassSVM,False,0.084646,xsnoop,4,2,0.5,7,df30cb2,2026-08-12T23:44:29
recall de marcado como ataque sobre los ataques de D2 de tipo ausente del train,54,False,54,OneClassSVM,False,0.084646,xterm,13,8,0.615385,7,df30cb2,2026-08-12T23:44:29
recall de marcado como ataque sobre los ataques de D2 de tipo ausente del train,54,False,54,OneClassSVM,False,0.084646,__global__,3750,2076,0.5536,7,df30cb2,2026-08-12T23:44:29
recall de marcado como ataque sobre los ataques de D2 de tipo ausente del train,54,False,54,LocalOutlierFactor,False,0.158377,apache2,737,512,0.694708,7,df30cb2,2026-08-12T23:44:29
recall de marcado como ataque sobre los ataques de D2 de tipo ausente del train,54,False,54,LocalOutlierFactor,False,0.158377,httptunnel,133,57,0.428571,7,df30cb2,2026-08-12T23:44:29
recall de marcado como ataque sobre los ataques de D2 de tipo ausente del train,54,False,54,LocalOutlierFactor,False,0.158377,mailbomb,293,217,0.740614,7,df30cb2,2026-08-12T23:44:29
recall de marcado como ataque sobre los ataques de D2 de tipo ausente del train,54,False,54,LocalOutlierFactor,False,0.158377,mscan,996,268,0.269076,7,df30cb2,2026-08-12T23:44:29
recall de marcado como ataque sobre los ataques de D2 de tipo ausente del train,54,False,54,LocalOutlierFactor,False,0.158377,named,17,10,0.588235,7,df30cb2,2026-08-12T23:44:29
recall de marcado como ataque sobre los ataques de D2 de tipo ausente del train,54,False,54,LocalOutlierFactor,False,0.158377,processtable,685,266,0.388321,7,df30cb2,2026-08-12T23:44:29
recall de marcado como ataque sobre los ataques de D2 de tipo ausente del train,54,False,54,LocalOutlierFactor,False,0.158377,ps,15,11,0.733333,7,df30cb2,2026-08-12T23:44:29
recall de marcado como ataque sobre los ataques de D2 de tipo ausente del train,54,False,54,LocalOutlierFactor,False,0.158377,saint,319,250,0.783699,7,df30cb2,2026-08-12T23:44:29
recall de marcado como ataque sobre los ataques de D2 de tipo ausente del train,54,False,54,LocalOutlierFactor,False,0.158377,sendmail,14,10,0.714286,7,df30cb2,2026-08-12T23:44:29
recall de marcado como ataque sobre los ataques de D2 de tipo ausente del train,54,False,54,LocalOutlierFactor,False,0.158377,snmpgetattack,178,10,0.05618,7,df30cb2,2026-08-12T23:44:29
recall de marcado como ataque sobre los ataques de D2 de tipo ausente del train,54,False,54,LocalOutlierFactor,False,0.158377,snmpguess,331,9,0.02719,7,df30cb2,2026-08-12T23:44:29
recall de marcado como ataque sobre los ataques de D2 de tipo ausente del train,54,False,54,LocalOutlierFactor,False,0.158377,sqlattack,2,2,1.0,7,df30cb2,2026-08-12T23:44:29
recall de marcado como ataque sobre los ataques de D2 de tipo ausente del train,54,False,54,LocalOutlierFactor,False,0.158377,udpstorm,2,0,0.0,7,df30cb2,2026-08-12T23:44:29
recall de marcado como ataque sobre los ataques de D2 de tipo ausente del train,54,False,54,LocalOutlierFactor,False,0.158377,worm,2,0,0.0,7,df30cb2,2026-08-12T23:44:29
recall de marcado como ataque sobre los ataques de D2 de tipo ausente del train,54,False,54,LocalOutlierFactor,False,0.158377,xlock,9,4,0.444444,7,df30cb2,2026-08-12T23:44:29
recall de marcado como ataque sobre los ataques de D2 de tipo ausente del train,54,False,54,LocalOutlierFactor,False,0.158377,xsnoop,4,3,0.75,7,df30cb2,2026-08-12T23:44:29
recall de marcado como ataque sobre los ataques de D2 de tipo ausente del train,54,False,54,LocalOutlierFactor,False,0.158377,xterm,13,9,0.692308,7,df30cb2,2026-08-12T23:44:29
recall de marcado como ataque sobre los ataques de D2 de tipo ausente del train,54,False,54,LocalOutlierFactor,False,0.158377,__global__,3750,1638,0.4368,7,df30cb2,2026-08-12T23:44:29
recall de marcado como ataque sobre los ataques de D2 de tipo ausente del train,54,False,54,Autoencoder,True,0.09412,apache2,737,715,0.970149,7,df30cb2,2026-08-12T23:44:29
recall de marcado como ataque sobre los ataques de D2 de tipo ausente del train,54,False,54,Autoencoder,True,0.09412,httptunnel,133,119,0.894737,7,df30cb2,2026-08-12T23:44:29
recall de marcado como ataque sobre los ataques de D2 de tipo ausente del train,54,False,54,Autoencoder,True,0.09412,mailbomb,293,0,0.0,7,df30cb2,2026-08-12T23:44:29
recall de marcado como ataque sobre los ataques de D2 de tipo ausente del train,54,False,54,Autoencoder,True,0.09412,mscan,996,993,0.996988,7,df30cb2,2026-08-12T23:44:29
recall de marcado como ataque sobre los ataques de D2 de tipo ausente del train,54,False,54,Autoencoder,True,0.09412,named,17,10,0.588235,7,df30cb2,2026-08-12T23:44:29
recall de marcado como ataque sobre los ataques de D2 de tipo ausente del train,54,False,54,Autoencoder,True,0.09412,processtable,685,685,1.0,7,df30cb2,2026-08-12T23:44:29
recall de marcado como ataque sobre los ataques de D2 de tipo ausente del train,54,False,54,Autoencoder,True,0.09412,ps,15,10,0.666667,7,df30cb2,2026-08-12T23:44:29
recall de marcado como ataque sobre los ataques de D2 de tipo ausente del train,54,False,54,Autoencoder,True,0.09412,saint,319,291,0.912226,7,df30cb2,2026-08-12T23:44:29
recall de marcado como ataque sobre los ataques de D2 de tipo ausente del train,54,False,54,Autoencoder,True,0.09412,sendmail,14,10,0.714286,7,df30cb2,2026-08-12T23:44:29
recall de marcado como ataque sobre los ataques de D2 de tipo ausente del train,54,False,54,Autoencoder,True,0.09412,snmpgetattack,178,6,0.033708,7,df30cb2,2026-08-12T23:44:29
recall de marcado como ataque sobre los ataques de D2 de tipo ausente del train,54,False,54,Autoencoder,True,0.09412,snmpguess,331,3,0.009063,7,df30cb2,2026-08-12T23:44:29
recall de marcado como ataque sobre los ataques de D2 de tipo ausente del train,54,False,54,Autoencoder,True,0.09412,sqlattack,2,2,1.0,7,df30cb2,2026-08-12T23:44:29
recall de marcado como ataque sobre los ataques de D2 de tipo ausente del train,54,False,54,Autoencoder,True,0.09412,udpstorm,2,1,0.5,7,df30cb2,2026-08-12T23:44:29
recall de marcado como ataque sobre los ataques de D2 de tipo ausente del train,54,False,54,Autoencoder,True,0.09412,worm,2,0,0.0,7,df30cb2,2026-08-12T23:44:29
recall de marcado como ataque sobre los ataques de D2 de tipo ausente del train,54,False,54,Autoencoder,True,0.09412,xlock,9,5,0.555556,7,df30cb2,2026-08-12T23:44:29
recall de marcado como ataque sobre los ataques de D2 de tipo ausente del train,54,False,54,Autoencoder,True,0.09412,xsnoop,4,3,0.75,7,df30cb2,2026-08-12T23:44:29
recall de marcado como ataque sobre los ataques de D2 de tipo ausente del train,54,False,54,Autoencoder,True,0.09412,xterm,13,10,0.769231,7,df30cb2,2026-08-12T23:44:29
recall de marcado como ataque sobre los ataques de D2 de tipo ausente del train,54,False,54,Autoencoder,True,0.09412,__global__,3750,2863,0.763467,7,df30cb2,2026-08-12T23:44:29
recall de marcado como ataque sobre los ataques de D2 de tipo ausente del train,122_sin_seleccion,True,122,IsolationForest,False,0.082278,apache2,737,734,0.995929,7,df30cb2,2026-08-12T23:53:09
recall de marcado como ataque sobre los ataques de D2 de tipo ausente del train,122_sin_seleccion,True,122,IsolationForest,False,0.082278,httptunnel,133,118,0.887218,7,df30cb2,2026-08-12T23:53:09
recall de marcado como ataque sobre los ataques de D2 de tipo ausente del train,122_sin_seleccion,True,122,IsolationForest,False,0.082278,mailbomb,293,1,0.003413,7,df30cb2,2026-08-12T23:53:09
recall de marcado como ataque sobre los ataques de D2 de tipo ausente del train,122_sin_seleccion,True,122,IsolationForest,False,0.082278,mscan,996,980,0.983936,7,df30cb2,2026-08-12T23:53:09
recall de marcado como ataque sobre los ataques de D2 de tipo ausente del train,122_sin_seleccion,True,122,IsolationForest,False,0.082278,named,17,6,0.352941,7,df30cb2,2026-08-12T23:53:09
recall de marcado como ataque sobre los ataques de D2 de tipo ausente del train,122_sin_seleccion,True,122,IsolationForest,False,0.082278,processtable,685,378,0.551825,7,df30cb2,2026-08-12T23:53:09
recall de marcado como ataque sobre los ataques de D2 de tipo ausente del train,122_sin_seleccion,True,122,IsolationForest,False,0.082278,ps,15,3,0.2,7,df30cb2,2026-08-12T23:53:09
recall de marcado como ataque sobre los ataques de D2 de tipo ausente del train,122_sin_seleccion,True,122,IsolationForest,False,0.082278,saint,319,312,0.978056,7,df30cb2,2026-08-12T23:53:09
recall de marcado como ataque sobre los ataques de D2 de tipo ausente del train,122_sin_seleccion,True,122,IsolationForest,False,0.082278,sendmail,14,2,0.142857,7,df30cb2,2026-08-12T23:53:09
recall de marcado como ataque sobre los ataques de D2 de tipo ausente del train,122_sin_seleccion,True,122,IsolationForest,False,0.082278,snmpgetattack,178,10,0.05618,7,df30cb2,2026-08-12T23:53:09
recall de marcado como ataque sobre los ataques de D2 de tipo ausente del train,122_sin_seleccion,True,122,IsolationForest,False,0.082278,snmpguess,331,4,0.012085,7,df30cb2,2026-08-12T23:53:09
recall de marcado como ataque sobre los ataques de D2 de tipo ausente del train,122_sin_seleccion,True,122,IsolationForest,False,0.082278,sqlattack,2,2,1.0,7,df30cb2,2026-08-12T23:53:09
recall de marcado como ataque sobre los ataques de D2 de tipo ausente del train,122_sin_seleccion,True,122,IsolationForest,False,0.082278,udpstorm,2,1,0.5,7,df30cb2,2026-08-12T23:53:09
recall de marcado como ataque sobre los ataques de D2 de tipo ausente del train,122_sin_seleccion,True,122,IsolationForest,False,0.082278,worm,2,0,0.0,7,df30cb2,2026-08-12T23:53:09
recall de marcado como ataque sobre los ataques de D2 de tipo ausente del train,122_sin_seleccion,True,122,IsolationForest,False,0.082278,xlock,9,4,0.444444,7,df30cb2,2026-08-12T23:53:09
recall de marcado como ataque sobre los ataques de D2 de tipo ausente del train,122_sin_seleccion,True,122,IsolationForest,False,0.082278,xsnoop,4,3,0.75,7,df30cb2,2026-08-12T23:53:09
recall de marcado como ataque sobre los ataques de D2 de tipo ausente del train,122_sin_seleccion,True,122,IsolationForest,False,0.082278,xterm,13,8,0.615385,7,df30cb2,2026-08-12T23:53:09
recall de marcado como ataque sobre los ataques de D2 de tipo ausente del train,122_sin_seleccion,True,122,IsolationForest,False,0.082278,__global__,3750,2566,0.684267,7,df30cb2,2026-08-12T23:53:09
recall de marcado como ataque sobre los ataques de D2 de tipo ausente del train,122_sin_seleccion,True,122,OneClassSVM,False,0.082484,apache2,737,726,0.985075,7,df30cb2,2026-08-12T23:53:09
recall de marcado como ataque sobre los ataques de D2 de tipo ausente del train,122_sin_seleccion,True,122,OneClassSVM,False,0.082484,httptunnel,133,112,0.842105,7,df30cb2,2026-08-12T23:53:09
recall de marcado como ataque sobre los ataques de D2 de tipo ausente del train,122_sin_seleccion,True,122,OneClassSVM,False,0.082484,mailbomb,293,0,0.0,7,df30cb2,2026-08-12T23:53:09
recall de marcado como ataque sobre los ataques de D2 de tipo ausente del train,122_sin_seleccion,True,122,OneClassSVM,False,0.082484,mscan,996,894,0.89759,7,df30cb2,2026-08-12T23:53:09
recall de marcado como ataque sobre los ataques de D2 de tipo ausente del train,122_sin_seleccion,True,122,OneClassSVM,False,0.082484,named,17,7,0.411765,7,df30cb2,2026-08-12T23:53:09
recall de marcado como ataque sobre los ataques de D2 de tipo ausente del train,122_sin_seleccion,True,122,OneClassSVM,False,0.082484,processtable,685,247,0.360584,7,df30cb2,2026-08-12T23:53:09
recall de marcado como ataque sobre los ataques de D2 de tipo ausente del train,122_sin_seleccion,True,122,OneClassSVM,False,0.082484,ps,15,3,0.2,7,df30cb2,2026-08-12T23:53:09
recall de marcado como ataque sobre los ataques de D2 de tipo ausente del train,122_sin_seleccion,True,122,OneClassSVM,False,0.082484,saint,319,311,0.974922,7,df30cb2,2026-08-12T23:53:09
recall de marcado como ataque sobre los ataques de D2 de tipo ausente del train,122_sin_seleccion,True,122,OneClassSVM,False,0.082484,sendmail,14,3,0.214286,7,df30cb2,2026-08-12T23:53:09
recall de marcado como ataque sobre los ataques de D2 de tipo ausente del train,122_sin_seleccion,True,122,OneClassSVM,False,0.082484,snmpgetattack,178,11,0.061798,7,df30cb2,2026-08-12T23:53:09
recall de marcado como ataque sobre los ataques de D2 de tipo ausente del train,122_sin_seleccion,True,122,OneClassSVM,False,0.082484,snmpguess,331,4,0.012085,7,df30cb2,2026-08-12T23:53:09
recall de marcado como ataque sobre los ataques de D2 de tipo ausente del train,122_sin_seleccion,True,122,OneClassSVM,False,0.082484,sqlattack,2,2,1.0,7,df30cb2,2026-08-12T23:53:09
recall de marcado como ataque sobre los ataques de D2 de tipo ausente del train,122_sin_seleccion,True,122,OneClassSVM,False,0.082484,udpstorm,2,1,0.5,7,df30cb2,2026-08-12T23:53:09
recall de marcado como ataque sobre los ataques de D2 de tipo ausente del train,122_sin_seleccion,True,122,OneClassSVM,False,0.082484,worm,2,0,0.0,7,df30cb2,2026-08-12T23:53:09
recall de marcado como ataque sobre los ataques de D2 de tipo ausente del train,122_sin_seleccion,True,122,OneClassSVM,False,0.082484,xlock,9,0,0.0,7,df30cb2,2026-08-12T23:53:09
recall de marcado como ataque sobre los ataques de D2 de tipo ausente del train,122_sin_seleccion,True,122,OneClassSVM,False,0.082484,xsnoop,4,3,0.75,7,df30cb2,2026-08-12T23:53:09
recall de marcado como ataque sobre los ataques de D2 de tipo ausente del train,122_sin_seleccion,True,122,OneClassSVM,False,0.082484,xterm,13,9,0.692308,7,df30cb2,2026-08-12T23:53:09
recall de marcado como ataque sobre los ataques de D2 de tipo ausente del train,122_sin_seleccion,True,122,OneClassSVM,False,0.082484,__global__,3750,2333,0.622133,7,df30cb2,2026-08-12T23:53:09
recall de marcado como ataque sobre los ataques de D2 de tipo ausente del train,122_sin_seleccion,True,122,LocalOutlierFactor,False,0.161466,apache2,737,144,0.195387,7,df30cb2,2026-08-12T23:53:09
recall de marcado como ataque sobre los ataques de D2 de tipo ausente del train,122_sin_seleccion,True,122,LocalOutlierFactor,False,0.161466,httptunnel,133,103,0.774436,7,df30cb2,2026-08-12T23:53:09
recall de marcado como ataque sobre los ataques de D2 de tipo ausente del train,122_sin_seleccion,True,122,LocalOutlierFactor,False,0.161466,mailbomb,293,212,0.723549,7,df30cb2,2026-08-12T23:53:09
recall de marcado como ataque sobre los ataques de D2 de tipo ausente del train,122_sin_seleccion,True,122,LocalOutlierFactor,False,0.161466,mscan,996,356,0.35743,7,df30cb2,2026-08-12T23:53:09
recall de marcado como ataque sobre los ataques de D2 de tipo ausente del train,122_sin_seleccion,True,122,LocalOutlierFactor,False,0.161466,named,17,8,0.470588,7,df30cb2,2026-08-12T23:53:09
recall de marcado como ataque sobre los ataques de D2 de tipo ausente del train,122_sin_seleccion,True,122,LocalOutlierFactor,False,0.161466,processtable,685,271,0.39562,7,df30cb2,2026-08-12T23:53:09
recall de marcado como ataque sobre los ataques de D2 de tipo ausente del train,122_sin_seleccion,True,122,LocalOutlierFactor,False,0.161466,ps,15,10,0.666667,7,df30cb2,2026-08-12T23:53:09
recall de marcado como ataque sobre los ataques de D2 de tipo ausente del train,122_sin_seleccion,True,122,LocalOutlierFactor,False,0.161466,saint,319,258,0.808777,7,df30cb2,2026-08-12T23:53:09
recall de marcado como ataque sobre los ataques de D2 de tipo ausente del train,122_sin_seleccion,True,122,LocalOutlierFactor,False,0.161466,sendmail,14,8,0.571429,7,df30cb2,2026-08-12T23:53:09
recall de marcado como ataque sobre los ataques de D2 de tipo ausente del train,122_sin_seleccion,True,122,LocalOutlierFactor,False,0.161466,snmpgetattack,178,9,0.050562,7,df30cb2,2026-08-12T23:53:09
recall de marcado como ataque sobre los ataques de D2 de tipo ausente del train,122_sin_seleccion,True,122,LocalOutlierFactor,False,0.161466,snmpguess,331,9,0.02719,7,df30cb2,2026-08-12T23:53:09
recall de marcado como ataque sobre los ataques de D2 de tipo ausente del train,122_sin_seleccion,True,122,LocalOutlierFactor,False,0.161466,sqlattack,2,2,1.0,7,df30cb2,2026-08-12T23:53:09
recall de marcado como ataque sobre los ataques de D2 de tipo ausente del train,122_sin_seleccion,True,122,LocalOutlierFactor,False,0.161466,udpstorm,2,1,0.5,7,df30cb2,2026-08-12T23:53:09
recall de marcado como ataque sobre los ataques de D2 de tipo ausente del train,122_sin_seleccion,True,122,LocalOutlierFactor,False,0.161466,worm,2,0,0.0,7,df30cb2,2026-08-12T23:53:09
recall de marcado como ataque sobre los ataques de D2 de tipo ausente del train,122_sin_seleccion,True,122,LocalOutlierFactor,False,0.161466,xlock,9,0,0.0,7,df30cb2,2026-08-12T23:53:09
recall de marcado como ataque sobre los ataques de D2 de tipo ausente del train,122_sin_seleccion,True,122,LocalOutlierFactor,False,0.161466,xsnoop,4,2,0.5,7,df30cb2,2026-08-12T23:53:09
recall de marcado como ataque sobre los ataques de D2 de tipo ausente del train,122_sin_seleccion,True,122,LocalOutlierFactor,False,0.161466,xterm,13,10,0.769231,7,df30cb2,2026-08-12T23:53:09
recall de marcado como ataque sobre los ataques de D2 de tipo ausente del train,122_sin_seleccion,True,122,LocalOutlierFactor,False,0.161466,__global__,3750,1403,0.374133,7,df30cb2,2026-08-12T23:53:09
recall de marcado como ataque sobre los ataques de D2 de tipo ausente del train,122_sin_seleccion,True,122,Autoencoder,True,0.08825,apache2,737,700,0.949796,7,df30cb2,2026-08-12T23:53:09
recall de marcado como ataque sobre los ataques de D2 de tipo ausente del train,122_sin_seleccion,True,122,Autoencoder,True,0.08825,httptunnel,133,132,0.992481,7,df30cb2,2026-08-12T23:53:09
recall de marcado como ataque sobre los ataques de D2 de tipo ausente del train,122_sin_seleccion,True,122,Autoencoder,True,0.08825,mailbomb,293,36,0.122867,7,df30cb2,2026-08-12T23:53:09
recall de marcado como ataque sobre los ataques de D2 de tipo ausente del train,122_sin_seleccion,True,122,Autoencoder,True,0.08825,mscan,996,992,0.995984,7,df30cb2,2026-08-12T23:53:09
recall de marcado como ataque sobre los ataques de D2 de tipo ausente del train,122_sin_seleccion,True,122,Autoencoder,True,0.08825,named,17,11,0.647059,7,df30cb2,2026-08-12T23:53:09
recall de marcado como ataque sobre los ataques de D2 de tipo ausente del train,122_sin_seleccion,True,122,Autoencoder,True,0.08825,processtable,685,685,1.0,7,df30cb2,2026-08-12T23:53:09
recall de marcado como ataque sobre los ataques de D2 de tipo ausente del train,122_sin_seleccion,True,122,Autoencoder,True,0.08825,ps,15,10,0.666667,7,df30cb2,2026-08-12T23:53:09
recall de marcado como ataque sobre los ataques de D2 de tipo ausente del train,122_sin_seleccion,True,122,Autoencoder,True,0.08825,saint,319,310,0.971787,7,df30cb2,2026-08-12T23:53:09
recall de marcado como ataque sobre los ataques de D2 de tipo ausente del train,122_sin_seleccion,True,122,Autoencoder,True,0.08825,sendmail,14,5,0.357143,7,df30cb2,2026-08-12T23:53:09
recall de marcado como ataque sobre los ataques de D2 de tipo ausente del train,122_sin_seleccion,True,122,Autoencoder,True,0.08825,snmpgetattack,178,3,0.016854,7,df30cb2,2026-08-12T23:53:09
recall de marcado como ataque sobre los ataques de D2 de tipo ausente del train,122_sin_seleccion,True,122,Autoencoder,True,0.08825,snmpguess,331,2,0.006042,7,df30cb2,2026-08-12T23:53:09
recall de marcado como ataque sobre los ataques de D2 de tipo ausente del train,122_sin_seleccion,True,122,Autoencoder,True,0.08825,sqlattack,2,2,1.0,7,df30cb2,2026-08-12T23:53:09
recall de marcado como ataque sobre los ataques de D2 de tipo ausente del train,122_sin_seleccion,True,122,Autoencoder,True,0.08825,udpstorm,2,2,1.0,7,df30cb2,2026-08-12T23:53:09
recall de marcado como ataque sobre los ataques de D2 de tipo ausente del train,122_sin_seleccion,True,122,Autoencoder,True,0.08825,worm,2,0,0.0,7,df30cb2,2026-08-12T23:53:09
recall de marcado como ataque sobre los ataques de D2 de tipo ausente del train,122_sin_seleccion,True,122,Autoencoder,True,0.08825,xlock,9,8,0.888889,7,df30cb2,2026-08-12T23:53:09
recall de marcado como ataque sobre los ataques de D2 de tipo ausente del train,122_sin_seleccion,True,122,Autoencoder,True,0.08825,xsnoop,4,4,1.0,7,df30cb2,2026-08-12T23:53:09
recall de marcado como ataque sobre los ataques de D2 de tipo ausente del train,122_sin_seleccion,True,122,Autoencoder,True,0.08825,xterm,13,10,0.769231,7,df30cb2,2026-08-12T23:53:09
recall de marcado como ataque sobre los ataques de D2 de tipo ausente del train,122_sin_seleccion,True,122,Autoencoder,True,0.08825,__global__,3750,2912,0.776533,7,df30cb2,2026-08-12T23:53:09
recall de marcado como ataque sobre los ataques de D2 de tipo ausente del train,54,False,54,IsolationForest,False,0.098548,apache2,737,734,0.995929,8,df30cb2,2026-08-12T23:59:04
recall de marcado como ataque sobre los ataques de D2 de tipo ausente del train,54,False,54,IsolationForest,False,0.098548,httptunnel,133,113,0.849624,8,df30cb2,2026-08-12T23:59:04
recall de marcado como ataque sobre los ataques de D2 de tipo ausente del train,54,False,54,IsolationForest,False,0.098548,mailbomb,293,5,0.017065,8,df30cb2,2026-08-12T23:59:04
recall de marcado como ataque sobre los ataques de D2 de tipo ausente del train,54,False,54,IsolationForest,False,0.098548,mscan,996,970,0.973896,8,df30cb2,2026-08-12T23:59:04
recall de marcado como ataque sobre los ataques de D2 de tipo ausente del train,54,False,54,IsolationForest,False,0.098548,named,17,7,0.411765,8,df30cb2,2026-08-12T23:59:04
recall de marcado como ataque sobre los ataques de D2 de tipo ausente del train,54,False,54,IsolationForest,False,0.098548,processtable,685,290,0.423358,8,df30cb2,2026-08-12T23:59:04
recall de marcado como ataque sobre los ataques de D2 de tipo ausente del train,54,False,54,IsolationForest,False,0.098548,ps,15,3,0.2,8,df30cb2,2026-08-12T23:59:04
recall de marcado como ataque sobre los ataques de D2 de tipo ausente del train,54,False,54,IsolationForest,False,0.098548,saint,319,316,0.990596,8,df30cb2,2026-08-12T23:59:04
recall de marcado como ataque sobre los ataques de D2 de tipo ausente del train,54,False,54,IsolationForest,False,0.098548,sendmail,14,2,0.142857,8,df30cb2,2026-08-12T23:59:04
recall de marcado como ataque sobre los ataques de D2 de tipo ausente del train,54,False,54,IsolationForest,False,0.098548,snmpgetattack,178,26,0.146067,8,df30cb2,2026-08-12T23:59:04
recall de marcado como ataque sobre los ataques de D2 de tipo ausente del train,54,False,54,IsolationForest,False,0.098548,snmpguess,331,140,0.422961,8,df30cb2,2026-08-12T23:59:04
recall de marcado como ataque sobre los ataques de D2 de tipo ausente del train,54,False,54,IsolationForest,False,0.098548,sqlattack,2,2,1.0,8,df30cb2,2026-08-12T23:59:04
recall de marcado como ataque sobre los ataques de D2 de tipo ausente del train,54,False,54,IsolationForest,False,0.098548,udpstorm,2,2,1.0,8,df30cb2,2026-08-12T23:59:04
recall de marcado como ataque sobre los ataques de D2 de tipo ausente del train,54,False,54,IsolationForest,False,0.098548,worm,2,0,0.0,8,df30cb2,2026-08-12T23:59:04
recall de marcado como ataque sobre los ataques de D2 de tipo ausente del train,54,False,54,IsolationForest,False,0.098548,xlock,9,2,0.222222,8,df30cb2,2026-08-12T23:59:04
recall de marcado como ataque sobre los ataques de D2 de tipo ausente del train,54,False,54,IsolationForest,False,0.098548,xsnoop,4,1,0.25,8,df30cb2,2026-08-12T23:59:04
recall de marcado como ataque sobre los ataques de D2 de tipo ausente del train,54,False,54,IsolationForest,False,0.098548,xterm,13,8,0.615385,8,df30cb2,2026-08-12T23:59:04
recall de marcado como ataque sobre los ataques de D2 de tipo ausente del train,54,False,54,IsolationForest,False,0.098548,__global__,3750,2621,0.698933,8,df30cb2,2026-08-12T23:59:04
recall de marcado como ataque sobre los ataques de D2 de tipo ausente del train,54,False,54,OneClassSVM,False,0.082278,apache2,737,663,0.899593,8,df30cb2,2026-08-12T23:59:04
recall de marcado como ataque sobre los ataques de D2 de tipo ausente del train,54,False,54,OneClassSVM,False,0.082278,httptunnel,133,112,0.842105,8,df30cb2,2026-08-12T23:59:04
recall de marcado como ataque sobre los ataques de D2 de tipo ausente del train,54,False,54,OneClassSVM,False,0.082278,mailbomb,293,2,0.006826,8,df30cb2,2026-08-12T23:59:04
recall de marcado como ataque sobre los ataques de D2 de tipo ausente del train,54,False,54,OneClassSVM,False,0.082278,mscan,996,832,0.835341,8,df30cb2,2026-08-12T23:59:04
recall de marcado como ataque sobre los ataques de D2 de tipo ausente del train,54,False,54,OneClassSVM,False,0.082278,named,17,3,0.176471,8,df30cb2,2026-08-12T23:59:05
recall de marcado como ataque sobre los ataques de D2 de tipo ausente del train,54,False,54,OneClassSVM,False,0.082278,processtable,685,50,0.072993,8,df30cb2,2026-08-12T23:59:05
recall de marcado como ataque sobre los ataques de D2 de tipo ausente del train,54,False,54,OneClassSVM,False,0.082278,ps,15,1,0.066667,8,df30cb2,2026-08-12T23:59:05
recall de marcado como ataque sobre los ataques de D2 de tipo ausente del train,54,False,54,OneClassSVM,False,0.082278,saint,319,310,0.971787,8,df30cb2,2026-08-12T23:59:05
recall de marcado como ataque sobre los ataques de D2 de tipo ausente del train,54,False,54,OneClassSVM,False,0.082278,sendmail,14,5,0.357143,8,df30cb2,2026-08-12T23:59:05
recall de marcado como ataque sobre los ataques de D2 de tipo ausente del train,54,False,54,OneClassSVM,False,0.082278,snmpgetattack,178,11,0.061798,8,df30cb2,2026-08-12T23:59:05
recall de marcado como ataque sobre los ataques de D2 de tipo ausente del train,54,False,54,OneClassSVM,False,0.082278,snmpguess,331,4,0.012085,8,df30cb2,2026-08-12T23:59:05
recall de marcado como ataque sobre los ataques de D2 de tipo ausente del train,54,False,54,OneClassSVM,False,0.082278,sqlattack,2,2,1.0,8,df30cb2,2026-08-12T23:59:05
recall de marcado como ataque sobre los ataques de D2 de tipo ausente del train,54,False,54,OneClassSVM,False,0.082278,udpstorm,2,0,0.0,8,df30cb2,2026-08-12T23:59:05
recall de marcado como ataque sobre los ataques de D2 de tipo ausente del train,54,False,54,OneClassSVM,False,0.082278,worm,2,0,0.0,8,df30cb2,2026-08-12T23:59:05
recall de marcado como ataque sobre los ataques de D2 de tipo ausente del train,54,False,54,OneClassSVM,False,0.082278,xlock,9,0,0.0,8,df30cb2,2026-08-12T23:59:05
recall de marcado como ataque sobre los ataques de D2 de tipo ausente del train,54,False,54,OneClassSVM,False,0.082278,xsnoop,4,2,0.5,8,df30cb2,2026-08-12T23:59:05
recall de marcado como ataque sobre los ataques de D2 de tipo ausente del train,54,False,54,OneClassSVM,False,0.082278,xterm,13,8,0.615385,8,df30cb2,2026-08-12T23:59:05
recall de marcado como ataque sobre los ataques de D2 de tipo ausente del train,54,False,54,OneClassSVM,False,0.082278,__global__,3750,2005,0.534667,8,df30cb2,2026-08-12T23:59:05
recall de marcado como ataque sobre los ataques de D2 de tipo ausente del train,54,False,54,LocalOutlierFactor,False,0.158068,apache2,737,513,0.696065,8,df30cb2,2026-08-12T23:59:05
recall de marcado como ataque sobre los ataques de D2 de tipo ausente del train,54,False,54,LocalOutlierFactor,False,0.158068,httptunnel,133,36,0.270677,8,df30cb2,2026-08-12T23:59:05
recall de marcado como ataque sobre los ataques de D2 de tipo ausente del train,54,False,54,LocalOutlierFactor,False,0.158068,mailbomb,293,242,0.825939,8,df30cb2,2026-08-12T23:59:05
recall de marcado como ataque sobre los ataques de D2 de tipo ausente del train,54,False,54,LocalOutlierFactor,False,0.158068,mscan,996,317,0.318273,8,df30cb2,2026-08-12T23:59:05
recall de marcado como ataque sobre los ataques de D2 de tipo ausente del train,54,False,54,LocalOutlierFactor,False,0.158068,named,17,9,0.529412,8,df30cb2,2026-08-12T23:59:05
recall de marcado como ataque sobre los ataques de D2 de tipo ausente del train,54,False,54,LocalOutlierFactor,False,0.158068,processtable,685,225,0.328467,8,df30cb2,2026-08-12T23:59:05
recall de marcado como ataque sobre los ataques de D2 de tipo ausente del train,54,False,54,LocalOutlierFactor,False,0.158068,ps,15,11,0.733333,8,df30cb2,2026-08-12T23:59:05
recall de marcado como ataque sobre los ataques de D2 de tipo ausente del train,54,False,54,LocalOutlierFactor,False,0.158068,saint,319,128,0.401254,8,df30cb2,2026-08-12T23:59:05
recall de marcado como ataque sobre los ataques de D2 de tipo ausente del train,54,False,54,LocalOutlierFactor,False,0.158068,sendmail,14,10,0.714286,8,df30cb2,2026-08-12T23:59:05
recall de marcado como ataque sobre los ataques de D2 de tipo ausente del train,54,False,54,LocalOutlierFactor,False,0.158068,snmpgetattack,178,10,0.05618,8,df30cb2,2026-08-12T23:59:05
recall de marcado como ataque sobre los ataques de D2 de tipo ausente del train,54,False,54,LocalOutlierFactor,False,0.158068,snmpguess,331,9,0.02719,8,df30cb2,2026-08-12T23:59:05
recall de marcado como ataque sobre los ataques de D2 de tipo ausente del train,54,False,54,LocalOutlierFactor,False,0.158068,sqlattack,2,2,1.0,8,df30cb2,2026-08-12T23:59:05
recall de marcado como ataque sobre los ataques de D2 de tipo ausente del train,54,False,54,LocalOutlierFactor,False,0.158068,udpstorm,2,0,0.0,8,df30cb2,2026-08-12T23:59:05
recall de marcado como ataque sobre los ataques de D2 de tipo ausente del train,54,False,54,LocalOutlierFactor,False,0.158068,worm,2,0,0.0,8,df30cb2,2026-08-12T23:59:05
recall de marcado como ataque sobre los ataques de D2 de tipo ausente del train,54,False,54,LocalOutlierFactor,False,0.158068,xlock,9,5,0.555556,8,df30cb2,2026-08-12T23:59:05
recall de marcado como ataque sobre los ataques de D2 de tipo ausente del train,54,False,54,LocalOutlierFactor,False,0.158068,xsnoop,4,3,0.75,8,df30cb2,2026-08-12T23:59:05
recall de marcado como ataque sobre los ataques de D2 de tipo ausente del train,54,False,54,LocalOutlierFactor,False,0.158068,xterm,13,10,0.769231,8,df30cb2,2026-08-12T23:59:05
recall de marcado como ataque sobre los ataques de D2 de tipo ausente del train,54,False,54,LocalOutlierFactor,False,0.158068,__global__,3750,1530,0.408,8,df30cb2,2026-08-12T23:59:05
recall de marcado como ataque sobre los ataques de D2 de tipo ausente del train,54,False,54,Autoencoder,True,0.095356,apache2,737,702,0.95251,8,df30cb2,2026-08-12T23:59:05
recall de marcado como ataque sobre los ataques de D2 de tipo ausente del train,54,False,54,Autoencoder,True,0.095356,httptunnel,133,132,0.992481,8,df30cb2,2026-08-12T23:59:05
recall de marcado como ataque sobre los ataques de D2 de tipo ausente del train,54,False,54,Autoencoder,True,0.095356,mailbomb,293,0,0.0,8,df30cb2,2026-08-12T23:59:05
recall de marcado como ataque sobre los ataques de D2 de tipo ausente del train,54,False,54,Autoencoder,True,0.095356,mscan,996,996,1.0,8,df30cb2,2026-08-12T23:59:05
recall de marcado como ataque sobre los ataques de D2 de tipo ausente del train,54,False,54,Autoencoder,True,0.095356,named,17,14,0.823529,8,df30cb2,2026-08-12T23:59:05
recall de marcado como ataque sobre los ataques de D2 de tipo ausente del train,54,False,54,Autoencoder,True,0.095356,processtable,685,685,1.0,8,df30cb2,2026-08-12T23:59:05
recall de marcado como ataque sobre los ataques de D2 de tipo ausente del train,54,False,54,Autoencoder,True,0.095356,ps,15,10,0.666667,8,df30cb2,2026-08-12T23:59:05
recall de marcado como ataque sobre los ataques de D2 de tipo ausente del train,54,False,54,Autoencoder,True,0.095356,saint,319,316,0.990596,8,df30cb2,2026-08-12T23:59:05
recall de marcado como ataque sobre los ataques de D2 de tipo ausente del train,54,False,54,Autoencoder,True,0.095356,sendmail,14,5,0.357143,8,df30cb2,2026-08-12T23:59:05
recall de marcado como ataque sobre los ataques de D2 de tipo ausente del train,54,False,54,Autoencoder,True,0.095356,snmpgetattack,178,0,0.0,8,df30cb2,2026-08-12T23:59:05
recall de marcado como ataque sobre los ataques de D2 de tipo ausente del train,54,False,54,Autoencoder,True,0.095356,snmpguess,331,4,0.012085,8,df30cb2,2026-08-12T23:59:05
recall de marcado como ataque sobre los ataques de D2 de tipo ausente del train,54,False,54,Autoencoder,True,0.095356,sqlattack,2,2,1.0,8,df30cb2,2026-08-12T23:59:05
recall de marcado como ataque sobre los ataques de D2 de tipo ausente del train,54,False,54,Autoencoder,True,0.095356,udpstorm,2,1,0.5,8,df30cb2,2026-08-12T23:59:05
recall de marcado como ataque sobre los ataques de D2 de tipo ausente del train,54,False,54,Autoencoder,True,0.095356,worm,2,0,0.0,8,df30cb2,2026-08-12T23:59:05
recall de marcado como ataque sobre los ataques de D2 de tipo ausente del train,54,False,54,Autoencoder,True,0.095356,xlock,9,8,0.888889,8,df30cb2,2026-08-12T23:59:05
recall de marcado como ataque sobre los ataques de D2 de tipo ausente del train,54,False,54,Autoencoder,True,0.095356,xsnoop,4,4,1.0,8,df30cb2,2026-08-12T23:59:05
recall de marcado como ataque sobre los ataques de D2 de tipo ausente del train,54,False,54,Autoencoder,True,0.095356,xterm,13,10,0.769231,8,df30cb2,2026-08-12T23:59:05
recall de marcado como ataque sobre los ataques de D2 de tipo ausente del train,54,False,54,Autoencoder,True,0.095356,__global__,3750,2889,0.7704,8,df30cb2,2026-08-12T23:59:05
recall de marcado como ataque sobre los ataques de D2 de tipo ausente del train,122_sin_seleccion,True,122,IsolationForest,False,0.08753,apache2,737,734,0.995929,8,df30cb2,2026-08-13T00:08:04
recall de marcado como ataque sobre los ataques de D2 de tipo ausente del train,122_sin_seleccion,True,122,IsolationForest,False,0.08753,httptunnel,133,116,0.87218,8,df30cb2,2026-08-13T00:08:04
recall de marcado como ataque sobre los ataques de D2 de tipo ausente del train,122_sin_seleccion,True,122,IsolationForest,False,0.08753,mailbomb,293,0,0.0,8,df30cb2,2026-08-13T00:08:04
recall de marcado como ataque sobre los ataques de D2 de tipo ausente del train,122_sin_seleccion,True,122,IsolationForest,False,0.08753,mscan,996,975,0.978916,8,df30cb2,2026-08-13T00:08:04
recall de marcado como ataque sobre los ataques de D2 de tipo ausente del train,122_sin_seleccion,True,122,IsolationForest,False,0.08753,named,17,6,0.352941,8,df30cb2,2026-08-13T00:08:04
recall de marcado como ataque sobre los ataques de D2 de tipo ausente del train,122_sin_seleccion,True,122,IsolationForest,False,0.08753,processtable,685,374,0.545985,8,df30cb2,2026-08-13T00:08:04
recall de marcado como ataque sobre los ataques de D2 de tipo ausente del train,122_sin_seleccion,True,122,IsolationForest,False,0.08753,ps,15,2,0.133333,8,df30cb2,2026-08-13T00:08:04
recall de marcado como ataque sobre los ataques de D2 de tipo ausente del train,122_sin_seleccion,True,122,IsolationForest,False,0.08753,saint,319,312,0.978056,8,df30cb2,2026-08-13T00:08:04
recall de marcado como ataque sobre los ataques de D2 de tipo ausente del train,122_sin_seleccion,True,122,IsolationForest,False,0.08753,sendmail,14,2,0.142857,8,df30cb2,2026-08-13T00:08:04
recall de marcado como ataque sobre los ataques de D2 de tipo ausente del train,122_sin_seleccion,True,122,IsolationForest,False,0.08753,snmpgetattack,178,6,0.033708,8,df30cb2,2026-08-13T00:08:04
recall de marcado como ataque sobre los ataques de D2 de tipo ausente del train,122_sin_seleccion,True,122,IsolationForest,False,0.08753,snmpguess,331,8,0.024169,8,df30cb2,2026-08-13T00:08:04
recall de marcado como ataque sobre los ataques de D2 de tipo ausente del train,122_sin_seleccion,True,122,IsolationForest,False,0.08753,sqlattack,2,2,1.0,8,df30cb2,2026-08-13T00:08:04
recall de marcado como ataque sobre los ataques de D2 de tipo ausente del train,122_sin_seleccion,True,122,IsolationForest,False,0.08753,udpstorm,2,2,1.0,8,df30cb2,2026-08-13T00:08:04
recall de marcado como ataque sobre los ataques de D2 de tipo ausente del train,122_sin_seleccion,True,122,IsolationForest,False,0.08753,worm,2,0,0.0,8,df30cb2,2026-08-13T00:08:04
recall de marcado como ataque sobre los ataques de D2 de tipo ausente del train,122_sin_seleccion,True,122,IsolationForest,False,0.08753,xlock,9,4,0.444444,8,df30cb2,2026-08-13T00:08:04
recall de marcado como ataque sobre los ataques de D2 de tipo ausente del train,122_sin_seleccion,True,122,IsolationForest,False,0.08753,xsnoop,4,3,0.75,8,df30cb2,2026-08-13T00:08:04
recall de marcado como ataque sobre los ataques de D2 de tipo ausente del train,122_sin_seleccion,True,122,IsolationForest,False,0.08753,xterm,13,8,0.615385,8,df30cb2,2026-08-13T00:08:04
recall de marcado como ataque sobre los ataques de D2 de tipo ausente del train,122_sin_seleccion,True,122,IsolationForest,False,0.08753,__global__,3750,2554,0.681067,8,df30cb2,2026-08-13T00:08:04
recall de marcado como ataque sobre los ataques de D2 de tipo ausente del train,122_sin_seleccion,True,122,OneClassSVM,False,0.082381,apache2,737,725,0.983718,8,df30cb2,2026-08-13T00:08:04
recall de marcado como ataque sobre los ataques de D2 de tipo ausente del train,122_sin_seleccion,True,122,OneClassSVM,False,0.082381,httptunnel,133,112,0.842105,8,df30cb2,2026-08-13T00:08:04
recall de marcado como ataque sobre los ataques de D2 de tipo ausente del train,122_sin_seleccion,True,122,OneClassSVM,False,0.082381,mailbomb,293,0,0.0,8,df30cb2,2026-08-13T00:08:04
recall de marcado como ataque sobre los ataques de D2 de tipo ausente del train,122_sin_seleccion,True,122,OneClassSVM,False,0.082381,mscan,996,893,0.896586,8,df30cb2,2026-08-13T00:08:04
recall de marcado como ataque sobre los ataques de D2 de tipo ausente del train,122_sin_seleccion,True,122,OneClassSVM,False,0.082381,named,17,7,0.411765,8,df30cb2,2026-08-13T00:08:04
recall de marcado como ataque sobre los ataques de D2 de tipo ausente del train,122_sin_seleccion,True,122,OneClassSVM,False,0.082381,processtable,685,247,0.360584,8,df30cb2,2026-08-13T00:08:04
recall de marcado como ataque sobre los ataques de D2 de tipo ausente del train,122_sin_seleccion,True,122,OneClassSVM,False,0.082381,ps,15,3,0.2,8,df30cb2,2026-08-13T00:08:04
recall de marcado como ataque sobre los ataques de D2 de tipo ausente del train,122_sin_seleccion,True,122,OneClassSVM,False,0.082381,saint,319,311,0.974922,8,df30cb2,2026-08-13T00:08:04
recall de marcado como ataque sobre los ataques de D2 de tipo ausente del train,122_sin_seleccion,True,122,OneClassSVM,False,0.082381,sendmail,14,3,0.214286,8,df30cb2,2026-08-13T00:08:04
recall de marcado como ataque sobre los ataques de D2 de tipo ausente del train,122_sin_seleccion,True,122,OneClassSVM,False,0.082381,snmpgetattack,178,11,0.061798,8,df30cb2,2026-08-13T00:08:04
recall de marcado como ataque sobre los ataques de D2 de tipo ausente del train,122_sin_seleccion,True,122,OneClassSVM,False,0.082381,snmpguess,331,4,0.012085,8,df30cb2,2026-08-13T00:08:04
recall de marcado como ataque sobre los ataques de D2 de tipo ausente del train,122_sin_seleccion,True,122,OneClassSVM,False,0.082381,sqlattack,2,2,1.0,8,df30cb2,2026-08-13T00:08:04
recall de marcado como ataque sobre los ataques de D2 de tipo ausente del train,122_sin_seleccion,True,122,OneClassSVM,False,0.082381,udpstorm,2,1,0.5,8,df30cb2,2026-08-13T00:08:04
recall de marcado como ataque sobre los ataques de D2 de tipo ausente del train,122_sin_seleccion,True,122,OneClassSVM,False,0.082381,worm,2,0,0.0,8,df30cb2,2026-08-13T00:08:04
recall de marcado como ataque sobre los ataques de D2 de tipo ausente del train,122_sin_seleccion,True,122,OneClassSVM,False,0.082381,xlock,9,0,0.0,8,df30cb2,2026-08-13T00:08:04
recall de marcado como ataque sobre los ataques de D2 de tipo ausente del train,122_sin_seleccion,True,122,OneClassSVM,False,0.082381,xsnoop,4,3,0.75,8,df30cb2,2026-08-13T00:08:04
recall de marcado como ataque sobre los ataques de D2 de tipo ausente del train,122_sin_seleccion,True,122,OneClassSVM,False,0.082381,xterm,13,9,0.692308,8,df30cb2,2026-08-13T00:08:04
recall de marcado como ataque sobre los ataques de D2 de tipo ausente del train,122_sin_seleccion,True,122,OneClassSVM,False,0.082381,__global__,3750,2331,0.6216,8,df30cb2,2026-08-13T00:08:04
recall de marcado como ataque sobre los ataques de D2 de tipo ausente del train,122_sin_seleccion,True,122,LocalOutlierFactor,False,0.16126,apache2,737,184,0.249661,8,df30cb2,2026-08-13T00:08:04
recall de marcado como ataque sobre los ataques de D2 de tipo ausente del train,122_sin_seleccion,True,122,LocalOutlierFactor,False,0.16126,httptunnel,133,62,0.466165,8,df30cb2,2026-08-13T00:08:04
recall de marcado como ataque sobre los ataques de D2 de tipo ausente del train,122_sin_seleccion,True,122,LocalOutlierFactor,False,0.16126,mailbomb,293,225,0.767918,8,df30cb2,2026-08-13T00:08:04
recall de marcado como ataque sobre los ataques de D2 de tipo ausente del train,122_sin_seleccion,True,122,LocalOutlierFactor,False,0.16126,mscan,996,333,0.334337,8,df30cb2,2026-08-13T00:08:04
recall de marcado como ataque sobre los ataques de D2 de tipo ausente del train,122_sin_seleccion,True,122,LocalOutlierFactor,False,0.16126,named,17,9,0.529412,8,df30cb2,2026-08-13T00:08:04
recall de marcado como ataque sobre los ataques de D2 de tipo ausente del train,122_sin_seleccion,True,122,LocalOutlierFactor,False,0.16126,processtable,685,219,0.319708,8,df30cb2,2026-08-13T00:08:04
recall de marcado como ataque sobre los ataques de D2 de tipo ausente del train,122_sin_seleccion,True,122,LocalOutlierFactor,False,0.16126,ps,15,10,0.666667,8,df30cb2,2026-08-13T00:08:04
recall de marcado como ataque sobre los ataques de D2 de tipo ausente del train,122_sin_seleccion,True,122,LocalOutlierFactor,False,0.16126,saint,319,254,0.796238,8,df30cb2,2026-08-13T00:08:04
recall de marcado como ataque sobre los ataques de D2 de tipo ausente del train,122_sin_seleccion,True,122,LocalOutlierFactor,False,0.16126,sendmail,14,10,0.714286,8,df30cb2,2026-08-13T00:08:04
recall de marcado como ataque sobre los ataques de D2 de tipo ausente del train,122_sin_seleccion,True,122,LocalOutlierFactor,False,0.16126,snmpgetattack,178,9,0.050562,8,df30cb2,2026-08-13T00:08:04
recall de marcado como ataque sobre los ataques de D2 de tipo ausente del train,122_sin_seleccion,True,122,LocalOutlierFactor,False,0.16126,snmpguess,331,9,0.02719,8,df30cb2,2026-08-13T00:08:04
recall de marcado como ataque sobre los ataques de D2 de tipo ausente del train,122_sin_seleccion,True,122,LocalOutlierFactor,False,0.16126,sqlattack,2,2,1.0,8,df30cb2,2026-08-13T00:08:04
recall de marcado como ataque sobre los ataques de D2 de tipo ausente del train,122_sin_seleccion,True,122,LocalOutlierFactor,False,0.16126,udpstorm,2,1,0.5,8,df30cb2,2026-08-13T00:08:04
recall de marcado como ataque sobre los ataques de D2 de tipo ausente del train,122_sin_seleccion,True,122,LocalOutlierFactor,False,0.16126,worm,2,0,0.0,8,df30cb2,2026-08-13T00:08:04
recall de marcado como ataque sobre los ataques de D2 de tipo ausente del train,122_sin_seleccion,True,122,LocalOutlierFactor,False,0.16126,xlock,9,0,0.0,8,df30cb2,2026-08-13T00:08:04
recall de marcado como ataque sobre los ataques de D2 de tipo ausente del train,122_sin_seleccion,True,122,LocalOutlierFactor,False,0.16126,xsnoop,4,2,0.5,8,df30cb2,2026-08-13T00:08:04
recall de marcado como ataque sobre los ataques de D2 de tipo ausente del train,122_sin_seleccion,True,122,LocalOutlierFactor,False,0.16126,xterm,13,10,0.769231,8,df30cb2,2026-08-13T00:08:04
recall de marcado como ataque sobre los ataques de D2 de tipo ausente del train,122_sin_seleccion,True,122,LocalOutlierFactor,False,0.16126,__global__,3750,1339,0.357067,8,df30cb2,2026-08-13T00:08:04
recall de marcado como ataque sobre los ataques de D2 de tipo ausente del train,122_sin_seleccion,True,122,Autoencoder,True,0.083925,apache2,737,735,0.997286,8,df30cb2,2026-08-13T00:08:04
recall de marcado como ataque sobre los ataques de D2 de tipo ausente del train,122_sin_seleccion,True,122,Autoencoder,True,0.083925,httptunnel,133,132,0.992481,8,df30cb2,2026-08-13T00:08:04
recall de marcado como ataque sobre los ataques de D2 de tipo ausente del train,122_sin_seleccion,True,122,Autoencoder,True,0.083925,mailbomb,293,0,0.0,8,df30cb2,2026-08-13T00:08:04
recall de marcado como ataque sobre los ataques de D2 de tipo ausente del train,122_sin_seleccion,True,122,Autoencoder,True,0.083925,mscan,996,995,0.998996,8,df30cb2,2026-08-13T00:08:04
recall de marcado como ataque sobre los ataques de D2 de tipo ausente del train,122_sin_seleccion,True,122,Autoencoder,True,0.083925,named,17,14,0.823529,8,df30cb2,2026-08-13T00:08:04
recall de marcado como ataque sobre los ataques de D2 de tipo ausente del train,122_sin_seleccion,True,122,Autoencoder,True,0.083925,processtable,685,397,0.579562,8,df30cb2,2026-08-13T00:08:04
recall de marcado como ataque sobre los ataques de D2 de tipo ausente del train,122_sin_seleccion,True,122,Autoencoder,True,0.083925,ps,15,7,0.466667,8,df30cb2,2026-08-13T00:08:04
recall de marcado como ataque sobre los ataques de D2 de tipo ausente del train,122_sin_seleccion,True,122,Autoencoder,True,0.083925,saint,319,311,0.974922,8,df30cb2,2026-08-13T00:08:04
recall de marcado como ataque sobre los ataques de D2 de tipo ausente del train,122_sin_seleccion,True,122,Autoencoder,True,0.083925,sendmail,14,9,0.642857,8,df30cb2,2026-08-13T00:08:04
recall de marcado como ataque sobre los ataques de D2 de tipo ausente del train,122_sin_seleccion,True,122,Autoencoder,True,0.083925,snmpgetattack,178,0,0.0,8,df30cb2,2026-08-13T00:08:04
recall de marcado como ataque sobre los ataques de D2 de tipo ausente del train,122_sin_seleccion,True,122,Autoencoder,True,0.083925,snmpguess,331,1,0.003021,8,df30cb2,2026-08-13T00:08:04
recall de marcado como ataque sobre los ataques de D2 de tipo ausente del train,122_sin_seleccion,True,122,Autoencoder,True,0.083925,sqlattack,2,2,1.0,8,df30cb2,2026-08-13T00:08:04
recall de marcado como ataque sobre los ataques de D2 de tipo ausente del train,122_sin_seleccion,True,122,Autoencoder,True,0.083925,udpstorm,2,1,0.5,8,df30cb2,2026-08-13T00:08:04
recall de marcado como ataque sobre los ataques de D2 de tipo ausente del train,122_sin_seleccion,True,122,Autoencoder,True,0.083925,worm,2,0,0.0,8,df30cb2,2026-08-13T00:08:04
recall de marcado como ataque sobre los ataques de D2 de tipo ausente del train,122_sin_seleccion,True,122,Autoencoder,True,0.083925,xlock,9,6,0.666667,8,df30cb2,2026-08-13T00:08:04
recall de marcado como ataque sobre los ataques de D2 de tipo ausente del train,122_sin_seleccion,True,122,Autoencoder,True,0.083925,xsnoop,4,4,1.0,8,df30cb2,2026-08-13T00:08:04
recall de marcado como ataque sobre los ataques de D2 de tipo ausente del train,122_sin_seleccion,True,122,Autoencoder,True,0.083925,xterm,13,11,0.846154,8,df30cb2,2026-08-13T00:08:04
recall de marcado como ataque sobre los ataques de D2 de tipo ausente del train,122_sin_seleccion,True,122,Autoencoder,True,0.083925,__global__,3750,2625,0.7,8,df30cb2,2026-08-13T00:08:04
recall de marcado como ataque sobre los ataques de D2 de tipo ausente del train,54,False,54,IsolationForest,False,0.101843,apache2,737,733,0.994573,9,df30cb2,2026-08-13T00:13:37
recall de marcado como ataque sobre los ataques de D2 de tipo ausente del train,54,False,54,IsolationForest,False,0.101843,httptunnel,133,112,0.842105,9,df30cb2,2026-08-13T00:13:37
recall de marcado como ataque sobre los ataques de D2 de tipo ausente del train,54,False,54,IsolationForest,False,0.101843,mailbomb,293,0,0.0,9,df30cb2,2026-08-13T00:13:37
recall de marcado como ataque sobre los ataques de D2 de tipo ausente del train,54,False,54,IsolationForest,False,0.101843,mscan,996,975,0.978916,9,df30cb2,2026-08-13T00:13:37
recall de marcado como ataque sobre los ataques de D2 de tipo ausente del train,54,False,54,IsolationForest,False,0.101843,named,17,6,0.352941,9,df30cb2,2026-08-13T00:13:37
recall de marcado como ataque sobre los ataques de D2 de tipo ausente del train,54,False,54,IsolationForest,False,0.101843,processtable,685,391,0.570803,9,df30cb2,2026-08-13T00:13:37
recall de marcado como ataque sobre los ataques de D2 de tipo ausente del train,54,False,54,IsolationForest,False,0.101843,ps,15,3,0.2,9,df30cb2,2026-08-13T00:13:37
recall de marcado como ataque sobre los ataques de D2 de tipo ausente del train,54,False,54,IsolationForest,False,0.101843,saint,319,314,0.984326,9,df30cb2,2026-08-13T00:13:37
recall de marcado como ataque sobre los ataques de D2 de tipo ausente del train,54,False,54,IsolationForest,False,0.101843,sendmail,14,3,0.214286,9,df30cb2,2026-08-13T00:13:37
recall de marcado como ataque sobre los ataques de D2 de tipo ausente del train,54,False,54,IsolationForest,False,0.101843,snmpgetattack,178,28,0.157303,9,df30cb2,2026-08-13T00:13:37
recall de marcado como ataque sobre los ataques de D2 de tipo ausente del train,54,False,54,IsolationForest,False,0.101843,snmpguess,331,254,0.767372,9,df30cb2,2026-08-13T00:13:37
recall de marcado como ataque sobre los ataques de D2 de tipo ausente del train,54,False,54,IsolationForest,False,0.101843,sqlattack,2,2,1.0,9,df30cb2,2026-08-13T00:13:37
recall de marcado como ataque sobre los ataques de D2 de tipo ausente del train,54,False,54,IsolationForest,False,0.101843,udpstorm,2,2,1.0,9,df30cb2,2026-08-13T00:13:37
recall de marcado como ataque sobre los ataques de D2 de tipo ausente del train,54,False,54,IsolationForest,False,0.101843,worm,2,0,0.0,9,df30cb2,2026-08-13T00:13:37
recall de marcado como ataque sobre los ataques de D2 de tipo ausente del train,54,False,54,IsolationForest,False,0.101843,xlock,9,0,0.0,9,df30cb2,2026-08-13T00:13:37
recall de marcado como ataque sobre los ataques de D2 de tipo ausente del train,54,False,54,IsolationForest,False,0.101843,xsnoop,4,2,0.5,9,df30cb2,2026-08-13T00:13:37
recall de marcado como ataque sobre los ataques de D2 de tipo ausente del train,54,False,54,IsolationForest,False,0.101843,xterm,13,9,0.692308,9,df30cb2,2026-08-13T00:13:37
recall de marcado como ataque sobre los ataques de D2 de tipo ausente del train,54,False,54,IsolationForest,False,0.101843,__global__,3750,2834,0.755733,9,df30cb2,2026-08-13T00:13:37
recall de marcado como ataque sobre los ataques de D2 de tipo ausente del train,54,False,54,OneClassSVM,False,0.083308,apache2,737,721,0.97829,9,df30cb2,2026-08-13T00:13:37
recall de marcado como ataque sobre los ataques de D2 de tipo ausente del train,54,False,54,OneClassSVM,False,0.083308,httptunnel,133,112,0.842105,9,df30cb2,2026-08-13T00:13:37
recall de marcado como ataque sobre los ataques de D2 de tipo ausente del train,54,False,54,OneClassSVM,False,0.083308,mailbomb,293,0,0.0,9,df30cb2,2026-08-13T00:13:37
recall de marcado como ataque sobre los ataques de D2 de tipo ausente del train,54,False,54,OneClassSVM,False,0.083308,mscan,996,776,0.779116,9,df30cb2,2026-08-13T00:13:37
recall de marcado como ataque sobre los ataques de D2 de tipo ausente del train,54,False,54,OneClassSVM,False,0.083308,named,17,3,0.176471,9,df30cb2,2026-08-13T00:13:37
recall de marcado como ataque sobre los ataques de D2 de tipo ausente del train,54,False,54,OneClassSVM,False,0.083308,processtable,685,23,0.033577,9,df30cb2,2026-08-13T00:13:37
recall de marcado como ataque sobre los ataques de D2 de tipo ausente del train,54,False,54,OneClassSVM,False,0.083308,ps,15,0,0.0,9,df30cb2,2026-08-13T00:13:37
recall de marcado como ataque sobre los ataques de D2 de tipo ausente del train,54,False,54,OneClassSVM,False,0.083308,saint,319,310,0.971787,9,df30cb2,2026-08-13T00:13:37
recall de marcado como ataque sobre los ataques de D2 de tipo ausente del train,54,False,54,OneClassSVM,False,0.083308,sendmail,14,4,0.285714,9,df30cb2,2026-08-13T00:13:37
recall de marcado como ataque sobre los ataques de D2 de tipo ausente del train,54,False,54,OneClassSVM,False,0.083308,snmpgetattack,178,11,0.061798,9,df30cb2,2026-08-13T00:13:37
recall de marcado como ataque sobre los ataques de D2 de tipo ausente del train,54,False,54,OneClassSVM,False,0.083308,snmpguess,331,4,0.012085,9,df30cb2,2026-08-13T00:13:37
recall de marcado como ataque sobre los ataques de D2 de tipo ausente del train,54,False,54,OneClassSVM,False,0.083308,sqlattack,2,2,1.0,9,df30cb2,2026-08-13T00:13:37
recall de marcado como ataque sobre los ataques de D2 de tipo ausente del train,54,False,54,OneClassSVM,False,0.083308,udpstorm,2,0,0.0,9,df30cb2,2026-08-13T00:13:37
recall de marcado como ataque sobre los ataques de D2 de tipo ausente del train,54,False,54,OneClassSVM,False,0.083308,worm,2,0,0.0,9,df30cb2,2026-08-13T00:13:37
recall de marcado como ataque sobre los ataques de D2 de tipo ausente del train,54,False,54,OneClassSVM,False,0.083308,xlock,9,0,0.0,9,df30cb2,2026-08-13T00:13:37
recall de marcado como ataque sobre los ataques de D2 de tipo ausente del train,54,False,54,OneClassSVM,False,0.083308,xsnoop,4,2,0.5,9,df30cb2,2026-08-13T00:13:37
recall de marcado como ataque sobre los ataques de D2 de tipo ausente del train,54,False,54,OneClassSVM,False,0.083308,xterm,13,8,0.615385,9,df30cb2,2026-08-13T00:13:37
recall de marcado como ataque sobre los ataques de D2 de tipo ausente del train,54,False,54,OneClassSVM,False,0.083308,__global__,3750,1976,0.526933,9,df30cb2,2026-08-13T00:13:37
recall de marcado como ataque sobre los ataques de D2 de tipo ausente del train,54,False,54,LocalOutlierFactor,False,0.161157,apache2,737,532,0.721845,9,df30cb2,2026-08-13T00:13:37
recall de marcado como ataque sobre los ataques de D2 de tipo ausente del train,54,False,54,LocalOutlierFactor,False,0.161157,httptunnel,133,36,0.270677,9,df30cb2,2026-08-13T00:13:37
recall de marcado como ataque sobre los ataques de D2 de tipo ausente del train,54,False,54,LocalOutlierFactor,False,0.161157,mailbomb,293,248,0.846416,9,df30cb2,2026-08-13T00:13:37
recall de marcado como ataque sobre los ataques de D2 de tipo ausente del train,54,False,54,LocalOutlierFactor,False,0.161157,mscan,996,305,0.306225,9,df30cb2,2026-08-13T00:13:37
recall de marcado como ataque sobre los ataques de D2 de tipo ausente del train,54,False,54,LocalOutlierFactor,False,0.161157,named,17,8,0.470588,9,df30cb2,2026-08-13T00:13:37
recall de marcado como ataque sobre los ataques de D2 de tipo ausente del train,54,False,54,LocalOutlierFactor,False,0.161157,processtable,685,262,0.382482,9,df30cb2,2026-08-13T00:13:37
recall de marcado como ataque sobre los ataques de D2 de tipo ausente del train,54,False,54,LocalOutlierFactor,False,0.161157,ps,15,10,0.666667,9,df30cb2,2026-08-13T00:13:37
recall de marcado como ataque sobre los ataques de D2 de tipo ausente del train,54,False,54,LocalOutlierFactor,False,0.161157,saint,319,130,0.407524,9,df30cb2,2026-08-13T00:13:37
recall de marcado como ataque sobre los ataques de D2 de tipo ausente del train,54,False,54,LocalOutlierFactor,False,0.161157,sendmail,14,10,0.714286,9,df30cb2,2026-08-13T00:13:37
recall de marcado como ataque sobre los ataques de D2 de tipo ausente del train,54,False,54,LocalOutlierFactor,False,0.161157,snmpgetattack,178,11,0.061798,9,df30cb2,2026-08-13T00:13:37
recall de marcado como ataque sobre los ataques de D2 de tipo ausente del train,54,False,54,LocalOutlierFactor,False,0.161157,snmpguess,331,10,0.030211,9,df30cb2,2026-08-13T00:13:37
recall de marcado como ataque sobre los ataques de D2 de tipo ausente del train,54,False,54,LocalOutlierFactor,False,0.161157,sqlattack,2,2,1.0,9,df30cb2,2026-08-13T00:13:37
recall de marcado como ataque sobre los ataques de D2 de tipo ausente del train,54,False,54,LocalOutlierFactor,False,0.161157,udpstorm,2,0,0.0,9,df30cb2,2026-08-13T00:13:37
recall de marcado como ataque sobre los ataques de D2 de tipo ausente del train,54,False,54,LocalOutlierFactor,False,0.161157,worm,2,0,0.0,9,df30cb2,2026-08-13T00:13:37
recall de marcado como ataque sobre los ataques de D2 de tipo ausente del train,54,False,54,LocalOutlierFactor,False,0.161157,xlock,9,3,0.333333,9,df30cb2,2026-08-13T00:13:37
recall de marcado como ataque sobre los ataques de D2 de tipo ausente del train,54,False,54,LocalOutlierFactor,False,0.161157,xsnoop,4,2,0.5,9,df30cb2,2026-08-13T00:13:37
recall de marcado como ataque sobre los ataques de D2 de tipo ausente del train,54,False,54,LocalOutlierFactor,False,0.161157,xterm,13,10,0.769231,9,df30cb2,2026-08-13T00:13:37
recall de marcado como ataque sobre los ataques de D2 de tipo ausente del train,54,False,54,LocalOutlierFactor,False,0.161157,__global__,3750,1579,0.421067,9,df30cb2,2026-08-13T00:13:37
recall de marcado como ataque sobre los ataques de D2 de tipo ausente del train,54,False,54,Autoencoder,True,0.095562,apache2,737,700,0.949796,9,df30cb2,2026-08-13T00:13:37
recall de marcado como ataque sobre los ataques de D2 de tipo ausente del train,54,False,54,Autoencoder,True,0.095562,httptunnel,133,116,0.87218,9,df30cb2,2026-08-13T00:13:37
recall de marcado como ataque sobre los ataques de D2 de tipo ausente del train,54,False,54,Autoencoder,True,0.095562,mailbomb,293,0,0.0,9,df30cb2,2026-08-13T00:13:37
recall de marcado como ataque sobre los ataques de D2 de tipo ausente del train,54,False,54,Autoencoder,True,0.095562,mscan,996,973,0.976908,9,df30cb2,2026-08-13T00:13:37
recall de marcado como ataque sobre los ataques de D2 de tipo ausente del train,54,False,54,Autoencoder,True,0.095562,named,17,6,0.352941,9,df30cb2,2026-08-13T00:13:37
recall de marcado como ataque sobre los ataques de D2 de tipo ausente del train,54,False,54,Autoencoder,True,0.095562,processtable,685,685,1.0,9,df30cb2,2026-08-13T00:13:37
recall de marcado como ataque sobre los ataques de D2 de tipo ausente del train,54,False,54,Autoencoder,True,0.095562,ps,15,11,0.733333,9,df30cb2,2026-08-13T00:13:37
recall de marcado como ataque sobre los ataques de D2 de tipo ausente del train,54,False,54,Autoencoder,True,0.095562,saint,319,308,0.965517,9,df30cb2,2026-08-13T00:13:37
recall de marcado como ataque sobre los ataques de D2 de tipo ausente del train,54,False,54,Autoencoder,True,0.095562,sendmail,14,11,0.785714,9,df30cb2,2026-08-13T00:13:37
recall de marcado como ataque sobre los ataques de D2 de tipo ausente del train,54,False,54,Autoencoder,True,0.095562,snmpgetattack,178,0,0.0,9,df30cb2,2026-08-13T00:13:37
recall de marcado como ataque sobre los ataques de D2 de tipo ausente del train,54,False,54,Autoencoder,True,0.095562,snmpguess,331,6,0.018127,9,df30cb2,2026-08-13T00:13:37
recall de marcado como ataque sobre los ataques de D2 de tipo ausente del train,54,False,54,Autoencoder,True,0.095562,sqlattack,2,2,1.0,9,df30cb2,2026-08-13T00:13:37
recall de marcado como ataque sobre los ataques de D2 de tipo ausente del train,54,False,54,Autoencoder,True,0.095562,udpstorm,2,0,0.0,9,df30cb2,2026-08-13T00:13:37
recall de marcado como ataque sobre los ataques de D2 de tipo ausente del train,54,False,54,Autoencoder,True,0.095562,worm,2,2,1.0,9,df30cb2,2026-08-13T00:13:37
recall de marcado como ataque sobre los ataques de D2 de tipo ausente del train,54,False,54,Autoencoder,True,0.095562,xlock,9,4,0.444444,9,df30cb2,2026-08-13T00:13:37
recall de marcado como ataque sobre los ataques de D2 de tipo ausente del train,54,False,54,Autoencoder,True,0.095562,xsnoop,4,3,0.75,9,df30cb2,2026-08-13T00:13:37
recall de marcado como ataque sobre los ataques de D2 de tipo ausente del train,54,False,54,Autoencoder,True,0.095562,xterm,13,10,0.769231,9,df30cb2,2026-08-13T00:13:37
recall de marcado como ataque sobre los ataques de D2 de tipo ausente del train,54,False,54,Autoencoder,True,0.095562,__global__,3750,2837,0.756533,9,df30cb2,2026-08-13T00:13:37
recall de marcado como ataque sobre los ataques de D2 de tipo ausente del train,122_sin_seleccion,True,122,IsolationForest,False,0.088147,apache2,737,734,0.995929,9,df30cb2,2026-08-13T00:21:56
recall de marcado como ataque sobre los ataques de D2 de tipo ausente del train,122_sin_seleccion,True,122,IsolationForest,False,0.088147,httptunnel,133,116,0.87218,9,df30cb2,2026-08-13T00:21:56
recall de marcado como ataque sobre los ataques de D2 de tipo ausente del train,122_sin_seleccion,True,122,IsolationForest,False,0.088147,mailbomb,293,0,0.0,9,df30cb2,2026-08-13T00:21:56
recall de marcado como ataque sobre los ataques de D2 de tipo ausente del train,122_sin_seleccion,True,122,IsolationForest,False,0.088147,mscan,996,980,0.983936,9,df30cb2,2026-08-13T00:21:56
recall de marcado como ataque sobre los ataques de D2 de tipo ausente del train,122_sin_seleccion,True,122,IsolationForest,False,0.088147,named,17,7,0.411765,9,df30cb2,2026-08-13T00:21:56
recall de marcado como ataque sobre los ataques de D2 de tipo ausente del train,122_sin_seleccion,True,122,IsolationForest,False,0.088147,processtable,685,523,0.763504,9,df30cb2,2026-08-13T00:21:56
recall de marcado como ataque sobre los ataques de D2 de tipo ausente del train,122_sin_seleccion,True,122,IsolationForest,False,0.088147,ps,15,3,0.2,9,df30cb2,2026-08-13T00:21:56
recall de marcado como ataque sobre los ataques de D2 de tipo ausente del train,122_sin_seleccion,True,122,IsolationForest,False,0.088147,saint,319,313,0.981191,9,df30cb2,2026-08-13T00:21:56
recall de marcado como ataque sobre los ataques de D2 de tipo ausente del train,122_sin_seleccion,True,122,IsolationForest,False,0.088147,sendmail,14,1,0.071429,9,df30cb2,2026-08-13T00:21:56
recall de marcado como ataque sobre los ataques de D2 de tipo ausente del train,122_sin_seleccion,True,122,IsolationForest,False,0.088147,snmpgetattack,178,9,0.050562,9,df30cb2,2026-08-13T00:21:56
recall de marcado como ataque sobre los ataques de D2 de tipo ausente del train,122_sin_seleccion,True,122,IsolationForest,False,0.088147,snmpguess,331,11,0.033233,9,df30cb2,2026-08-13T00:21:56
recall de marcado como ataque sobre los ataques de D2 de tipo ausente del train,122_sin_seleccion,True,122,IsolationForest,False,0.088147,sqlattack,2,2,1.0,9,df30cb2,2026-08-13T00:21:56
recall de marcado como ataque sobre los ataques de D2 de tipo ausente del train,122_sin_seleccion,True,122,IsolationForest,False,0.088147,udpstorm,2,2,1.0,9,df30cb2,2026-08-13T00:21:56
recall de marcado como ataque sobre los ataques de D2 de tipo ausente del train,122_sin_seleccion,True,122,IsolationForest,False,0.088147,worm,2,0,0.0,9,df30cb2,2026-08-13T00:21:56
recall de marcado como ataque sobre los ataques de D2 de tipo ausente del train,122_sin_seleccion,True,122,IsolationForest,False,0.088147,xlock,9,4,0.444444,9,df30cb2,2026-08-13T00:21:56
recall de marcado como ataque sobre los ataques de D2 de tipo ausente del train,122_sin_seleccion,True,122,IsolationForest,False,0.088147,xsnoop,4,3,0.75,9,df30cb2,2026-08-13T00:21:56
recall de marcado como ataque sobre los ataques de D2 de tipo ausente del train,122_sin_seleccion,True,122,IsolationForest,False,0.088147,xterm,13,9,0.692308,9,df30cb2,2026-08-13T00:21:56
recall de marcado como ataque sobre los ataques de D2 de tipo ausente del train,122_sin_seleccion,True,122,IsolationForest,False,0.088147,__global__,3750,2717,0.724533,9,df30cb2,2026-08-13T00:21:56
recall de marcado como ataque sobre los ataques de D2 de tipo ausente del train,122_sin_seleccion,True,122,OneClassSVM,False,0.081866,apache2,737,718,0.97422,9,df30cb2,2026-08-13T00:21:56
recall de marcado como ataque sobre los ataques de D2 de tipo ausente del train,122_sin_seleccion,True,122,OneClassSVM,False,0.081866,httptunnel,133,112,0.842105,9,df30cb2,2026-08-13T00:21:56
recall de marcado como ataque sobre los ataques de D2 de tipo ausente del train,122_sin_seleccion,True,122,OneClassSVM,False,0.081866,mailbomb,293,0,0.0,9,df30cb2,2026-08-13T00:21:56
recall de marcado como ataque sobre los ataques de D2 de tipo ausente del train,122_sin_seleccion,True,122,OneClassSVM,False,0.081866,mscan,996,887,0.890562,9,df30cb2,2026-08-13T00:21:56
recall de marcado como ataque sobre los ataques de D2 de tipo ausente del train,122_sin_seleccion,True,122,OneClassSVM,False,0.081866,named,17,7,0.411765,9,df30cb2,2026-08-13T00:21:56
recall de marcado como ataque sobre los ataques de D2 de tipo ausente del train,122_sin_seleccion,True,122,OneClassSVM,False,0.081866,processtable,685,246,0.359124,9,df30cb2,2026-08-13T00:21:56
recall de marcado como ataque sobre los ataques de D2 de tipo ausente del train,122_sin_seleccion,True,122,OneClassSVM,False,0.081866,ps,15,3,0.2,9,df30cb2,2026-08-13T00:21:56
recall de marcado como ataque sobre los ataques de D2 de tipo ausente del train,122_sin_seleccion,True,122,OneClassSVM,False,0.081866,saint,319,311,0.974922,9,df30cb2,2026-08-13T00:21:56
recall de marcado como ataque sobre los ataques de D2 de tipo ausente del train,122_sin_seleccion,True,122,OneClassSVM,False,0.081866,sendmail,14,3,0.214286,9,df30cb2,2026-08-13T00:21:56
recall de marcado como ataque sobre los ataques de D2 de tipo ausente del train,122_sin_seleccion,True,122,OneClassSVM,False,0.081866,snmpgetattack,178,11,0.061798,9,df30cb2,2026-08-13T00:21:56
recall de marcado como ataque sobre los ataques de D2 de tipo ausente del train,122_sin_seleccion,True,122,OneClassSVM,False,0.081866,snmpguess,331,4,0.012085,9,df30cb2,2026-08-13T00:21:56
recall de marcado como ataque sobre los ataques de D2 de tipo ausente del train,122_sin_seleccion,True,122,OneClassSVM,False,0.081866,sqlattack,2,2,1.0,9,df30cb2,2026-08-13T00:21:56
recall de marcado como ataque sobre los ataques de D2 de tipo ausente del train,122_sin_seleccion,True,122,OneClassSVM,False,0.081866,udpstorm,2,1,0.5,9,df30cb2,2026-08-13T00:21:56
recall de marcado como ataque sobre los ataques de D2 de tipo ausente del train,122_sin_seleccion,True,122,OneClassSVM,False,0.081866,worm,2,0,0.0,9,df30cb2,2026-08-13T00:21:56
recall de marcado como ataque sobre los ataques de D2 de tipo ausente del train,122_sin_seleccion,True,122,OneClassSVM,False,0.081866,xlock,9,0,0.0,9,df30cb2,2026-08-13T00:21:56
recall de marcado como ataque sobre los ataques de D2 de tipo ausente del train,122_sin_seleccion,True,122,OneClassSVM,False,0.081866,xsnoop,4,3,0.75,9,df30cb2,2026-08-13T00:21:56
recall de marcado como ataque sobre los ataques de D2 de tipo ausente del train,122_sin_seleccion,True,122,OneClassSVM,False,0.081866,xterm,13,9,0.692308,9,df30cb2,2026-08-13T00:21:56
recall de marcado como ataque sobre los ataques de D2 de tipo ausente del train,122_sin_seleccion,True,122,OneClassSVM,False,0.081866,__global__,3750,2317,0.617867,9,df30cb2,2026-08-13T00:21:56
recall de marcado como ataque sobre los ataques de D2 de tipo ausente del train,122_sin_seleccion,True,122,LocalOutlierFactor,False,0.158686,apache2,737,163,0.221167,9,df30cb2,2026-08-13T00:21:56
recall de marcado como ataque sobre los ataques de D2 de tipo ausente del train,122_sin_seleccion,True,122,LocalOutlierFactor,False,0.158686,httptunnel,133,55,0.413534,9,df30cb2,2026-08-13T00:21:56
recall de marcado como ataque sobre los ataques de D2 de tipo ausente del train,122_sin_seleccion,True,122,LocalOutlierFactor,False,0.158686,mailbomb,293,228,0.778157,9,df30cb2,2026-08-13T00:21:56
recall de marcado como ataque sobre los ataques de D2 de tipo ausente del train,122_sin_seleccion,True,122,LocalOutlierFactor,False,0.158686,mscan,996,356,0.35743,9,df30cb2,2026-08-13T00:21:56
recall de marcado como ataque sobre los ataques de D2 de tipo ausente del train,122_sin_seleccion,True,122,LocalOutlierFactor,False,0.158686,named,17,8,0.470588,9,df30cb2,2026-08-13T00:21:56
recall de marcado como ataque sobre los ataques de D2 de tipo ausente del train,122_sin_seleccion,True,122,LocalOutlierFactor,False,0.158686,processtable,685,224,0.327007,9,df30cb2,2026-08-13T00:21:56
recall de marcado como ataque sobre los ataques de D2 de tipo ausente del train,122_sin_seleccion,True,122,LocalOutlierFactor,False,0.158686,ps,15,9,0.6,9,df30cb2,2026-08-13T00:21:56
recall de marcado como ataque sobre los ataques de D2 de tipo ausente del train,122_sin_seleccion,True,122,LocalOutlierFactor,False,0.158686,saint,319,254,0.796238,9,df30cb2,2026-08-13T00:21:56
recall de marcado como ataque sobre los ataques de D2 de tipo ausente del train,122_sin_seleccion,True,122,LocalOutlierFactor,False,0.158686,sendmail,14,10,0.714286,9,df30cb2,2026-08-13T00:21:56
recall de marcado como ataque sobre los ataques de D2 de tipo ausente del train,122_sin_seleccion,True,122,LocalOutlierFactor,False,0.158686,snmpgetattack,178,9,0.050562,9,df30cb2,2026-08-13T00:21:56
recall de marcado como ataque sobre los ataques de D2 de tipo ausente del train,122_sin_seleccion,True,122,LocalOutlierFactor,False,0.158686,snmpguess,331,10,0.030211,9,df30cb2,2026-08-13T00:21:56
recall de marcado como ataque sobre los ataques de D2 de tipo ausente del train,122_sin_seleccion,True,122,LocalOutlierFactor,False,0.158686,sqlattack,2,2,1.0,9,df30cb2,2026-08-13T00:21:56
recall de marcado como ataque sobre los ataques de D2 de tipo ausente del train,122_sin_seleccion,True,122,LocalOutlierFactor,False,0.158686,udpstorm,2,1,0.5,9,df30cb2,2026-08-13T00:21:56
recall de marcado como ataque sobre los ataques de D2 de tipo ausente del train,122_sin_seleccion,True,122,LocalOutlierFactor,False,0.158686,worm,2,0,0.0,9,df30cb2,2026-08-13T00:21:56
recall de marcado como ataque sobre los ataques de D2 de tipo ausente del train,122_sin_seleccion,True,122,LocalOutlierFactor,False,0.158686,xlock,9,0,0.0,9,df30cb2,2026-08-13T00:21:56
recall de marcado como ataque sobre los ataques de D2 de tipo ausente del train,122_sin_seleccion,True,122,LocalOutlierFactor,False,0.158686,xsnoop,4,2,0.5,9,df30cb2,2026-08-13T00:21:56
recall de marcado como ataque sobre los ataques de D2 de tipo ausente del train,122_sin_seleccion,True,122,LocalOutlierFactor,False,0.158686,xterm,13,9,0.692308,9,df30cb2,2026-08-13T00:21:56
recall de marcado como ataque sobre los ataques de D2 de tipo ausente del train,122_sin_seleccion,True,122,LocalOutlierFactor,False,0.158686,__global__,3750,1340,0.357333,9,df30cb2,2026-08-13T00:21:56
recall de marcado como ataque sobre los ataques de D2 de tipo ausente del train,122_sin_seleccion,True,122,Autoencoder,True,0.093399,apache2,737,735,0.997286,9,df30cb2,2026-08-13T00:21:56
recall de marcado como ataque sobre los ataques de D2 de tipo ausente del train,122_sin_seleccion,True,122,Autoencoder,True,0.093399,httptunnel,133,130,0.977444,9,df30cb2,2026-08-13T00:21:56
recall de marcado como ataque sobre los ataques de D2 de tipo ausente del train,122_sin_seleccion,True,122,Autoencoder,True,0.093399,mailbomb,293,55,0.187713,9,df30cb2,2026-08-13T00:21:56
recall de marcado como ataque sobre los ataques de D2 de tipo ausente del train,122_sin_seleccion,True,122,Autoencoder,True,0.093399,mscan,996,996,1.0,9,df30cb2,2026-08-13T00:21:56
recall de marcado como ataque sobre los ataques de D2 de tipo ausente del train,122_sin_seleccion,True,122,Autoencoder,True,0.093399,named,17,12,0.705882,9,df30cb2,2026-08-13T00:21:56
recall de marcado como ataque sobre los ataques de D2 de tipo ausente del train,122_sin_seleccion,True,122,Autoencoder,True,0.093399,processtable,685,324,0.472993,9,df30cb2,2026-08-13T00:21:56
recall de marcado como ataque sobre los ataques de D2 de tipo ausente del train,122_sin_seleccion,True,122,Autoencoder,True,0.093399,ps,15,10,0.666667,9,df30cb2,2026-08-13T00:21:56
recall de marcado como ataque sobre los ataques de D2 de tipo ausente del train,122_sin_seleccion,True,122,Autoencoder,True,0.093399,saint,319,312,0.978056,9,df30cb2,2026-08-13T00:21:56
recall de marcado como ataque sobre los ataques de D2 de tipo ausente del train,122_sin_seleccion,True,122,Autoencoder,True,0.093399,sendmail,14,9,0.642857,9,df30cb2,2026-08-13T00:21:56
recall de marcado como ataque sobre los ataques de D2 de tipo ausente del train,122_sin_seleccion,True,122,Autoencoder,True,0.093399,snmpgetattack,178,0,0.0,9,df30cb2,2026-08-13T00:21:56
recall de marcado como ataque sobre los ataques de D2 de tipo ausente del train,122_sin_seleccion,True,122,Autoencoder,True,0.093399,snmpguess,331,2,0.006042,9,df30cb2,2026-08-13T00:21:56
recall de marcado como ataque sobre los ataques de D2 de tipo ausente del train,122_sin_seleccion,True,122,Autoencoder,True,0.093399,sqlattack,2,2,1.0,9,df30cb2,2026-08-13T00:21:56
recall de marcado como ataque sobre los ataques de D2 de tipo ausente del train,122_sin_seleccion,True,122,Autoencoder,True,0.093399,udpstorm,2,1,0.5,9,df30cb2,2026-08-13T00:21:56
recall de marcado como ataque sobre los ataques de D2 de tipo ausente del train,122_sin_seleccion,True,122,Autoencoder,True,0.093399,worm,2,0,0.0,9,df30cb2,2026-08-13T00:21:56
recall de marcado como ataque sobre los ataques de D2 de tipo ausente del train,122_sin_seleccion,True,122,Autoencoder,True,0.093399,xlock,9,7,0.777778,9,df30cb2,2026-08-13T00:21:56
recall de marcado como ataque sobre los ataques de D2 de tipo ausente del train,122_sin_seleccion,True,122,Autoencoder,True,0.093399,xsnoop,4,4,1.0,9,df30cb2,2026-08-13T00:21:56
recall de marcado como ataque sobre los ataques de D2 de tipo ausente del train,122_sin_seleccion,True,122,Autoencoder,True,0.093399,xterm,13,10,0.769231,9,df30cb2,2026-08-13T00:21:56
recall de marcado como ataque sobre los ataques de D2 de tipo ausente del train,122_sin_seleccion,True,122,Autoencoder,True,0.093399,__global__,3750,2609,0.695733,9,df30cb2,2026-08-13T00:21:56
recall de marcado como ataque sobre los ataques de D2 de tipo ausente del train,54,False,54,IsolationForest,False,0.100402,apache2,737,734,0.995929,10,df30cb2,2026-08-13T00:28:16
recall de marcado como ataque sobre los ataques de D2 de tipo ausente del train,54,False,54,IsolationForest,False,0.100402,httptunnel,133,115,0.864662,10,df30cb2,2026-08-13T00:28:16
recall de marcado como ataque sobre los ataques de D2 de tipo ausente del train,54,False,54,IsolationForest,False,0.100402,mailbomb,293,1,0.003413,10,df30cb2,2026-08-13T00:28:16
recall de marcado como ataque sobre los ataques de D2 de tipo ausente del train,54,False,54,IsolationForest,False,0.100402,mscan,996,962,0.965863,10,df30cb2,2026-08-13T00:28:16
recall de marcado como ataque sobre los ataques de D2 de tipo ausente del train,54,False,54,IsolationForest,False,0.100402,named,17,7,0.411765,10,df30cb2,2026-08-13T00:28:16
recall de marcado como ataque sobre los ataques de D2 de tipo ausente del train,54,False,54,IsolationForest,False,0.100402,processtable,685,251,0.366423,10,df30cb2,2026-08-13T00:28:16
recall de marcado como ataque sobre los ataques de D2 de tipo ausente del train,54,False,54,IsolationForest,False,0.100402,ps,15,2,0.133333,10,df30cb2,2026-08-13T00:28:16
recall de marcado como ataque sobre los ataques de D2 de tipo ausente del train,54,False,54,IsolationForest,False,0.100402,saint,319,317,0.99373,10,df30cb2,2026-08-13T00:28:16
recall de marcado como ataque sobre los ataques de D2 de tipo ausente del train,54,False,54,IsolationForest,False,0.100402,sendmail,14,2,0.142857,10,df30cb2,2026-08-13T00:28:16
recall de marcado como ataque sobre los ataques de D2 de tipo ausente del train,54,False,54,IsolationForest,False,0.100402,snmpgetattack,178,22,0.123596,10,df30cb2,2026-08-13T00:28:16
recall de marcado como ataque sobre los ataques de D2 de tipo ausente del train,54,False,54,IsolationForest,False,0.100402,snmpguess,331,75,0.226586,10,df30cb2,2026-08-13T00:28:16
recall de marcado como ataque sobre los ataques de D2 de tipo ausente del train,54,False,54,IsolationForest,False,0.100402,sqlattack,2,2,1.0,10,df30cb2,2026-08-13T00:28:16
recall de marcado como ataque sobre los ataques de D2 de tipo ausente del train,54,False,54,IsolationForest,False,0.100402,udpstorm,2,2,1.0,10,df30cb2,2026-08-13T00:28:16
recall de marcado como ataque sobre los ataques de D2 de tipo ausente del train,54,False,54,IsolationForest,False,0.100402,worm,2,0,0.0,10,df30cb2,2026-08-13T00:28:16
recall de marcado como ataque sobre los ataques de D2 de tipo ausente del train,54,False,54,IsolationForest,False,0.100402,xlock,9,1,0.111111,10,df30cb2,2026-08-13T00:28:16
recall de marcado como ataque sobre los ataques de D2 de tipo ausente del train,54,False,54,IsolationForest,False,0.100402,xsnoop,4,1,0.25,10,df30cb2,2026-08-13T00:28:16
recall de marcado como ataque sobre los ataques de D2 de tipo ausente del train,54,False,54,IsolationForest,False,0.100402,xterm,13,8,0.615385,10,df30cb2,2026-08-13T00:28:16
recall de marcado como ataque sobre los ataques de D2 de tipo ausente del train,54,False,54,IsolationForest,False,0.100402,__global__,3750,2502,0.6672,10,df30cb2,2026-08-13T00:28:16
recall de marcado como ataque sobre los ataques de D2 de tipo ausente del train,54,False,54,OneClassSVM,False,0.084955,apache2,737,721,0.97829,10,df30cb2,2026-08-13T00:28:16
recall de marcado como ataque sobre los ataques de D2 de tipo ausente del train,54,False,54,OneClassSVM,False,0.084955,httptunnel,133,112,0.842105,10,df30cb2,2026-08-13T00:28:16
recall de marcado como ataque sobre los ataques de D2 de tipo ausente del train,54,False,54,OneClassSVM,False,0.084955,mailbomb,293,5,0.017065,10,df30cb2,2026-08-13T00:28:16
recall de marcado como ataque sobre los ataques de D2 de tipo ausente del train,54,False,54,OneClassSVM,False,0.084955,mscan,996,838,0.841365,10,df30cb2,2026-08-13T00:28:16
recall de marcado como ataque sobre los ataques de D2 de tipo ausente del train,54,False,54,OneClassSVM,False,0.084955,named,17,3,0.176471,10,df30cb2,2026-08-13T00:28:16
recall de marcado como ataque sobre los ataques de D2 de tipo ausente del train,54,False,54,OneClassSVM,False,0.084955,processtable,685,50,0.072993,10,df30cb2,2026-08-13T00:28:16
recall de marcado como ataque sobre los ataques de D2 de tipo ausente del train,54,False,54,OneClassSVM,False,0.084955,ps,15,1,0.066667,10,df30cb2,2026-08-13T00:28:16
recall de marcado como ataque sobre los ataques de D2 de tipo ausente del train,54,False,54,OneClassSVM,False,0.084955,saint,319,310,0.971787,10,df30cb2,2026-08-13T00:28:16
recall de marcado como ataque sobre los ataques de D2 de tipo ausente del train,54,False,54,OneClassSVM,False,0.084955,sendmail,14,5,0.357143,10,df30cb2,2026-08-13T00:28:16
recall de marcado como ataque sobre los ataques de D2 de tipo ausente del train,54,False,54,OneClassSVM,False,0.084955,snmpgetattack,178,11,0.061798,10,df30cb2,2026-08-13T00:28:16
recall de marcado como ataque sobre los ataques de D2 de tipo ausente del train,54,False,54,OneClassSVM,False,0.084955,snmpguess,331,4,0.012085,10,df30cb2,2026-08-13T00:28:16
recall de marcado como ataque sobre los ataques de D2 de tipo ausente del train,54,False,54,OneClassSVM,False,0.084955,sqlattack,2,2,1.0,10,df30cb2,2026-08-13T00:28:16
recall de marcado como ataque sobre los ataques de D2 de tipo ausente del train,54,False,54,OneClassSVM,False,0.084955,udpstorm,2,0,0.0,10,df30cb2,2026-08-13T00:28:16
recall de marcado como ataque sobre los ataques de D2 de tipo ausente del train,54,False,54,OneClassSVM,False,0.084955,worm,2,0,0.0,10,df30cb2,2026-08-13T00:28:16
recall de marcado como ataque sobre los ataques de D2 de tipo ausente del train,54,False,54,OneClassSVM,False,0.084955,xlock,9,0,0.0,10,df30cb2,2026-08-13T00:28:16
recall de marcado como ataque sobre los ataques de D2 de tipo ausente del train,54,False,54,OneClassSVM,False,0.084955,xsnoop,4,2,0.5,10,df30cb2,2026-08-13T00:28:16
recall de marcado como ataque sobre los ataques de D2 de tipo ausente del train,54,False,54,OneClassSVM,False,0.084955,xterm,13,9,0.692308,10,df30cb2,2026-08-13T00:28:16
recall de marcado como ataque sobre los ataques de D2 de tipo ausente del train,54,False,54,OneClassSVM,False,0.084955,__global__,3750,2073,0.5528,10,df30cb2,2026-08-13T00:28:16
recall de marcado como ataque sobre los ataques de D2 de tipo ausente del train,54,False,54,LocalOutlierFactor,False,0.155906,apache2,737,520,0.705563,10,df30cb2,2026-08-13T00:28:16
recall de marcado como ataque sobre los ataques de D2 de tipo ausente del train,54,False,54,LocalOutlierFactor,False,0.155906,httptunnel,133,36,0.270677,10,df30cb2,2026-08-13T00:28:16
recall de marcado como ataque sobre los ataques de D2 de tipo ausente del train,54,False,54,LocalOutlierFactor,False,0.155906,mailbomb,293,221,0.754266,10,df30cb2,2026-08-13T00:28:16
recall de marcado como ataque sobre los ataques de D2 de tipo ausente del train,54,False,54,LocalOutlierFactor,False,0.155906,mscan,996,263,0.264056,10,df30cb2,2026-08-13T00:28:16
recall de marcado como ataque sobre los ataques de D2 de tipo ausente del train,54,False,54,LocalOutlierFactor,False,0.155906,named,17,8,0.470588,10,df30cb2,2026-08-13T00:28:16
recall de marcado como ataque sobre los ataques de D2 de tipo ausente del train,54,False,54,LocalOutlierFactor,False,0.155906,processtable,685,229,0.334307,10,df30cb2,2026-08-13T00:28:16
recall de marcado como ataque sobre los ataques de D2 de tipo ausente del train,54,False,54,LocalOutlierFactor,False,0.155906,ps,15,8,0.533333,10,df30cb2,2026-08-13T00:28:16
recall de marcado como ataque sobre los ataques de D2 de tipo ausente del train,54,False,54,LocalOutlierFactor,False,0.155906,saint,319,127,0.398119,10,df30cb2,2026-08-13T00:28:16
recall de marcado como ataque sobre los ataques de D2 de tipo ausente del train,54,False,54,LocalOutlierFactor,False,0.155906,sendmail,14,10,0.714286,10,df30cb2,2026-08-13T00:28:16
recall de marcado como ataque sobre los ataques de D2 de tipo ausente del train,54,False,54,LocalOutlierFactor,False,0.155906,snmpgetattack,178,11,0.061798,10,df30cb2,2026-08-13T00:28:16
recall de marcado como ataque sobre los ataques de D2 de tipo ausente del train,54,False,54,LocalOutlierFactor,False,0.155906,snmpguess,331,9,0.02719,10,df30cb2,2026-08-13T00:28:16
recall de marcado como ataque sobre los ataques de D2 de tipo ausente del train,54,False,54,LocalOutlierFactor,False,0.155906,sqlattack,2,2,1.0,10,df30cb2,2026-08-13T00:28:16
recall de marcado como ataque sobre los ataques de D2 de tipo ausente del train,54,False,54,LocalOutlierFactor,False,0.155906,udpstorm,2,0,0.0,10,df30cb2,2026-08-13T00:28:16
recall de marcado como ataque sobre los ataques de D2 de tipo ausente del train,54,False,54,LocalOutlierFactor,False,0.155906,worm,2,0,0.0,10,df30cb2,2026-08-13T00:28:16
recall de marcado como ataque sobre los ataques de D2 de tipo ausente del train,54,False,54,LocalOutlierFactor,False,0.155906,xlock,9,4,0.444444,10,df30cb2,2026-08-13T00:28:16
recall de marcado como ataque sobre los ataques de D2 de tipo ausente del train,54,False,54,LocalOutlierFactor,False,0.155906,xsnoop,4,3,0.75,10,df30cb2,2026-08-13T00:28:16
recall de marcado como ataque sobre los ataques de D2 de tipo ausente del train,54,False,54,LocalOutlierFactor,False,0.155906,xterm,13,9,0.692308,10,df30cb2,2026-08-13T00:28:16
recall de marcado como ataque sobre los ataques de D2 de tipo ausente del train,54,False,54,LocalOutlierFactor,False,0.155906,__global__,3750,1460,0.389333,10,df30cb2,2026-08-13T00:28:17
recall de marcado como ataque sobre los ataques de D2 de tipo ausente del train,54,False,54,Autoencoder,True,0.099166,apache2,737,680,0.922659,10,df30cb2,2026-08-13T00:28:17
recall de marcado como ataque sobre los ataques de D2 de tipo ausente del train,54,False,54,Autoencoder,True,0.099166,httptunnel,133,115,0.864662,10,df30cb2,2026-08-13T00:28:17
recall de marcado como ataque sobre los ataques de D2 de tipo ausente del train,54,False,54,Autoencoder,True,0.099166,mailbomb,293,0,0.0,10,df30cb2,2026-08-13T00:28:17
recall de marcado como ataque sobre los ataques de D2 de tipo ausente del train,54,False,54,Autoencoder,True,0.099166,mscan,996,951,0.954819,10,df30cb2,2026-08-13T00:28:17
recall de marcado como ataque sobre los ataques de D2 de tipo ausente del train,54,False,54,Autoencoder,True,0.099166,named,17,9,0.529412,10,df30cb2,2026-08-13T00:28:17
recall de marcado como ataque sobre los ataques de D2 de tipo ausente del train,54,False,54,Autoencoder,True,0.099166,processtable,685,685,1.0,10,df30cb2,2026-08-13T00:28:17
recall de marcado como ataque sobre los ataques de D2 de tipo ausente del train,54,False,54,Autoencoder,True,0.099166,ps,15,10,0.666667,10,df30cb2,2026-08-13T00:28:17
recall de marcado como ataque sobre los ataques de D2 de tipo ausente del train,54,False,54,Autoencoder,True,0.099166,saint,319,314,0.984326,10,df30cb2,2026-08-13T00:28:17
recall de marcado como ataque sobre los ataques de D2 de tipo ausente del train,54,False,54,Autoencoder,True,0.099166,sendmail,14,10,0.714286,10,df30cb2,2026-08-13T00:28:17
recall de marcado como ataque sobre los ataques de D2 de tipo ausente del train,54,False,54,Autoencoder,True,0.099166,snmpgetattack,178,2,0.011236,10,df30cb2,2026-08-13T00:28:17
recall de marcado como ataque sobre los ataques de D2 de tipo ausente del train,54,False,54,Autoencoder,True,0.099166,snmpguess,331,3,0.009063,10,df30cb2,2026-08-13T00:28:17
recall de marcado como ataque sobre los ataques de D2 de tipo ausente del train,54,False,54,Autoencoder,True,0.099166,sqlattack,2,2,1.0,10,df30cb2,2026-08-13T00:28:17
recall de marcado como ataque sobre los ataques de D2 de tipo ausente del train,54,False,54,Autoencoder,True,0.099166,udpstorm,2,0,0.0,10,df30cb2,2026-08-13T00:28:17
recall de marcado como ataque sobre los ataques de D2 de tipo ausente del train,54,False,54,Autoencoder,True,0.099166,worm,2,0,0.0,10,df30cb2,2026-08-13T00:28:17
recall de marcado como ataque sobre los ataques de D2 de tipo ausente del train,54,False,54,Autoencoder,True,0.099166,xlock,9,2,0.222222,10,df30cb2,2026-08-13T00:28:17
recall de marcado como ataque sobre los ataques de D2 de tipo ausente del train,54,False,54,Autoencoder,True,0.099166,xsnoop,4,3,0.75,10,df30cb2,2026-08-13T00:28:17
recall de marcado como ataque sobre los ataques de D2 de tipo ausente del train,54,False,54,Autoencoder,True,0.099166,xterm,13,10,0.769231,10,df30cb2,2026-08-13T00:28:17
recall de marcado como ataque sobre los ataques de D2 de tipo ausente del train,54,False,54,Autoencoder,True,0.099166,__global__,3750,2796,0.7456,10,df30cb2,2026-08-13T00:28:17
recall de marcado como ataque sobre los ataques de D2 de tipo ausente del train,122_sin_seleccion,True,122,IsolationForest,False,0.093811,apache2,737,734,0.995929,10,df30cb2,2026-08-13T00:37:52
recall de marcado como ataque sobre los ataques de D2 de tipo ausente del train,122_sin_seleccion,True,122,IsolationForest,False,0.093811,httptunnel,133,115,0.864662,10,df30cb2,2026-08-13T00:37:52
recall de marcado como ataque sobre los ataques de D2 de tipo ausente del train,122_sin_seleccion,True,122,IsolationForest,False,0.093811,mailbomb,293,5,0.017065,10,df30cb2,2026-08-13T00:37:52
recall de marcado como ataque sobre los ataques de D2 de tipo ausente del train,122_sin_seleccion,True,122,IsolationForest,False,0.093811,mscan,996,982,0.985944,10,df30cb2,2026-08-13T00:37:52
recall de marcado como ataque sobre los ataques de D2 de tipo ausente del train,122_sin_seleccion,True,122,IsolationForest,False,0.093811,named,17,5,0.294118,10,df30cb2,2026-08-13T00:37:52
recall de marcado como ataque sobre los ataques de D2 de tipo ausente del train,122_sin_seleccion,True,122,IsolationForest,False,0.093811,processtable,685,374,0.545985,10,df30cb2,2026-08-13T00:37:52
recall de marcado como ataque sobre los ataques de D2 de tipo ausente del train,122_sin_seleccion,True,122,IsolationForest,False,0.093811,ps,15,2,0.133333,10,df30cb2,2026-08-13T00:37:52
recall de marcado como ataque sobre los ataques de D2 de tipo ausente del train,122_sin_seleccion,True,122,IsolationForest,False,0.093811,saint,319,315,0.987461,10,df30cb2,2026-08-13T00:37:52
recall de marcado como ataque sobre los ataques de D2 de tipo ausente del train,122_sin_seleccion,True,122,IsolationForest,False,0.093811,sendmail,14,1,0.071429,10,df30cb2,2026-08-13T00:37:52
recall de marcado como ataque sobre los ataques de D2 de tipo ausente del train,122_sin_seleccion,True,122,IsolationForest,False,0.093811,snmpgetattack,178,23,0.129213,10,df30cb2,2026-08-13T00:37:52
recall de marcado como ataque sobre los ataques de D2 de tipo ausente del train,122_sin_seleccion,True,122,IsolationForest,False,0.093811,snmpguess,331,11,0.033233,10,df30cb2,2026-08-13T00:37:52
recall de marcado como ataque sobre los ataques de D2 de tipo ausente del train,122_sin_seleccion,True,122,IsolationForest,False,0.093811,sqlattack,2,2,1.0,10,df30cb2,2026-08-13T00:37:52
recall de marcado como ataque sobre los ataques de D2 de tipo ausente del train,122_sin_seleccion,True,122,IsolationForest,False,0.093811,udpstorm,2,2,1.0,10,df30cb2,2026-08-13T00:37:52
recall de marcado como ataque sobre los ataques de D2 de tipo ausente del train,122_sin_seleccion,True,122,IsolationForest,False,0.093811,worm,2,0,0.0,10,df30cb2,2026-08-13T00:37:52
recall de marcado como ataque sobre los ataques de D2 de tipo ausente del train,122_sin_seleccion,True,122,IsolationForest,False,0.093811,xlock,9,4,0.444444,10,df30cb2,2026-08-13T00:37:52
recall de marcado como ataque sobre los ataques de D2 de tipo ausente del train,122_sin_seleccion,True,122,IsolationForest,False,0.093811,xsnoop,4,2,0.5,10,df30cb2,2026-08-13T00:37:52
recall de marcado como ataque sobre los ataques de D2 de tipo ausente del train,122_sin_seleccion,True,122,IsolationForest,False,0.093811,xterm,13,8,0.615385,10,df30cb2,2026-08-13T00:37:52
recall de marcado como ataque sobre los ataques de D2 de tipo ausente del train,122_sin_seleccion,True,122,IsolationForest,False,0.093811,__global__,3750,2585,0.689333,10,df30cb2,2026-08-13T00:37:52
recall de marcado como ataque sobre los ataques de D2 de tipo ausente del train,122_sin_seleccion,True,122,OneClassSVM,False,0.082793,apache2,737,726,0.985075,10,df30cb2,2026-08-13T00:37:52
recall de marcado como ataque sobre los ataques de D2 de tipo ausente del train,122_sin_seleccion,True,122,OneClassSVM,False,0.082793,httptunnel,133,112,0.842105,10,df30cb2,2026-08-13T00:37:52
recall de marcado como ataque sobre los ataques de D2 de tipo ausente del train,122_sin_seleccion,True,122,OneClassSVM,False,0.082793,mailbomb,293,0,0.0,10,df30cb2,2026-08-13T00:37:52
recall de marcado como ataque sobre los ataques de D2 de tipo ausente del train,122_sin_seleccion,True,122,OneClassSVM,False,0.082793,mscan,996,894,0.89759,10,df30cb2,2026-08-13T00:37:52
recall de marcado como ataque sobre los ataques de D2 de tipo ausente del train,122_sin_seleccion,True,122,OneClassSVM,False,0.082793,named,17,7,0.411765,10,df30cb2,2026-08-13T00:37:52
recall de marcado como ataque sobre los ataques de D2 de tipo ausente del train,122_sin_seleccion,True,122,OneClassSVM,False,0.082793,processtable,685,246,0.359124,10,df30cb2,2026-08-13T00:37:52
recall de marcado como ataque sobre los ataques de D2 de tipo ausente del train,122_sin_seleccion,True,122,OneClassSVM,False,0.082793,ps,15,3,0.2,10,df30cb2,2026-08-13T00:37:52
recall de marcado como ataque sobre los ataques de D2 de tipo ausente del train,122_sin_seleccion,True,122,OneClassSVM,False,0.082793,saint,319,311,0.974922,10,df30cb2,2026-08-13T00:37:52
recall de marcado como ataque sobre los ataques de D2 de tipo ausente del train,122_sin_seleccion,True,122,OneClassSVM,False,0.082793,sendmail,14,3,0.214286,10,df30cb2,2026-08-13T00:37:52
recall de marcado como ataque sobre los ataques de D2 de tipo ausente del train,122_sin_seleccion,True,122,OneClassSVM,False,0.082793,snmpgetattack,178,11,0.061798,10,df30cb2,2026-08-13T00:37:52
recall de marcado como ataque sobre los ataques de D2 de tipo ausente del train,122_sin_seleccion,True,122,OneClassSVM,False,0.082793,snmpguess,331,4,0.012085,10,df30cb2,2026-08-13T00:37:52
recall de marcado como ataque sobre los ataques de D2 de tipo ausente del train,122_sin_seleccion,True,122,OneClassSVM,False,0.082793,sqlattack,2,2,1.0,10,df30cb2,2026-08-13T00:37:52
recall de marcado como ataque sobre los ataques de D2 de tipo ausente del train,122_sin_seleccion,True,122,OneClassSVM,False,0.082793,udpstorm,2,1,0.5,10,df30cb2,2026-08-13T00:37:52
recall de marcado como ataque sobre los ataques de D2 de tipo ausente del train,122_sin_seleccion,True,122,OneClassSVM,False,0.082793,worm,2,0,0.0,10,df30cb2,2026-08-13T00:37:52
recall de marcado como ataque sobre los ataques de D2 de tipo ausente del train,122_sin_seleccion,True,122,OneClassSVM,False,0.082793,xlock,9,0,0.0,10,df30cb2,2026-08-13T00:37:52
recall de marcado como ataque sobre los ataques de D2 de tipo ausente del train,122_sin_seleccion,True,122,OneClassSVM,False,0.082793,xsnoop,4,3,0.75,10,df30cb2,2026-08-13T00:37:52
recall de marcado como ataque sobre los ataques de D2 de tipo ausente del train,122_sin_seleccion,True,122,OneClassSVM,False,0.082793,xterm,13,9,0.692308,10,df30cb2,2026-08-13T00:37:52
recall de marcado como ataque sobre los ataques de D2 de tipo ausente del train,122_sin_seleccion,True,122,OneClassSVM,False,0.082793,__global__,3750,2332,0.621867,10,df30cb2,2026-08-13T00:37:52
recall de marcado como ataque sobre los ataques de D2 de tipo ausente del train,122_sin_seleccion,True,122,LocalOutlierFactor,False,0.156935,apache2,737,140,0.189959,10,df30cb2,2026-08-13T00:37:52
recall de marcado como ataque sobre los ataques de D2 de tipo ausente del train,122_sin_seleccion,True,122,LocalOutlierFactor,False,0.156935,httptunnel,133,92,0.691729,10,df30cb2,2026-08-13T00:37:52
recall de marcado como ataque sobre los ataques de D2 de tipo ausente del train,122_sin_seleccion,True,122,LocalOutlierFactor,False,0.156935,mailbomb,293,214,0.730375,10,df30cb2,2026-08-13T00:37:52
recall de marcado como ataque sobre los ataques de D2 de tipo ausente del train,122_sin_seleccion,True,122,LocalOutlierFactor,False,0.156935,mscan,996,344,0.345382,10,df30cb2,2026-08-13T00:37:52
recall de marcado como ataque sobre los ataques de D2 de tipo ausente del train,122_sin_seleccion,True,122,LocalOutlierFactor,False,0.156935,named,17,7,0.411765,10,df30cb2,2026-08-13T00:37:52
recall de marcado como ataque sobre los ataques de D2 de tipo ausente del train,122_sin_seleccion,True,122,LocalOutlierFactor,False,0.156935,processtable,685,141,0.205839,10,df30cb2,2026-08-13T00:37:52
recall de marcado como ataque sobre los ataques de D2 de tipo ausente del train,122_sin_seleccion,True,122,LocalOutlierFactor,False,0.156935,ps,15,9,0.6,10,df30cb2,2026-08-13T00:37:52
recall de marcado como ataque sobre los ataques de D2 de tipo ausente del train,122_sin_seleccion,True,122,LocalOutlierFactor,False,0.156935,saint,319,251,0.786834,10,df30cb2,2026-08-13T00:37:52
recall de marcado como ataque sobre los ataques de D2 de tipo ausente del train,122_sin_seleccion,True,122,LocalOutlierFactor,False,0.156935,sendmail,14,10,0.714286,10,df30cb2,2026-08-13T00:37:52
recall de marcado como ataque sobre los ataques de D2 de tipo ausente del train,122_sin_seleccion,True,122,LocalOutlierFactor,False,0.156935,snmpgetattack,178,7,0.039326,10,df30cb2,2026-08-13T00:37:52
recall de marcado como ataque sobre los ataques de D2 de tipo ausente del train,122_sin_seleccion,True,122,LocalOutlierFactor,False,0.156935,snmpguess,331,9,0.02719,10,df30cb2,2026-08-13T00:37:52
recall de marcado como ataque sobre los ataques de D2 de tipo ausente del train,122_sin_seleccion,True,122,LocalOutlierFactor,False,0.156935,sqlattack,2,2,1.0,10,df30cb2,2026-08-13T00:37:52
recall de marcado como ataque sobre los ataques de D2 de tipo ausente del train,122_sin_seleccion,True,122,LocalOutlierFactor,False,0.156935,udpstorm,2,1,0.5,10,df30cb2,2026-08-13T00:37:52
recall de marcado como ataque sobre los ataques de D2 de tipo ausente del train,122_sin_seleccion,True,122,LocalOutlierFactor,False,0.156935,worm,2,0,0.0,10,df30cb2,2026-08-13T00:37:52
recall de marcado como ataque sobre los ataques de D2 de tipo ausente del train,122_sin_seleccion,True,122,LocalOutlierFactor,False,0.156935,xlock,9,0,0.0,10,df30cb2,2026-08-13T00:37:52
recall de marcado como ataque sobre los ataques de D2 de tipo ausente del train,122_sin_seleccion,True,122,LocalOutlierFactor,False,0.156935,xsnoop,4,2,0.5,10,df30cb2,2026-08-13T00:37:52
recall de marcado como ataque sobre los ataques de D2 de tipo ausente del train,122_sin_seleccion,True,122,LocalOutlierFactor,False,0.156935,xterm,13,10,0.769231,10,df30cb2,2026-08-13T00:37:52
recall de marcado como ataque sobre los ataques de D2 de tipo ausente del train,122_sin_seleccion,True,122,LocalOutlierFactor,False,0.156935,__global__,3750,1239,0.3304,10,df30cb2,2026-08-13T00:37:52
recall de marcado como ataque sobre los ataques de D2 de tipo ausente del train,122_sin_seleccion,True,122,Autoencoder,True,0.097827,apache2,737,732,0.993216,10,df30cb2,2026-08-13T00:37:52
recall de marcado como ataque sobre los ataques de D2 de tipo ausente del train,122_sin_seleccion,True,122,Autoencoder,True,0.097827,httptunnel,133,86,0.646617,10,df30cb2,2026-08-13T00:37:52
recall de marcado como ataque sobre los ataques de D2 de tipo ausente del train,122_sin_seleccion,True,122,Autoencoder,True,0.097827,mailbomb,293,36,0.122867,10,df30cb2,2026-08-13T00:37:52
recall de marcado como ataque sobre los ataques de D2 de tipo ausente del train,122_sin_seleccion,True,122,Autoencoder,True,0.097827,mscan,996,990,0.993976,10,df30cb2,2026-08-13T00:37:52
recall de marcado como ataque sobre los ataques de D2 de tipo ausente del train,122_sin_seleccion,True,122,Autoencoder,True,0.097827,named,17,13,0.764706,10,df30cb2,2026-08-13T00:37:52
recall de marcado como ataque sobre los ataques de D2 de tipo ausente del train,122_sin_seleccion,True,122,Autoencoder,True,0.097827,processtable,685,685,1.0,10,df30cb2,2026-08-13T00:37:52
recall de marcado como ataque sobre los ataques de D2 de tipo ausente del train,122_sin_seleccion,True,122,Autoencoder,True,0.097827,ps,15,10,0.666667,10,df30cb2,2026-08-13T00:37:52
recall de marcado como ataque sobre los ataques de D2 de tipo ausente del train,122_sin_seleccion,True,122,Autoencoder,True,0.097827,saint,319,312,0.978056,10,df30cb2,2026-08-13T00:37:52
recall de marcado como ataque sobre los ataques de D2 de tipo ausente del train,122_sin_seleccion,True,122,Autoencoder,True,0.097827,sendmail,14,10,0.714286,10,df30cb2,2026-08-13T00:37:52
recall de marcado como ataque sobre los ataques de D2 de tipo ausente del train,122_sin_seleccion,True,122,Autoencoder,True,0.097827,snmpgetattack,178,0,0.0,10,df30cb2,2026-08-13T00:37:52
recall de marcado como ataque sobre los ataques de D2 de tipo ausente del train,122_sin_seleccion,True,122,Autoencoder,True,0.097827,snmpguess,331,3,0.009063,10,df30cb2,2026-08-13T00:37:52
recall de marcado como ataque sobre los ataques de D2 de tipo ausente del train,122_sin_seleccion,True,122,Autoencoder,True,0.097827,sqlattack,2,2,1.0,10,df30cb2,2026-08-13T00:37:52
recall de marcado como ataque sobre los ataques de D2 de tipo ausente del train,122_sin_seleccion,True,122,Autoencoder,True,0.097827,udpstorm,2,2,1.0,10,df30cb2,2026-08-13T00:37:52
recall de marcado como ataque sobre los ataques de D2 de tipo ausente del train,122_sin_seleccion,True,122,Autoencoder,True,0.097827,worm,2,0,0.0,10,df30cb2,2026-08-13T00:37:52
recall de marcado como ataque sobre los ataques de D2 de tipo ausente del train,122_sin_seleccion,True,122,Autoencoder,True,0.097827,xlock,9,8,0.888889,10,df30cb2,2026-08-13T00:37:52
recall de marcado como ataque sobre los ataques de D2 de tipo ausente del train,122_sin_seleccion,True,122,Autoencoder,True,0.097827,xsnoop,4,4,1.0,10,df30cb2,2026-08-13T00:37:52
recall de marcado como ataque sobre los ataques de D2 de tipo ausente del train,122_sin_seleccion,True,122,Autoencoder,True,0.097827,xterm,13,10,0.769231,10,df30cb2,2026-08-13T00:37:52
recall de marcado como ataque sobre los ataques de D2 de tipo ausente del train,122_sin_seleccion,True,122,Autoencoder,True,0.097827,__global__,3750,2903,0.774133,10,df30cb2,2026-08-13T00:37:52
