algoritmo,alcance,set_features,sin_seleccion,n_features,config_ganadora,n_iter_ganador,n_iter_total_grid,auc_val,umbral,roc_auc,pr_auc,precision,recall,f1,accuracy,fpr,tn,fp,fn,tp,tiempo_s,tiempo_score_seleccion_s,tiempo_score_umbral_s,alcance_tiempo_s,tiempo_entrenamiento_s,tiempo_inferencia_s,n_inferencia,latencia_ms_por_flujo,flujos_por_segundo,semilla,commit,fecha
IsolationForest,binario normal-vs-ataque (2 clases) sobre D2 completo,54,False,54,"{'n_estimators': 300, 'max_samples': 1.0}",,,0.991406,0.435049,0.927445,0.933147,0.910199,0.750331,0.82257,0.815738,0.097827,8761,950,3204,9629,4.55,1.036,0.211,'tiempo_s' = el bloque completo del algoritmo. Sus cinco tramos principales en orden de ejecución: (1) los fit del grid — y solo ellos son 'tiempo_entrenamiento_s' — (2) puntuar el set de validación etiquetado (D1_val + la muestra de D3) UNA VEZ POR CONFIGURACIÓN del grid = 'tiempo_score_seleccion_s' (3) puntuar D1_val para fijar el umbral p95 = 'tiempo_score_umbral_s' (4) la inferencia sobre D2 = 'tiempo_inferencia_s' y (5) la cola de evaluar_binario + UNA figura —la matriz de confusión; la de curvas ROC/PR se dibuja al final del script y queda fuera—. 'Principales' es literal: dentro de la misma ventana caen también el submuestreo de OneClassSVM · la construcción del estimador en cada iteración del grid y un roc_auc_score por configuración — despreciables pero no nulos — así que el tramo (5) no tiene columna propia: es lo que queda al restar de 'tiempo_s' las cuatro columnas de tiempo anteriores. El reparto entre tramos se LEE de las columnas de esta misma fila y no se estima. AVISO al reconstruirlo: los tramos (2) (3) y (4) miden la MISMA operación sobre conjuntos de tamaño distinto así que un cociente CRUDO entre dos de ellos NO es un cociente de coste por flujo: hay que dividirlo por la razón de tamaños de sus conjuntos antes de leerlo — y aun normalizado sigue siendo wall-clock de un pase único en una corrida que no controla ni el estado de caché ni la carga de la máquina ni n_jobs. La comparación normalizada está en PIPELINE.md anclada a su corrida · wall-clock de un pase único en máquina no dedicada: NO es reproducible ni comparable entre corridas y NO es una propiedad del algoritmo — vale como orden de magnitud y como comparación relativa DENTRO de esta misma corrida. La dispersión medida entre corridas y el umbral por debajo del cual una diferencia entre dos filas no significa nada están tabulados en Implementacion/PIPELINE.md sección 'Las columnas de tiempo: qué miden y hasta dónde valen' — anclados al commit de cada corrida y NO aquí a propósito: una cifra dentro del dato no se puede corregir sin re-correr · 'latencia_ms_por_flujo' y 'flujos_por_segundo' miden SOLO el predict/score sobre características ya calculadas y ya en memoria: NO incluyen captura de tráfico · ensamblado del flujo · extracción de las 41 características —donde vive el coste real de un despliegue— así que no son capacidad operativa del sistema,2.626,0.349,22544,0.015472,64631.2,1,df30cb2,2026-08-12T22:09:24
OneClassSVM,binario normal-vs-ataque (2 clases) sobre D2 completo,54,False,54,"{'nu': 0.1, 'gamma': 'scale'}",,,0.971582,21.920679,0.832834,0.887581,0.915841,0.684329,0.783338,0.78451,0.083102,8904,807,4051,8782,24.52,9.903,1.478,'tiempo_s' = el bloque completo del algoritmo. Sus cinco tramos principales en orden de ejecución: (1) los fit del grid — y solo ellos son 'tiempo_entrenamiento_s' — (2) puntuar el set de validación etiquetado (D1_val + la muestra de D3) UNA VEZ POR CONFIGURACIÓN del grid = 'tiempo_score_seleccion_s' (3) puntuar D1_val para fijar el umbral p95 = 'tiempo_score_umbral_s' (4) la inferencia sobre D2 = 'tiempo_inferencia_s' y (5) la cola de evaluar_binario + UNA figura —la matriz de confusión; la de curvas ROC/PR se dibuja al final del script y queda fuera—. 'Principales' es literal: dentro de la misma ventana caen también el submuestreo de OneClassSVM · la construcción del estimador en cada iteración del grid y un roc_auc_score por configuración — despreciables pero no nulos — así que el tramo (5) no tiene columna propia: es lo que queda al restar de 'tiempo_s' las cuatro columnas de tiempo anteriores. El reparto entre tramos se LEE de las columnas de esta misma fila y no se estima. AVISO al reconstruirlo: los tramos (2) (3) y (4) miden la MISMA operación sobre conjuntos de tamaño distinto así que un cociente CRUDO entre dos de ellos NO es un cociente de coste por flujo: hay que dividirlo por la razón de tamaños de sus conjuntos antes de leerlo — y aun normalizado sigue siendo wall-clock de un pase único en una corrida que no controla ni el estado de caché ni la carga de la máquina ni n_jobs. La comparación normalizada está en PIPELINE.md anclada a su corrida · wall-clock de un pase único en máquina no dedicada: NO es reproducible ni comparable entre corridas y NO es una propiedad del algoritmo — vale como orden de magnitud y como comparación relativa DENTRO de esta misma corrida. La dispersión medida entre corridas y el umbral por debajo del cual una diferencia entre dos filas no significa nada están tabulados en Implementacion/PIPELINE.md sección 'Las columnas de tiempo: qué miden y hasta dónde valen' — anclados al commit de cada corrida y NO aquí a propósito: una cifra dentro del dato no se puede corregir sin re-correr · 'latencia_ms_por_flujo' y 'flujos_por_segundo' miden SOLO el predict/score sobre características ya calculadas y ya en memoria: NO incluyen captura de tráfico · ensamblado del flujo · extracción de las 41 características —donde vive el coste real de un despliegue— así que no son capacidad operativa del sistema,10.464,2.508,22544,0.111244,8989.2,1,df30cb2,2026-08-12T22:09:24
LocalOutlierFactor,binario normal-vs-ataque (2 clases) sobre D2 completo,54,False,54,{'n_neighbors': 20},,,0.929738,2.205468,0.80594,0.738138,0.777052,0.426401,0.550642,0.603841,0.161672,8141,1570,7361,5472,14.24,3.002,0.761,'tiempo_s' = el bloque completo del algoritmo. Sus cinco tramos principales en orden de ejecución: (1) los fit del grid — y solo ellos son 'tiempo_entrenamiento_s' — (2) puntuar el set de validación etiquetado (D1_val + la muestra de D3) UNA VEZ POR CONFIGURACIÓN del grid = 'tiempo_score_seleccion_s' (3) puntuar D1_val para fijar el umbral p95 = 'tiempo_score_umbral_s' (4) la inferencia sobre D2 = 'tiempo_inferencia_s' y (5) la cola de evaluar_binario + UNA figura —la matriz de confusión; la de curvas ROC/PR se dibuja al final del script y queda fuera—. 'Principales' es literal: dentro de la misma ventana caen también el submuestreo de OneClassSVM · la construcción del estimador en cada iteración del grid y un roc_auc_score por configuración — despreciables pero no nulos — así que el tramo (5) no tiene columna propia: es lo que queda al restar de 'tiempo_s' las cuatro columnas de tiempo anteriores. El reparto entre tramos se LEE de las columnas de esta misma fila y no se estima. AVISO al reconstruirlo: los tramos (2) (3) y (4) miden la MISMA operación sobre conjuntos de tamaño distinto así que un cociente CRUDO entre dos de ellos NO es un cociente de coste por flujo: hay que dividirlo por la razón de tamaños de sus conjuntos antes de leerlo — y aun normalizado sigue siendo wall-clock de un pase único en una corrida que no controla ni el estado de caché ni la carga de la máquina ni n_jobs. La comparación normalizada está en PIPELINE.md anclada a su corrida · wall-clock de un pase único en máquina no dedicada: NO es reproducible ni comparable entre corridas y NO es una propiedad del algoritmo — vale como orden de magnitud y como comparación relativa DENTRO de esta misma corrida. La dispersión medida entre corridas y el umbral por debajo del cual una diferencia entre dos filas no significa nada están tabulados en Implementacion/PIPELINE.md sección 'Las columnas de tiempo: qué miden y hasta dónde valen' — anclados al commit de cada corrida y NO aquí a propósito: una cifra dentro del dato no se puede corregir sin re-correr · 'latencia_ms_por_flujo' y 'flujos_por_segundo' miden SOLO el predict/score sobre características ya calculadas y ya en memoria: NO incluyen captura de tráfico · ensamblado del flujo · extracción de las 41 características —donde vive el coste real de un despliegue— así que no son capacidad operativa del sistema,9.38,0.895,22544,0.039693,25193.1,1,df30cb2,2026-08-12T22:09:24
Autoencoder,binario normal-vs-ataque (2 clases) sobre D2 completo,54,False,54,"{'hidden_layer_sizes': (64, 32, 64)}",75.0,130.0,0.989193,2.1e-05,0.924182,0.924107,0.911304,0.819839,0.863155,0.852023,0.105447,8687,1024,2312,10521,24.24,0.037,0.021,'tiempo_s' = el bloque completo del algoritmo. Sus cinco tramos principales en orden de ejecución: (1) los fit del grid — y solo ellos son 'tiempo_entrenamiento_s' — (2) puntuar el set de validación etiquetado (D1_val + la muestra de D3) UNA VEZ POR CONFIGURACIÓN del grid = 'tiempo_score_seleccion_s' (3) puntuar D1_val para fijar el umbral p95 = 'tiempo_score_umbral_s' (4) la inferencia sobre D2 = 'tiempo_inferencia_s' y (5) la cola de evaluar_binario + UNA figura —la matriz de confusión; la de curvas ROC/PR se dibuja al final del script y queda fuera—. 'Principales' es literal: dentro de la misma ventana caen también el submuestreo de OneClassSVM · la construcción del estimador en cada iteración del grid y un roc_auc_score por configuración — despreciables pero no nulos — así que el tramo (5) no tiene columna propia: es lo que queda al restar de 'tiempo_s' las cuatro columnas de tiempo anteriores. El reparto entre tramos se LEE de las columnas de esta misma fila y no se estima. AVISO al reconstruirlo: los tramos (2) (3) y (4) miden la MISMA operación sobre conjuntos de tamaño distinto así que un cociente CRUDO entre dos de ellos NO es un cociente de coste por flujo: hay que dividirlo por la razón de tamaños de sus conjuntos antes de leerlo — y aun normalizado sigue siendo wall-clock de un pase único en una corrida que no controla ni el estado de caché ni la carga de la máquina ni n_jobs. La comparación normalizada está en PIPELINE.md anclada a su corrida · wall-clock de un pase único en máquina no dedicada: NO es reproducible ni comparable entre corridas y NO es una propiedad del algoritmo — vale como orden de magnitud y como comparación relativa DENTRO de esta misma corrida. La dispersión medida entre corridas y el umbral por debajo del cual una diferencia entre dos filas no significa nada están tabulados en Implementacion/PIPELINE.md sección 'Las columnas de tiempo: qué miden y hasta dónde valen' — anclados al commit de cada corrida y NO aquí a propósito: una cifra dentro del dato no se puede corregir sin re-correr · 'latencia_ms_por_flujo' y 'flujos_por_segundo' miden SOLO el predict/score sobre características ya calculadas y ya en memoria: NO incluyen captura de tráfico · ensamblado del flujo · extracción de las 41 características —donde vive el coste real de un despliegue— así que no son capacidad operativa del sistema,24.011,0.031,22544,0.001377,726391.6,1,df30cb2,2026-08-12T22:09:24
IsolationForest,binario normal-vs-ataque (2 clases) sobre D2 completo,122_sin_seleccion,True,122,"{'n_estimators': 100, 'max_samples': 1.0}",,,0.991737,0.40533,0.947293,0.955647,0.913322,0.721733,0.806303,0.802608,0.090516,8832,879,3571,9262,4.91,1.277,0.072,'tiempo_s' = el bloque completo del algoritmo. Sus cinco tramos principales en orden de ejecución: (1) los fit del grid — y solo ellos son 'tiempo_entrenamiento_s' — (2) puntuar el set de validación etiquetado (D1_val + la muestra de D3) UNA VEZ POR CONFIGURACIÓN del grid = 'tiempo_score_seleccion_s' (3) puntuar D1_val para fijar el umbral p95 = 'tiempo_score_umbral_s' (4) la inferencia sobre D2 = 'tiempo_inferencia_s' y (5) la cola de evaluar_binario + UNA figura —la matriz de confusión; la de curvas ROC/PR se dibuja al final del script y queda fuera—. 'Principales' es literal: dentro de la misma ventana caen también el submuestreo de OneClassSVM · la construcción del estimador en cada iteración del grid y un roc_auc_score por configuración — despreciables pero no nulos — así que el tramo (5) no tiene columna propia: es lo que queda al restar de 'tiempo_s' las cuatro columnas de tiempo anteriores. El reparto entre tramos se LEE de las columnas de esta misma fila y no se estima. AVISO al reconstruirlo: los tramos (2) (3) y (4) miden la MISMA operación sobre conjuntos de tamaño distinto así que un cociente CRUDO entre dos de ellos NO es un cociente de coste por flujo: hay que dividirlo por la razón de tamaños de sus conjuntos antes de leerlo — y aun normalizado sigue siendo wall-clock de un pase único en una corrida que no controla ni el estado de caché ni la carga de la máquina ni n_jobs. La comparación normalizada está en PIPELINE.md anclada a su corrida · wall-clock de un pase único en máquina no dedicada: NO es reproducible ni comparable entre corridas y NO es una propiedad del algoritmo — vale como orden de magnitud y como comparación relativa DENTRO de esta misma corrida. La dispersión medida entre corridas y el umbral por debajo del cual una diferencia entre dos filas no significa nada están tabulados en Implementacion/PIPELINE.md sección 'Las columnas de tiempo: qué miden y hasta dónde valen' — anclados al commit de cada corrida y NO aquí a propósito: una cifra dentro del dato no se puede corregir sin re-correr · 'latencia_ms_por_flujo' y 'flujos_por_segundo' miden SOLO el predict/score sobre características ya calculadas y ya en memoria: NO incluyen captura de tráfico · ensamblado del flujo · extracción de las 41 características —donde vive el coste real de un despliegue— así que no son capacidad operativa del sistema,3.215,0.118,22544,0.005226,191360.6,1,df30cb2,2026-08-12T22:18:30
OneClassSVM,binario normal-vs-ataque (2 clases) sobre D2 completo,122_sin_seleccion,True,122,"{'nu': 0.05, 'gamma': 'scale'}",,,0.978128,0.526698,0.88977,0.925876,0.918766,0.710356,0.80123,0.79937,0.082999,8905,806,3717,9116,40.49,14.011,0.991,'tiempo_s' = el bloque completo del algoritmo. Sus cinco tramos principales en orden de ejecución: (1) los fit del grid — y solo ellos son 'tiempo_entrenamiento_s' — (2) puntuar el set de validación etiquetado (D1_val + la muestra de D3) UNA VEZ POR CONFIGURACIÓN del grid = 'tiempo_score_seleccion_s' (3) puntuar D1_val para fijar el umbral p95 = 'tiempo_score_umbral_s' (4) la inferencia sobre D2 = 'tiempo_inferencia_s' y (5) la cola de evaluar_binario + UNA figura —la matriz de confusión; la de curvas ROC/PR se dibuja al final del script y queda fuera—. 'Principales' es literal: dentro de la misma ventana caen también el submuestreo de OneClassSVM · la construcción del estimador en cada iteración del grid y un roc_auc_score por configuración — despreciables pero no nulos — así que el tramo (5) no tiene columna propia: es lo que queda al restar de 'tiempo_s' las cuatro columnas de tiempo anteriores. El reparto entre tramos se LEE de las columnas de esta misma fila y no se estima. AVISO al reconstruirlo: los tramos (2) (3) y (4) miden la MISMA operación sobre conjuntos de tamaño distinto así que un cociente CRUDO entre dos de ellos NO es un cociente de coste por flujo: hay que dividirlo por la razón de tamaños de sus conjuntos antes de leerlo — y aun normalizado sigue siendo wall-clock de un pase único en una corrida que no controla ni el estado de caché ni la carga de la máquina ni n_jobs. La comparación normalizada está en PIPELINE.md anclada a su corrida · wall-clock de un pase único en máquina no dedicada: NO es reproducible ni comparable entre corridas y NO es una propiedad del algoritmo — vale como orden de magnitud y como comparación relativa DENTRO de esta misma corrida. La dispersión medida entre corridas y el umbral por debajo del cual una diferencia entre dos filas no significa nada están tabulados en Implementacion/PIPELINE.md sección 'Las columnas de tiempo: qué miden y hasta dónde valen' — anclados al commit de cada corrida y NO aquí a propósito: una cifra dentro del dato no se puede corregir sin re-correr · 'latencia_ms_por_flujo' y 'flujos_por_segundo' miden SOLO el predict/score sobre características ya calculadas y ya en memoria: NO incluyen captura de tráfico · ensamblado del flujo · extracción de las 41 características —donde vive el coste real de un despliegue— así que no son capacidad operativa del sistema,23.61,1.684,22544,0.074679,13390.7,1,df30cb2,2026-08-12T22:18:30
LocalOutlierFactor,binario normal-vs-ataque (2 clases) sobre D2 completo,122_sin_seleccion,True,122,{'n_neighbors': 20},,,0.947115,2.296565,0.83638,0.75985,0.841268,0.65129,0.734188,0.731547,0.162393,8134,1577,4475,8358,26.15,5.639,1.354,'tiempo_s' = el bloque completo del algoritmo. Sus cinco tramos principales en orden de ejecución: (1) los fit del grid — y solo ellos son 'tiempo_entrenamiento_s' — (2) puntuar el set de validación etiquetado (D1_val + la muestra de D3) UNA VEZ POR CONFIGURACIÓN del grid = 'tiempo_score_seleccion_s' (3) puntuar D1_val para fijar el umbral p95 = 'tiempo_score_umbral_s' (4) la inferencia sobre D2 = 'tiempo_inferencia_s' y (5) la cola de evaluar_binario + UNA figura —la matriz de confusión; la de curvas ROC/PR se dibuja al final del script y queda fuera—. 'Principales' es literal: dentro de la misma ventana caen también el submuestreo de OneClassSVM · la construcción del estimador en cada iteración del grid y un roc_auc_score por configuración — despreciables pero no nulos — así que el tramo (5) no tiene columna propia: es lo que queda al restar de 'tiempo_s' las cuatro columnas de tiempo anteriores. El reparto entre tramos se LEE de las columnas de esta misma fila y no se estima. AVISO al reconstruirlo: los tramos (2) (3) y (4) miden la MISMA operación sobre conjuntos de tamaño distinto así que un cociente CRUDO entre dos de ellos NO es un cociente de coste por flujo: hay que dividirlo por la razón de tamaños de sus conjuntos antes de leerlo — y aun normalizado sigue siendo wall-clock de un pase único en una corrida que no controla ni el estado de caché ni la carga de la máquina ni n_jobs. La comparación normalizada está en PIPELINE.md anclada a su corrida · wall-clock de un pase único en máquina no dedicada: NO es reproducible ni comparable entre corridas y NO es una propiedad del algoritmo — vale como orden de magnitud y como comparación relativa DENTRO de esta misma corrida. La dispersión medida entre corridas y el umbral por debajo del cual una diferencia entre dos filas no significa nada están tabulados en Implementacion/PIPELINE.md sección 'Las columnas de tiempo: qué miden y hasta dónde valen' — anclados al commit de cada corrida y NO aquí a propósito: una cifra dentro del dato no se puede corregir sin re-correr · 'latencia_ms_por_flujo' y 'flujos_por_segundo' miden SOLO el predict/score sobre características ya calculadas y ya en memoria: NO incluyen captura de tráfico · ensamblado del flujo · extracción de las 41 características —donde vive el coste real de un despliegue— así que no son capacidad operativa del sistema,17.071,1.843,22544,0.081735,12234.7,1,df30cb2,2026-08-12T22:18:30
Autoencoder,binario normal-vs-ataque (2 clases) sobre D2 completo,122_sin_seleccion,True,122,"{'hidden_layer_sizes': (64, 32, 64)}",84.0,215.0,0.98675,0.000104,0.942221,0.948363,0.924787,0.862308,0.892455,0.881698,0.092678,8811,900,1767,11066,70.33,0.066,0.025,'tiempo_s' = el bloque completo del algoritmo. Sus cinco tramos principales en orden de ejecución: (1) los fit del grid — y solo ellos son 'tiempo_entrenamiento_s' — (2) puntuar el set de validación etiquetado (D1_val + la muestra de D3) UNA VEZ POR CONFIGURACIÓN del grid = 'tiempo_score_seleccion_s' (3) puntuar D1_val para fijar el umbral p95 = 'tiempo_score_umbral_s' (4) la inferencia sobre D2 = 'tiempo_inferencia_s' y (5) la cola de evaluar_binario + UNA figura —la matriz de confusión; la de curvas ROC/PR se dibuja al final del script y queda fuera—. 'Principales' es literal: dentro de la misma ventana caen también el submuestreo de OneClassSVM · la construcción del estimador en cada iteración del grid y un roc_auc_score por configuración — despreciables pero no nulos — así que el tramo (5) no tiene columna propia: es lo que queda al restar de 'tiempo_s' las cuatro columnas de tiempo anteriores. El reparto entre tramos se LEE de las columnas de esta misma fila y no se estima. AVISO al reconstruirlo: los tramos (2) (3) y (4) miden la MISMA operación sobre conjuntos de tamaño distinto así que un cociente CRUDO entre dos de ellos NO es un cociente de coste por flujo: hay que dividirlo por la razón de tamaños de sus conjuntos antes de leerlo — y aun normalizado sigue siendo wall-clock de un pase único en una corrida que no controla ni el estado de caché ni la carga de la máquina ni n_jobs. La comparación normalizada está en PIPELINE.md anclada a su corrida · wall-clock de un pase único en máquina no dedicada: NO es reproducible ni comparable entre corridas y NO es una propiedad del algoritmo — vale como orden de magnitud y como comparación relativa DENTRO de esta misma corrida. La dispersión medida entre corridas y el umbral por debajo del cual una diferencia entre dos filas no significa nada están tabulados en Implementacion/PIPELINE.md sección 'Las columnas de tiempo: qué miden y hasta dónde valen' — anclados al commit de cada corrida y NO aquí a propósito: una cifra dentro del dato no se puede corregir sin re-correr · 'latencia_ms_por_flujo' y 'flujos_por_segundo' miden SOLO el predict/score sobre características ya calculadas y ya en memoria: NO incluyen captura de tráfico · ensamblado del flujo · extracción de las 41 características —donde vive el coste real de un despliegue— así que no son capacidad operativa del sistema,70.051,0.042,22544,0.001868,535460.2,1,df30cb2,2026-08-12T22:18:30
IsolationForest,binario normal-vs-ataque (2 clases) sobre D2 completo,54,False,54,"{'n_estimators': 200, 'max_samples': 1.0}",,,0.991587,0.436039,0.928898,0.93605,0.908691,0.756877,0.825865,0.818311,0.100505,8735,976,3120,9713,4.81,1.195,0.159,'tiempo_s' = el bloque completo del algoritmo. Sus cinco tramos principales en orden de ejecución: (1) los fit del grid — y solo ellos son 'tiempo_entrenamiento_s' — (2) puntuar el set de validación etiquetado (D1_val + la muestra de D3) UNA VEZ POR CONFIGURACIÓN del grid = 'tiempo_score_seleccion_s' (3) puntuar D1_val para fijar el umbral p95 = 'tiempo_score_umbral_s' (4) la inferencia sobre D2 = 'tiempo_inferencia_s' y (5) la cola de evaluar_binario + UNA figura —la matriz de confusión; la de curvas ROC/PR se dibuja al final del script y queda fuera—. 'Principales' es literal: dentro de la misma ventana caen también el submuestreo de OneClassSVM · la construcción del estimador en cada iteración del grid y un roc_auc_score por configuración — despreciables pero no nulos — así que el tramo (5) no tiene columna propia: es lo que queda al restar de 'tiempo_s' las cuatro columnas de tiempo anteriores. El reparto entre tramos se LEE de las columnas de esta misma fila y no se estima. AVISO al reconstruirlo: los tramos (2) (3) y (4) miden la MISMA operación sobre conjuntos de tamaño distinto así que un cociente CRUDO entre dos de ellos NO es un cociente de coste por flujo: hay que dividirlo por la razón de tamaños de sus conjuntos antes de leerlo — y aun normalizado sigue siendo wall-clock de un pase único en una corrida que no controla ni el estado de caché ni la carga de la máquina ni n_jobs. La comparación normalizada está en PIPELINE.md anclada a su corrida · wall-clock de un pase único en máquina no dedicada: NO es reproducible ni comparable entre corridas y NO es una propiedad del algoritmo — vale como orden de magnitud y como comparación relativa DENTRO de esta misma corrida. La dispersión medida entre corridas y el umbral por debajo del cual una diferencia entre dos filas no significa nada están tabulados en Implementacion/PIPELINE.md sección 'Las columnas de tiempo: qué miden y hasta dónde valen' — anclados al commit de cada corrida y NO aquí a propósito: una cifra dentro del dato no se puede corregir sin re-correr · 'latencia_ms_por_flujo' y 'flujos_por_segundo' miden SOLO el predict/score sobre características ya calculadas y ya en memoria: NO incluyen captura de tráfico · ensamblado del flujo · extracción de las 41 características —donde vive el coste real de un despliegue— así que no son capacidad operativa del sistema,3.01,0.247,22544,0.010974,91125.7,2,df30cb2,2026-08-12T22:27:09
OneClassSVM,binario normal-vs-ataque (2 clases) sobre D2 completo,54,False,54,"{'nu': 0.1, 'gamma': 'scale'}",,,0.975078,21.537408,0.835884,0.889594,0.916823,0.684563,0.78385,0.785087,0.082072,8914,797,4048,8785,25.34,10.697,1.581,'tiempo_s' = el bloque completo del algoritmo. Sus cinco tramos principales en orden de ejecución: (1) los fit del grid — y solo ellos son 'tiempo_entrenamiento_s' — (2) puntuar el set de validación etiquetado (D1_val + la muestra de D3) UNA VEZ POR CONFIGURACIÓN del grid = 'tiempo_score_seleccion_s' (3) puntuar D1_val para fijar el umbral p95 = 'tiempo_score_umbral_s' (4) la inferencia sobre D2 = 'tiempo_inferencia_s' y (5) la cola de evaluar_binario + UNA figura —la matriz de confusión; la de curvas ROC/PR se dibuja al final del script y queda fuera—. 'Principales' es literal: dentro de la misma ventana caen también el submuestreo de OneClassSVM · la construcción del estimador en cada iteración del grid y un roc_auc_score por configuración — despreciables pero no nulos — así que el tramo (5) no tiene columna propia: es lo que queda al restar de 'tiempo_s' las cuatro columnas de tiempo anteriores. El reparto entre tramos se LEE de las columnas de esta misma fila y no se estima. AVISO al reconstruirlo: los tramos (2) (3) y (4) miden la MISMA operación sobre conjuntos de tamaño distinto así que un cociente CRUDO entre dos de ellos NO es un cociente de coste por flujo: hay que dividirlo por la razón de tamaños de sus conjuntos antes de leerlo — y aun normalizado sigue siendo wall-clock de un pase único en una corrida que no controla ni el estado de caché ni la carga de la máquina ni n_jobs. La comparación normalizada está en PIPELINE.md anclada a su corrida · wall-clock de un pase único en máquina no dedicada: NO es reproducible ni comparable entre corridas y NO es una propiedad del algoritmo — vale como orden de magnitud y como comparación relativa DENTRO de esta misma corrida. La dispersión medida entre corridas y el umbral por debajo del cual una diferencia entre dos filas no significa nada están tabulados en Implementacion/PIPELINE.md sección 'Las columnas de tiempo: qué miden y hasta dónde valen' — anclados al commit de cada corrida y NO aquí a propósito: una cifra dentro del dato no se puede corregir sin re-correr · 'latencia_ms_por_flujo' y 'flujos_por_segundo' miden SOLO el predict/score sobre características ya calculadas y ya en memoria: NO incluyen captura de tráfico · ensamblado del flujo · extracción de las 41 características —donde vive el coste real de un despliegue— así que no son capacidad operativa del sistema,10.213,2.668,22544,0.118349,8449.6,2,df30cb2,2026-08-12T22:27:09
LocalOutlierFactor,binario normal-vs-ataque (2 clases) sobre D2 completo,54,False,54,{'n_neighbors': 20},,,0.92872,2.259558,0.799997,0.73346,0.769828,0.401621,0.527857,0.591022,0.158686,8170,1541,7679,5154,16.13,3.44,0.817,'tiempo_s' = el bloque completo del algoritmo. Sus cinco tramos principales en orden de ejecución: (1) los fit del grid — y solo ellos son 'tiempo_entrenamiento_s' — (2) puntuar el set de validación etiquetado (D1_val + la muestra de D3) UNA VEZ POR CONFIGURACIÓN del grid = 'tiempo_score_seleccion_s' (3) puntuar D1_val para fijar el umbral p95 = 'tiempo_score_umbral_s' (4) la inferencia sobre D2 = 'tiempo_inferencia_s' y (5) la cola de evaluar_binario + UNA figura —la matriz de confusión; la de curvas ROC/PR se dibuja al final del script y queda fuera—. 'Principales' es literal: dentro de la misma ventana caen también el submuestreo de OneClassSVM · la construcción del estimador en cada iteración del grid y un roc_auc_score por configuración — despreciables pero no nulos — así que el tramo (5) no tiene columna propia: es lo que queda al restar de 'tiempo_s' las cuatro columnas de tiempo anteriores. El reparto entre tramos se LEE de las columnas de esta misma fila y no se estima. AVISO al reconstruirlo: los tramos (2) (3) y (4) miden la MISMA operación sobre conjuntos de tamaño distinto así que un cociente CRUDO entre dos de ellos NO es un cociente de coste por flujo: hay que dividirlo por la razón de tamaños de sus conjuntos antes de leerlo — y aun normalizado sigue siendo wall-clock de un pase único en una corrida que no controla ni el estado de caché ni la carga de la máquina ni n_jobs. La comparación normalizada está en PIPELINE.md anclada a su corrida · wall-clock de un pase único en máquina no dedicada: NO es reproducible ni comparable entre corridas y NO es una propiedad del algoritmo — vale como orden de magnitud y como comparación relativa DENTRO de esta misma corrida. La dispersión medida entre corridas y el umbral por debajo del cual una diferencia entre dos filas no significa nada están tabulados en Implementacion/PIPELINE.md sección 'Las columnas de tiempo: qué miden y hasta dónde valen' — anclados al commit de cada corrida y NO aquí a propósito: una cifra dentro del dato no se puede corregir sin re-correr · 'latencia_ms_por_flujo' y 'flujos_por_segundo' miden SOLO el predict/score sobre características ya calculadas y ya en memoria: NO incluyen captura de tráfico · ensamblado del flujo · extracción de las 41 características —donde vive el coste real de un despliegue— así que no son capacidad operativa del sistema,10.656,0.994,22544,0.044099,22676.3,2,df30cb2,2026-08-12T22:27:09
Autoencoder,binario normal-vs-ataque (2 clases) sobre D2 completo,54,False,54,"{'hidden_layer_sizes': (64, 32, 64)}",81.0,98.0,0.990915,3.2e-05,0.935129,0.929914,0.91452,0.827008,0.868565,0.857523,0.102152,8719,992,2220,10613,22.5,0.043,0.018,'tiempo_s' = el bloque completo del algoritmo. Sus cinco tramos principales en orden de ejecución: (1) los fit del grid — y solo ellos son 'tiempo_entrenamiento_s' — (2) puntuar el set de validación etiquetado (D1_val + la muestra de D3) UNA VEZ POR CONFIGURACIÓN del grid = 'tiempo_score_seleccion_s' (3) puntuar D1_val para fijar el umbral p95 = 'tiempo_score_umbral_s' (4) la inferencia sobre D2 = 'tiempo_inferencia_s' y (5) la cola de evaluar_binario + UNA figura —la matriz de confusión; la de curvas ROC/PR se dibuja al final del script y queda fuera—. 'Principales' es literal: dentro de la misma ventana caen también el submuestreo de OneClassSVM · la construcción del estimador en cada iteración del grid y un roc_auc_score por configuración — despreciables pero no nulos — así que el tramo (5) no tiene columna propia: es lo que queda al restar de 'tiempo_s' las cuatro columnas de tiempo anteriores. El reparto entre tramos se LEE de las columnas de esta misma fila y no se estima. AVISO al reconstruirlo: los tramos (2) (3) y (4) miden la MISMA operación sobre conjuntos de tamaño distinto así que un cociente CRUDO entre dos de ellos NO es un cociente de coste por flujo: hay que dividirlo por la razón de tamaños de sus conjuntos antes de leerlo — y aun normalizado sigue siendo wall-clock de un pase único en una corrida que no controla ni el estado de caché ni la carga de la máquina ni n_jobs. La comparación normalizada está en PIPELINE.md anclada a su corrida · wall-clock de un pase único en máquina no dedicada: NO es reproducible ni comparable entre corridas y NO es una propiedad del algoritmo — vale como orden de magnitud y como comparación relativa DENTRO de esta misma corrida. La dispersión medida entre corridas y el umbral por debajo del cual una diferencia entre dos filas no significa nada están tabulados en Implementacion/PIPELINE.md sección 'Las columnas de tiempo: qué miden y hasta dónde valen' — anclados al commit de cada corrida y NO aquí a propósito: una cifra dentro del dato no se puede corregir sin re-correr · 'latencia_ms_por_flujo' y 'flujos_por_segundo' miden SOLO el predict/score sobre características ya calculadas y ya en memoria: NO incluyen captura de tráfico · ensamblado del flujo · extracción de las 41 características —donde vive el coste real de un despliegue— así que no son capacidad operativa del sistema,22.265,0.027,22544,0.001201,832407.2,2,df30cb2,2026-08-12T22:27:09
IsolationForest,binario normal-vs-ataque (2 clases) sobre D2 completo,122_sin_seleccion,True,122,"{'n_estimators': 100, 'max_samples': 1.0}",,,0.991393,0.401715,0.950734,0.956511,0.915941,0.762487,0.832199,0.824965,0.092472,8813,898,3048,9785,4.39,1.08,0.067,'tiempo_s' = el bloque completo del algoritmo. Sus cinco tramos principales en orden de ejecución: (1) los fit del grid — y solo ellos son 'tiempo_entrenamiento_s' — (2) puntuar el set de validación etiquetado (D1_val + la muestra de D3) UNA VEZ POR CONFIGURACIÓN del grid = 'tiempo_score_seleccion_s' (3) puntuar D1_val para fijar el umbral p95 = 'tiempo_score_umbral_s' (4) la inferencia sobre D2 = 'tiempo_inferencia_s' y (5) la cola de evaluar_binario + UNA figura —la matriz de confusión; la de curvas ROC/PR se dibuja al final del script y queda fuera—. 'Principales' es literal: dentro de la misma ventana caen también el submuestreo de OneClassSVM · la construcción del estimador en cada iteración del grid y un roc_auc_score por configuración — despreciables pero no nulos — así que el tramo (5) no tiene columna propia: es lo que queda al restar de 'tiempo_s' las cuatro columnas de tiempo anteriores. El reparto entre tramos se LEE de las columnas de esta misma fila y no se estima. AVISO al reconstruirlo: los tramos (2) (3) y (4) miden la MISMA operación sobre conjuntos de tamaño distinto así que un cociente CRUDO entre dos de ellos NO es un cociente de coste por flujo: hay que dividirlo por la razón de tamaños de sus conjuntos antes de leerlo — y aun normalizado sigue siendo wall-clock de un pase único en una corrida que no controla ni el estado de caché ni la carga de la máquina ni n_jobs. La comparación normalizada está en PIPELINE.md anclada a su corrida · wall-clock de un pase único en máquina no dedicada: NO es reproducible ni comparable entre corridas y NO es una propiedad del algoritmo — vale como orden de magnitud y como comparación relativa DENTRO de esta misma corrida. La dispersión medida entre corridas y el umbral por debajo del cual una diferencia entre dos filas no significa nada están tabulados en Implementacion/PIPELINE.md sección 'Las columnas de tiempo: qué miden y hasta dónde valen' — anclados al commit de cada corrida y NO aquí a propósito: una cifra dentro del dato no se puede corregir sin re-correr · 'latencia_ms_por_flujo' y 'flujos_por_segundo' miden SOLO el predict/score sobre características ya calculadas y ya en memoria: NO incluyen captura de tráfico · ensamblado del flujo · extracción de las 41 características —donde vive el coste real de un despliegue— así que no son capacidad operativa del sistema,2.93,0.112,22544,0.00497,201214.4,2,df30cb2,2026-08-12T22:33:57
OneClassSVM,binario normal-vs-ataque (2 clases) sobre D2 completo,122_sin_seleccion,True,122,"{'nu': 0.05, 'gamma': 'scale'}",,,0.981071,-0.063012,0.889259,0.925749,0.918954,0.709499,0.800756,0.799015,0.08269,8908,803,3728,9105,38.45,12.572,0.955,'tiempo_s' = el bloque completo del algoritmo. Sus cinco tramos principales en orden de ejecución: (1) los fit del grid — y solo ellos son 'tiempo_entrenamiento_s' — (2) puntuar el set de validación etiquetado (D1_val + la muestra de D3) UNA VEZ POR CONFIGURACIÓN del grid = 'tiempo_score_seleccion_s' (3) puntuar D1_val para fijar el umbral p95 = 'tiempo_score_umbral_s' (4) la inferencia sobre D2 = 'tiempo_inferencia_s' y (5) la cola de evaluar_binario + UNA figura —la matriz de confusión; la de curvas ROC/PR se dibuja al final del script y queda fuera—. 'Principales' es literal: dentro de la misma ventana caen también el submuestreo de OneClassSVM · la construcción del estimador en cada iteración del grid y un roc_auc_score por configuración — despreciables pero no nulos — así que el tramo (5) no tiene columna propia: es lo que queda al restar de 'tiempo_s' las cuatro columnas de tiempo anteriores. El reparto entre tramos se LEE de las columnas de esta misma fila y no se estima. AVISO al reconstruirlo: los tramos (2) (3) y (4) miden la MISMA operación sobre conjuntos de tamaño distinto así que un cociente CRUDO entre dos de ellos NO es un cociente de coste por flujo: hay que dividirlo por la razón de tamaños de sus conjuntos antes de leerlo — y aun normalizado sigue siendo wall-clock de un pase único en una corrida que no controla ni el estado de caché ni la carga de la máquina ni n_jobs. La comparación normalizada está en PIPELINE.md anclada a su corrida · wall-clock de un pase único en máquina no dedicada: NO es reproducible ni comparable entre corridas y NO es una propiedad del algoritmo — vale como orden de magnitud y como comparación relativa DENTRO de esta misma corrida. La dispersión medida entre corridas y el umbral por debajo del cual una diferencia entre dos filas no significa nada están tabulados en Implementacion/PIPELINE.md sección 'Las columnas de tiempo: qué miden y hasta dónde valen' — anclados al commit de cada corrida y NO aquí a propósito: una cifra dentro del dato no se puede corregir sin re-correr · 'latencia_ms_por_flujo' y 'flujos_por_segundo' miden SOLO el predict/score sobre características ya calculadas y ya en memoria: NO incluyen captura de tráfico · ensamblado del flujo · extracción de las 41 características —donde vive el coste real de un despliegue— así que no son capacidad operativa del sistema,23.174,1.559,22544,0.06914,14463.3,2,df30cb2,2026-08-12T22:33:57
LocalOutlierFactor,binario normal-vs-ataque (2 clases) sobre D2 completo,122_sin_seleccion,True,122,{'n_neighbors': 20},,,0.938919,2.384406,0.82911,0.752153,0.816547,0.541417,0.65111,0.669713,0.160746,8150,1561,5885,6948,25.06,5.345,1.381,'tiempo_s' = el bloque completo del algoritmo. Sus cinco tramos principales en orden de ejecución: (1) los fit del grid — y solo ellos son 'tiempo_entrenamiento_s' — (2) puntuar el set de validación etiquetado (D1_val + la muestra de D3) UNA VEZ POR CONFIGURACIÓN del grid = 'tiempo_score_seleccion_s' (3) puntuar D1_val para fijar el umbral p95 = 'tiempo_score_umbral_s' (4) la inferencia sobre D2 = 'tiempo_inferencia_s' y (5) la cola de evaluar_binario + UNA figura —la matriz de confusión; la de curvas ROC/PR se dibuja al final del script y queda fuera—. 'Principales' es literal: dentro de la misma ventana caen también el submuestreo de OneClassSVM · la construcción del estimador en cada iteración del grid y un roc_auc_score por configuración — despreciables pero no nulos — así que el tramo (5) no tiene columna propia: es lo que queda al restar de 'tiempo_s' las cuatro columnas de tiempo anteriores. El reparto entre tramos se LEE de las columnas de esta misma fila y no se estima. AVISO al reconstruirlo: los tramos (2) (3) y (4) miden la MISMA operación sobre conjuntos de tamaño distinto así que un cociente CRUDO entre dos de ellos NO es un cociente de coste por flujo: hay que dividirlo por la razón de tamaños de sus conjuntos antes de leerlo — y aun normalizado sigue siendo wall-clock de un pase único en una corrida que no controla ni el estado de caché ni la carga de la máquina ni n_jobs. La comparación normalizada está en PIPELINE.md anclada a su corrida · wall-clock de un pase único en máquina no dedicada: NO es reproducible ni comparable entre corridas y NO es una propiedad del algoritmo — vale como orden de magnitud y como comparación relativa DENTRO de esta misma corrida. La dispersión medida entre corridas y el umbral por debajo del cual una diferencia entre dos filas no significa nada están tabulados en Implementacion/PIPELINE.md sección 'Las columnas de tiempo: qué miden y hasta dónde valen' — anclados al commit de cada corrida y NO aquí a propósito: una cifra dentro del dato no se puede corregir sin re-correr · 'latencia_ms_por_flujo' y 'flujos_por_segundo' miden SOLO el predict/score sobre características ya calculadas y ya en memoria: NO incluyen captura de tráfico · ensamblado del flujo · extracción de las 41 características —donde vive el coste real de un despliegue— así que no son capacidad operativa del sistema,16.292,1.805,22544,0.080071,12489.0,2,df30cb2,2026-08-12T22:33:57
Autoencoder,binario normal-vs-ataque (2 clases) sobre D2 completo,122_sin_seleccion,True,122,"{'hidden_layer_sizes': (64, 32, 64)}",28.0,79.0,0.986943,0.000419,0.951374,0.957157,0.925494,0.835346,0.878113,0.867991,0.088868,8848,863,2113,10720,19.59,0.059,0.022,'tiempo_s' = el bloque completo del algoritmo. Sus cinco tramos principales en orden de ejecución: (1) los fit del grid — y solo ellos son 'tiempo_entrenamiento_s' — (2) puntuar el set de validación etiquetado (D1_val + la muestra de D3) UNA VEZ POR CONFIGURACIÓN del grid = 'tiempo_score_seleccion_s' (3) puntuar D1_val para fijar el umbral p95 = 'tiempo_score_umbral_s' (4) la inferencia sobre D2 = 'tiempo_inferencia_s' y (5) la cola de evaluar_binario + UNA figura —la matriz de confusión; la de curvas ROC/PR se dibuja al final del script y queda fuera—. 'Principales' es literal: dentro de la misma ventana caen también el submuestreo de OneClassSVM · la construcción del estimador en cada iteración del grid y un roc_auc_score por configuración — despreciables pero no nulos — así que el tramo (5) no tiene columna propia: es lo que queda al restar de 'tiempo_s' las cuatro columnas de tiempo anteriores. El reparto entre tramos se LEE de las columnas de esta misma fila y no se estima. AVISO al reconstruirlo: los tramos (2) (3) y (4) miden la MISMA operación sobre conjuntos de tamaño distinto así que un cociente CRUDO entre dos de ellos NO es un cociente de coste por flujo: hay que dividirlo por la razón de tamaños de sus conjuntos antes de leerlo — y aun normalizado sigue siendo wall-clock de un pase único en una corrida que no controla ni el estado de caché ni la carga de la máquina ni n_jobs. La comparación normalizada está en PIPELINE.md anclada a su corrida · wall-clock de un pase único en máquina no dedicada: NO es reproducible ni comparable entre corridas y NO es una propiedad del algoritmo — vale como orden de magnitud y como comparación relativa DENTRO de esta misma corrida. La dispersión medida entre corridas y el umbral por debajo del cual una diferencia entre dos filas no significa nada están tabulados en Implementacion/PIPELINE.md sección 'Las columnas de tiempo: qué miden y hasta dónde valen' — anclados al commit de cada corrida y NO aquí a propósito: una cifra dentro del dato no se puede corregir sin re-correr · 'latencia_ms_por_flujo' y 'flujos_por_segundo' miden SOLO el predict/score sobre características ya calculadas y ya en memoria: NO incluyen captura de tráfico · ensamblado del flujo · extracción de las 41 características —donde vive el coste real de un despliegue— así que no son capacidad operativa del sistema,19.323,0.032,22544,0.001433,697775.2,2,df30cb2,2026-08-12T22:33:57
IsolationForest,binario normal-vs-ataque (2 clases) sobre D2 completo,54,False,54,"{'n_estimators': 100, 'max_samples': 1.0}",,,0.993144,0.440131,0.922461,0.919704,0.910544,0.77254,0.835884,0.827315,0.100299,8737,974,2919,9914,4.36,1.163,0.074,'tiempo_s' = el bloque completo del algoritmo. Sus cinco tramos principales en orden de ejecución: (1) los fit del grid — y solo ellos son 'tiempo_entrenamiento_s' — (2) puntuar el set de validación etiquetado (D1_val + la muestra de D3) UNA VEZ POR CONFIGURACIÓN del grid = 'tiempo_score_seleccion_s' (3) puntuar D1_val para fijar el umbral p95 = 'tiempo_score_umbral_s' (4) la inferencia sobre D2 = 'tiempo_inferencia_s' y (5) la cola de evaluar_binario + UNA figura —la matriz de confusión; la de curvas ROC/PR se dibuja al final del script y queda fuera—. 'Principales' es literal: dentro de la misma ventana caen también el submuestreo de OneClassSVM · la construcción del estimador en cada iteración del grid y un roc_auc_score por configuración — despreciables pero no nulos — así que el tramo (5) no tiene columna propia: es lo que queda al restar de 'tiempo_s' las cuatro columnas de tiempo anteriores. El reparto entre tramos se LEE de las columnas de esta misma fila y no se estima. AVISO al reconstruirlo: los tramos (2) (3) y (4) miden la MISMA operación sobre conjuntos de tamaño distinto así que un cociente CRUDO entre dos de ellos NO es un cociente de coste por flujo: hay que dividirlo por la razón de tamaños de sus conjuntos antes de leerlo — y aun normalizado sigue siendo wall-clock de un pase único en una corrida que no controla ni el estado de caché ni la carga de la máquina ni n_jobs. La comparación normalizada está en PIPELINE.md anclada a su corrida · wall-clock de un pase único en máquina no dedicada: NO es reproducible ni comparable entre corridas y NO es una propiedad del algoritmo — vale como orden de magnitud y como comparación relativa DENTRO de esta misma corrida. La dispersión medida entre corridas y el umbral por debajo del cual una diferencia entre dos filas no significa nada están tabulados en Implementacion/PIPELINE.md sección 'Las columnas de tiempo: qué miden y hasta dónde valen' — anclados al commit de cada corrida y NO aquí a propósito: una cifra dentro del dato no se puede corregir sin re-correr · 'latencia_ms_por_flujo' y 'flujos_por_segundo' miden SOLO el predict/score sobre características ya calculadas y ya en memoria: NO incluyen captura de tráfico · ensamblado del flujo · extracción de las 41 características —donde vive el coste real de un despliegue— así que no son capacidad operativa del sistema,2.803,0.119,22544,0.005262,190028.6,3,df30cb2,2026-08-12T22:43:15
OneClassSVM,binario normal-vs-ataque (2 clases) sobre D2 completo,54,False,54,"{'nu': 0.1, 'gamma': 'scale'}",,,0.97375,19.305267,0.831466,0.888042,0.915143,0.686589,0.78456,0.785353,0.084131,8894,817,4022,8811,25.48,10.691,1.601,'tiempo_s' = el bloque completo del algoritmo. Sus cinco tramos principales en orden de ejecución: (1) los fit del grid — y solo ellos son 'tiempo_entrenamiento_s' — (2) puntuar el set de validación etiquetado (D1_val + la muestra de D3) UNA VEZ POR CONFIGURACIÓN del grid = 'tiempo_score_seleccion_s' (3) puntuar D1_val para fijar el umbral p95 = 'tiempo_score_umbral_s' (4) la inferencia sobre D2 = 'tiempo_inferencia_s' y (5) la cola de evaluar_binario + UNA figura —la matriz de confusión; la de curvas ROC/PR se dibuja al final del script y queda fuera—. 'Principales' es literal: dentro de la misma ventana caen también el submuestreo de OneClassSVM · la construcción del estimador en cada iteración del grid y un roc_auc_score por configuración — despreciables pero no nulos — así que el tramo (5) no tiene columna propia: es lo que queda al restar de 'tiempo_s' las cuatro columnas de tiempo anteriores. El reparto entre tramos se LEE de las columnas de esta misma fila y no se estima. AVISO al reconstruirlo: los tramos (2) (3) y (4) miden la MISMA operación sobre conjuntos de tamaño distinto así que un cociente CRUDO entre dos de ellos NO es un cociente de coste por flujo: hay que dividirlo por la razón de tamaños de sus conjuntos antes de leerlo — y aun normalizado sigue siendo wall-clock de un pase único en una corrida que no controla ni el estado de caché ni la carga de la máquina ni n_jobs. La comparación normalizada está en PIPELINE.md anclada a su corrida · wall-clock de un pase único en máquina no dedicada: NO es reproducible ni comparable entre corridas y NO es una propiedad del algoritmo — vale como orden de magnitud y como comparación relativa DENTRO de esta misma corrida. La dispersión medida entre corridas y el umbral por debajo del cual una diferencia entre dos filas no significa nada están tabulados en Implementacion/PIPELINE.md sección 'Las columnas de tiempo: qué miden y hasta dónde valen' — anclados al commit de cada corrida y NO aquí a propósito: una cifra dentro del dato no se puede corregir sin re-correr · 'latencia_ms_por_flujo' y 'flujos_por_segundo' miden SOLO el predict/score sobre características ya calculadas y ya en memoria: NO incluyen captura de tráfico · ensamblado del flujo · extracción de las 41 características —donde vive el coste real de un despliegue— así que no son capacidad operativa del sistema,10.295,2.718,22544,0.120554,8295.0,3,df30cb2,2026-08-12T22:43:15
LocalOutlierFactor,binario normal-vs-ataque (2 clases) sobre D2 completo,54,False,54,{'n_neighbors': 20},,,0.939304,2.205591,0.809174,0.740255,0.806022,0.504792,0.620795,0.648953,0.16054,8152,1559,6355,6478,15.91,3.344,0.82,'tiempo_s' = el bloque completo del algoritmo. Sus cinco tramos principales en orden de ejecución: (1) los fit del grid — y solo ellos son 'tiempo_entrenamiento_s' — (2) puntuar el set de validación etiquetado (D1_val + la muestra de D3) UNA VEZ POR CONFIGURACIÓN del grid = 'tiempo_score_seleccion_s' (3) puntuar D1_val para fijar el umbral p95 = 'tiempo_score_umbral_s' (4) la inferencia sobre D2 = 'tiempo_inferencia_s' y (5) la cola de evaluar_binario + UNA figura —la matriz de confusión; la de curvas ROC/PR se dibuja al final del script y queda fuera—. 'Principales' es literal: dentro de la misma ventana caen también el submuestreo de OneClassSVM · la construcción del estimador en cada iteración del grid y un roc_auc_score por configuración — despreciables pero no nulos — así que el tramo (5) no tiene columna propia: es lo que queda al restar de 'tiempo_s' las cuatro columnas de tiempo anteriores. El reparto entre tramos se LEE de las columnas de esta misma fila y no se estima. AVISO al reconstruirlo: los tramos (2) (3) y (4) miden la MISMA operación sobre conjuntos de tamaño distinto así que un cociente CRUDO entre dos de ellos NO es un cociente de coste por flujo: hay que dividirlo por la razón de tamaños de sus conjuntos antes de leerlo — y aun normalizado sigue siendo wall-clock de un pase único en una corrida que no controla ni el estado de caché ni la carga de la máquina ni n_jobs. La comparación normalizada está en PIPELINE.md anclada a su corrida · wall-clock de un pase único en máquina no dedicada: NO es reproducible ni comparable entre corridas y NO es una propiedad del algoritmo — vale como orden de magnitud y como comparación relativa DENTRO de esta misma corrida. La dispersión medida entre corridas y el umbral por debajo del cual una diferencia entre dos filas no significa nada están tabulados en Implementacion/PIPELINE.md sección 'Las columnas de tiempo: qué miden y hasta dónde valen' — anclados al commit de cada corrida y NO aquí a propósito: una cifra dentro del dato no se puede corregir sin re-correr · 'latencia_ms_por_flujo' y 'flujos_por_segundo' miden SOLO el predict/score sobre características ya calculadas y ya en memoria: NO incluyen captura de tráfico · ensamblado del flujo · extracción de las 41 características —donde vive el coste real de un despliegue— así que no son capacidad operativa del sistema,10.484,1.015,22544,0.045037,22203.9,3,df30cb2,2026-08-12T22:43:15
Autoencoder,binario normal-vs-ataque (2 clases) sobre D2 completo,54,False,54,"{'hidden_layer_sizes': (64, 32, 64)}",115.0,140.0,0.992595,1.8e-05,0.948902,0.946444,0.924354,0.863633,0.892962,0.882142,0.093399,8804,907,1750,11083,32.18,0.034,0.016,'tiempo_s' = el bloque completo del algoritmo. Sus cinco tramos principales en orden de ejecución: (1) los fit del grid — y solo ellos son 'tiempo_entrenamiento_s' — (2) puntuar el set de validación etiquetado (D1_val + la muestra de D3) UNA VEZ POR CONFIGURACIÓN del grid = 'tiempo_score_seleccion_s' (3) puntuar D1_val para fijar el umbral p95 = 'tiempo_score_umbral_s' (4) la inferencia sobre D2 = 'tiempo_inferencia_s' y (5) la cola de evaluar_binario + UNA figura —la matriz de confusión; la de curvas ROC/PR se dibuja al final del script y queda fuera—. 'Principales' es literal: dentro de la misma ventana caen también el submuestreo de OneClassSVM · la construcción del estimador en cada iteración del grid y un roc_auc_score por configuración — despreciables pero no nulos — así que el tramo (5) no tiene columna propia: es lo que queda al restar de 'tiempo_s' las cuatro columnas de tiempo anteriores. El reparto entre tramos se LEE de las columnas de esta misma fila y no se estima. AVISO al reconstruirlo: los tramos (2) (3) y (4) miden la MISMA operación sobre conjuntos de tamaño distinto así que un cociente CRUDO entre dos de ellos NO es un cociente de coste por flujo: hay que dividirlo por la razón de tamaños de sus conjuntos antes de leerlo — y aun normalizado sigue siendo wall-clock de un pase único en una corrida que no controla ni el estado de caché ni la carga de la máquina ni n_jobs. La comparación normalizada está en PIPELINE.md anclada a su corrida · wall-clock de un pase único en máquina no dedicada: NO es reproducible ni comparable entre corridas y NO es una propiedad del algoritmo — vale como orden de magnitud y como comparación relativa DENTRO de esta misma corrida. La dispersión medida entre corridas y el umbral por debajo del cual una diferencia entre dos filas no significa nada están tabulados en Implementacion/PIPELINE.md sección 'Las columnas de tiempo: qué miden y hasta dónde valen' — anclados al commit de cada corrida y NO aquí a propósito: una cifra dentro del dato no se puede corregir sin re-correr · 'latencia_ms_por_flujo' y 'flujos_por_segundo' miden SOLO el predict/score sobre características ya calculadas y ya en memoria: NO incluyen captura de tráfico · ensamblado del flujo · extracción de las 41 características —donde vive el coste real de un despliegue— así que no son capacidad operativa del sistema,31.961,0.026,22544,0.001146,872547.1,3,df30cb2,2026-08-12T22:43:15
IsolationForest,binario normal-vs-ataque (2 clases) sobre D2 completo,122_sin_seleccion,True,122,"{'n_estimators': 200, 'max_samples': 1.0}",,,0.992021,0.403198,0.95176,0.958014,0.915937,0.758202,0.829638,0.822747,0.091958,8818,893,3103,9730,4.52,1.044,0.133,'tiempo_s' = el bloque completo del algoritmo. Sus cinco tramos principales en orden de ejecución: (1) los fit del grid — y solo ellos son 'tiempo_entrenamiento_s' — (2) puntuar el set de validación etiquetado (D1_val + la muestra de D3) UNA VEZ POR CONFIGURACIÓN del grid = 'tiempo_score_seleccion_s' (3) puntuar D1_val para fijar el umbral p95 = 'tiempo_score_umbral_s' (4) la inferencia sobre D2 = 'tiempo_inferencia_s' y (5) la cola de evaluar_binario + UNA figura —la matriz de confusión; la de curvas ROC/PR se dibuja al final del script y queda fuera—. 'Principales' es literal: dentro de la misma ventana caen también el submuestreo de OneClassSVM · la construcción del estimador en cada iteración del grid y un roc_auc_score por configuración — despreciables pero no nulos — así que el tramo (5) no tiene columna propia: es lo que queda al restar de 'tiempo_s' las cuatro columnas de tiempo anteriores. El reparto entre tramos se LEE de las columnas de esta misma fila y no se estima. AVISO al reconstruirlo: los tramos (2) (3) y (4) miden la MISMA operación sobre conjuntos de tamaño distinto así que un cociente CRUDO entre dos de ellos NO es un cociente de coste por flujo: hay que dividirlo por la razón de tamaños de sus conjuntos antes de leerlo — y aun normalizado sigue siendo wall-clock de un pase único en una corrida que no controla ni el estado de caché ni la carga de la máquina ni n_jobs. La comparación normalizada está en PIPELINE.md anclada a su corrida · wall-clock de un pase único en máquina no dedicada: NO es reproducible ni comparable entre corridas y NO es una propiedad del algoritmo — vale como orden de magnitud y como comparación relativa DENTRO de esta misma corrida. La dispersión medida entre corridas y el umbral por debajo del cual una diferencia entre dos filas no significa nada están tabulados en Implementacion/PIPELINE.md sección 'Las columnas de tiempo: qué miden y hasta dónde valen' — anclados al commit de cada corrida y NO aquí a propósito: una cifra dentro del dato no se puede corregir sin re-correr · 'latencia_ms_por_flujo' y 'flujos_por_segundo' miden SOLO el predict/score sobre características ya calculadas y ya en memoria: NO incluyen captura de tráfico · ensamblado del flujo · extracción de las 41 características —donde vive el coste real de un despliegue— así que no son capacidad operativa del sistema,2.917,0.225,22544,0.009994,100056.1,3,df30cb2,2026-08-12T22:49:59
OneClassSVM,binario normal-vs-ataque (2 clases) sobre D2 completo,122_sin_seleccion,True,122,"{'nu': 0.05, 'gamma': 'scale'}",,,0.979448,-0.385207,0.885895,0.924798,0.919444,0.711525,0.802232,0.800302,0.082381,8911,800,3702,9131,40.16,12.953,0.952,'tiempo_s' = el bloque completo del algoritmo. Sus cinco tramos principales en orden de ejecución: (1) los fit del grid — y solo ellos son 'tiempo_entrenamiento_s' — (2) puntuar el set de validación etiquetado (D1_val + la muestra de D3) UNA VEZ POR CONFIGURACIÓN del grid = 'tiempo_score_seleccion_s' (3) puntuar D1_val para fijar el umbral p95 = 'tiempo_score_umbral_s' (4) la inferencia sobre D2 = 'tiempo_inferencia_s' y (5) la cola de evaluar_binario + UNA figura —la matriz de confusión; la de curvas ROC/PR se dibuja al final del script y queda fuera—. 'Principales' es literal: dentro de la misma ventana caen también el submuestreo de OneClassSVM · la construcción del estimador en cada iteración del grid y un roc_auc_score por configuración — despreciables pero no nulos — así que el tramo (5) no tiene columna propia: es lo que queda al restar de 'tiempo_s' las cuatro columnas de tiempo anteriores. El reparto entre tramos se LEE de las columnas de esta misma fila y no se estima. AVISO al reconstruirlo: los tramos (2) (3) y (4) miden la MISMA operación sobre conjuntos de tamaño distinto así que un cociente CRUDO entre dos de ellos NO es un cociente de coste por flujo: hay que dividirlo por la razón de tamaños de sus conjuntos antes de leerlo — y aun normalizado sigue siendo wall-clock de un pase único en una corrida que no controla ni el estado de caché ni la carga de la máquina ni n_jobs. La comparación normalizada está en PIPELINE.md anclada a su corrida · wall-clock de un pase único en máquina no dedicada: NO es reproducible ni comparable entre corridas y NO es una propiedad del algoritmo — vale como orden de magnitud y como comparación relativa DENTRO de esta misma corrida. La dispersión medida entre corridas y el umbral por debajo del cual una diferencia entre dos filas no significa nada están tabulados en Implementacion/PIPELINE.md sección 'Las columnas de tiempo: qué miden y hasta dónde valen' — anclados al commit de cada corrida y NO aquí a propósito: una cifra dentro del dato no se puede corregir sin re-correr · 'latencia_ms_por_flujo' y 'flujos_por_segundo' miden SOLO el predict/score sobre características ya calculadas y ya en memoria: NO incluyen captura de tráfico · ensamblado del flujo · extracción de las 41 características —donde vive el coste real de un despliegue— así que no son capacidad operativa del sistema,24.472,1.6,22544,0.070979,14088.6,3,df30cb2,2026-08-12T22:49:59
LocalOutlierFactor,binario normal-vs-ataque (2 clases) sobre D2 completo,122_sin_seleccion,True,122,{'n_neighbors': 20},,,0.950442,2.41817,0.835766,0.757446,0.840264,0.645601,0.730181,0.728398,0.162187,8136,1575,4548,8285,24.76,5.498,1.401,'tiempo_s' = el bloque completo del algoritmo. Sus cinco tramos principales en orden de ejecución: (1) los fit del grid — y solo ellos son 'tiempo_entrenamiento_s' — (2) puntuar el set de validación etiquetado (D1_val + la muestra de D3) UNA VEZ POR CONFIGURACIÓN del grid = 'tiempo_score_seleccion_s' (3) puntuar D1_val para fijar el umbral p95 = 'tiempo_score_umbral_s' (4) la inferencia sobre D2 = 'tiempo_inferencia_s' y (5) la cola de evaluar_binario + UNA figura —la matriz de confusión; la de curvas ROC/PR se dibuja al final del script y queda fuera—. 'Principales' es literal: dentro de la misma ventana caen también el submuestreo de OneClassSVM · la construcción del estimador en cada iteración del grid y un roc_auc_score por configuración — despreciables pero no nulos — así que el tramo (5) no tiene columna propia: es lo que queda al restar de 'tiempo_s' las cuatro columnas de tiempo anteriores. El reparto entre tramos se LEE de las columnas de esta misma fila y no se estima. AVISO al reconstruirlo: los tramos (2) (3) y (4) miden la MISMA operación sobre conjuntos de tamaño distinto así que un cociente CRUDO entre dos de ellos NO es un cociente de coste por flujo: hay que dividirlo por la razón de tamaños de sus conjuntos antes de leerlo — y aun normalizado sigue siendo wall-clock de un pase único en una corrida que no controla ni el estado de caché ni la carga de la máquina ni n_jobs. La comparación normalizada está en PIPELINE.md anclada a su corrida · wall-clock de un pase único en máquina no dedicada: NO es reproducible ni comparable entre corridas y NO es una propiedad del algoritmo — vale como orden de magnitud y como comparación relativa DENTRO de esta misma corrida. La dispersión medida entre corridas y el umbral por debajo del cual una diferencia entre dos filas no significa nada están tabulados en Implementacion/PIPELINE.md sección 'Las columnas de tiempo: qué miden y hasta dónde valen' — anclados al commit de cada corrida y NO aquí a propósito: una cifra dentro del dato no se puede corregir sin re-correr · 'latencia_ms_por_flujo' y 'flujos_por_segundo' miden SOLO el predict/score sobre características ya calculadas y ya en memoria: NO incluyen captura de tráfico · ensamblado del flujo · extracción de las 41 características —donde vive el coste real de un despliegue— así que no son capacidad operativa del sistema,15.784,1.849,22544,0.081995,12195.8,3,df30cb2,2026-08-12T22:49:59
Autoencoder,binario normal-vs-ataque (2 clases) sobre D2 completo,122_sin_seleccion,True,122,"{'hidden_layer_sizes': (32, 16, 32)}",73.0,123.0,0.986317,0.002413,0.957337,0.960212,0.9543,0.771293,0.853092,0.848785,0.048811,9237,474,2935,9898,30.63,0.051,0.019,'tiempo_s' = el bloque completo del algoritmo. Sus cinco tramos principales en orden de ejecución: (1) los fit del grid — y solo ellos son 'tiempo_entrenamiento_s' — (2) puntuar el set de validación etiquetado (D1_val + la muestra de D3) UNA VEZ POR CONFIGURACIÓN del grid = 'tiempo_score_seleccion_s' (3) puntuar D1_val para fijar el umbral p95 = 'tiempo_score_umbral_s' (4) la inferencia sobre D2 = 'tiempo_inferencia_s' y (5) la cola de evaluar_binario + UNA figura —la matriz de confusión; la de curvas ROC/PR se dibuja al final del script y queda fuera—. 'Principales' es literal: dentro de la misma ventana caen también el submuestreo de OneClassSVM · la construcción del estimador en cada iteración del grid y un roc_auc_score por configuración — despreciables pero no nulos — así que el tramo (5) no tiene columna propia: es lo que queda al restar de 'tiempo_s' las cuatro columnas de tiempo anteriores. El reparto entre tramos se LEE de las columnas de esta misma fila y no se estima. AVISO al reconstruirlo: los tramos (2) (3) y (4) miden la MISMA operación sobre conjuntos de tamaño distinto así que un cociente CRUDO entre dos de ellos NO es un cociente de coste por flujo: hay que dividirlo por la razón de tamaños de sus conjuntos antes de leerlo — y aun normalizado sigue siendo wall-clock de un pase único en una corrida que no controla ni el estado de caché ni la carga de la máquina ni n_jobs. La comparación normalizada está en PIPELINE.md anclada a su corrida · wall-clock de un pase único en máquina no dedicada: NO es reproducible ni comparable entre corridas y NO es una propiedad del algoritmo — vale como orden de magnitud y como comparación relativa DENTRO de esta misma corrida. La dispersión medida entre corridas y el umbral por debajo del cual una diferencia entre dos filas no significa nada están tabulados en Implementacion/PIPELINE.md sección 'Las columnas de tiempo: qué miden y hasta dónde valen' — anclados al commit de cada corrida y NO aquí a propósito: una cifra dentro del dato no se puede corregir sin re-correr · 'latencia_ms_por_flujo' y 'flujos_por_segundo' miden SOLO el predict/score sobre características ya calculadas y ya en memoria: NO incluyen captura de tráfico · ensamblado del flujo · extracción de las 41 características —donde vive el coste real de un despliegue— así que no son capacidad operativa del sistema,30.382,0.032,22544,0.001411,708770.3,3,df30cb2,2026-08-12T22:49:59
IsolationForest,binario normal-vs-ataque (2 clases) sobre D2 completo,54,False,54,"{'n_estimators': 100, 'max_samples': 1.0}",,,0.991739,0.433991,0.933044,0.941983,0.911151,0.751968,0.823941,0.817069,0.0969,8770,941,3183,9650,5.15,1.46,0.084,'tiempo_s' = el bloque completo del algoritmo. Sus cinco tramos principales en orden de ejecución: (1) los fit del grid — y solo ellos son 'tiempo_entrenamiento_s' — (2) puntuar el set de validación etiquetado (D1_val + la muestra de D3) UNA VEZ POR CONFIGURACIÓN del grid = 'tiempo_score_seleccion_s' (3) puntuar D1_val para fijar el umbral p95 = 'tiempo_score_umbral_s' (4) la inferencia sobre D2 = 'tiempo_inferencia_s' y (5) la cola de evaluar_binario + UNA figura —la matriz de confusión; la de curvas ROC/PR se dibuja al final del script y queda fuera—. 'Principales' es literal: dentro de la misma ventana caen también el submuestreo de OneClassSVM · la construcción del estimador en cada iteración del grid y un roc_auc_score por configuración — despreciables pero no nulos — así que el tramo (5) no tiene columna propia: es lo que queda al restar de 'tiempo_s' las cuatro columnas de tiempo anteriores. El reparto entre tramos se LEE de las columnas de esta misma fila y no se estima. AVISO al reconstruirlo: los tramos (2) (3) y (4) miden la MISMA operación sobre conjuntos de tamaño distinto así que un cociente CRUDO entre dos de ellos NO es un cociente de coste por flujo: hay que dividirlo por la razón de tamaños de sus conjuntos antes de leerlo — y aun normalizado sigue siendo wall-clock de un pase único en una corrida que no controla ni el estado de caché ni la carga de la máquina ni n_jobs. La comparación normalizada está en PIPELINE.md anclada a su corrida · wall-clock de un pase único en máquina no dedicada: NO es reproducible ni comparable entre corridas y NO es una propiedad del algoritmo — vale como orden de magnitud y como comparación relativa DENTRO de esta misma corrida. La dispersión medida entre corridas y el umbral por debajo del cual una diferencia entre dos filas no significa nada están tabulados en Implementacion/PIPELINE.md sección 'Las columnas de tiempo: qué miden y hasta dónde valen' — anclados al commit de cada corrida y NO aquí a propósito: una cifra dentro del dato no se puede corregir sin re-correr · 'latencia_ms_por_flujo' y 'flujos_por_segundo' miden SOLO el predict/score sobre características ya calculadas y ya en memoria: NO incluyen captura de tráfico · ensamblado del flujo · extracción de las 41 características —donde vive el coste real de un despliegue— así que no son capacidad operativa del sistema,3.25,0.135,22544,0.005983,167130.4,4,df30cb2,2026-08-12T22:58:26
OneClassSVM,binario normal-vs-ataque (2 clases) sobre D2 completo,54,False,54,"{'nu': 0.05, 'gamma': 'scale'}",,,0.972524,0.504377,0.824931,0.883982,0.915538,0.685031,0.783686,0.784732,0.083514,8900,811,4042,8791,25.33,11.634,0.859,'tiempo_s' = el bloque completo del algoritmo. Sus cinco tramos principales en orden de ejecución: (1) los fit del grid — y solo ellos son 'tiempo_entrenamiento_s' — (2) puntuar el set de validación etiquetado (D1_val + la muestra de D3) UNA VEZ POR CONFIGURACIÓN del grid = 'tiempo_score_seleccion_s' (3) puntuar D1_val para fijar el umbral p95 = 'tiempo_score_umbral_s' (4) la inferencia sobre D2 = 'tiempo_inferencia_s' y (5) la cola de evaluar_binario + UNA figura —la matriz de confusión; la de curvas ROC/PR se dibuja al final del script y queda fuera—. 'Principales' es literal: dentro de la misma ventana caen también el submuestreo de OneClassSVM · la construcción del estimador en cada iteración del grid y un roc_auc_score por configuración — despreciables pero no nulos — así que el tramo (5) no tiene columna propia: es lo que queda al restar de 'tiempo_s' las cuatro columnas de tiempo anteriores. El reparto entre tramos se LEE de las columnas de esta misma fila y no se estima. AVISO al reconstruirlo: los tramos (2) (3) y (4) miden la MISMA operación sobre conjuntos de tamaño distinto así que un cociente CRUDO entre dos de ellos NO es un cociente de coste por flujo: hay que dividirlo por la razón de tamaños de sus conjuntos antes de leerlo — y aun normalizado sigue siendo wall-clock de un pase único en una corrida que no controla ni el estado de caché ni la carga de la máquina ni n_jobs. La comparación normalizada está en PIPELINE.md anclada a su corrida · wall-clock de un pase único en máquina no dedicada: NO es reproducible ni comparable entre corridas y NO es una propiedad del algoritmo — vale como orden de magnitud y como comparación relativa DENTRO de esta misma corrida. La dispersión medida entre corridas y el umbral por debajo del cual una diferencia entre dos filas no significa nada están tabulados en Implementacion/PIPELINE.md sección 'Las columnas de tiempo: qué miden y hasta dónde valen' — anclados al commit de cada corrida y NO aquí a propósito: una cifra dentro del dato no se puede corregir sin re-correr · 'latencia_ms_por_flujo' y 'flujos_por_segundo' miden SOLO el predict/score sobre características ya calculadas y ya en memoria: NO incluyen captura de tráfico · ensamblado del flujo · extracción de las 41 características —donde vive el coste real de un despliegue— así que no son capacidad operativa del sistema,11.206,1.443,22544,0.06401,15622.6,4,df30cb2,2026-08-12T22:58:26
LocalOutlierFactor,binario normal-vs-ataque (2 clases) sobre D2 completo,54,False,54,{'n_neighbors': 20},,,0.942497,2.294773,0.822287,0.750204,0.800026,0.483519,0.602749,0.637198,0.159716,8160,1551,6628,6205,17.96,3.803,1.004,'tiempo_s' = el bloque completo del algoritmo. Sus cinco tramos principales en orden de ejecución: (1) los fit del grid — y solo ellos son 'tiempo_entrenamiento_s' — (2) puntuar el set de validación etiquetado (D1_val + la muestra de D3) UNA VEZ POR CONFIGURACIÓN del grid = 'tiempo_score_seleccion_s' (3) puntuar D1_val para fijar el umbral p95 = 'tiempo_score_umbral_s' (4) la inferencia sobre D2 = 'tiempo_inferencia_s' y (5) la cola de evaluar_binario + UNA figura —la matriz de confusión; la de curvas ROC/PR se dibuja al final del script y queda fuera—. 'Principales' es literal: dentro de la misma ventana caen también el submuestreo de OneClassSVM · la construcción del estimador en cada iteración del grid y un roc_auc_score por configuración — despreciables pero no nulos — así que el tramo (5) no tiene columna propia: es lo que queda al restar de 'tiempo_s' las cuatro columnas de tiempo anteriores. El reparto entre tramos se LEE de las columnas de esta misma fila y no se estima. AVISO al reconstruirlo: los tramos (2) (3) y (4) miden la MISMA operación sobre conjuntos de tamaño distinto así que un cociente CRUDO entre dos de ellos NO es un cociente de coste por flujo: hay que dividirlo por la razón de tamaños de sus conjuntos antes de leerlo — y aun normalizado sigue siendo wall-clock de un pase único en una corrida que no controla ni el estado de caché ni la carga de la máquina ni n_jobs. La comparación normalizada está en PIPELINE.md anclada a su corrida · wall-clock de un pase único en máquina no dedicada: NO es reproducible ni comparable entre corridas y NO es una propiedad del algoritmo — vale como orden de magnitud y como comparación relativa DENTRO de esta misma corrida. La dispersión medida entre corridas y el umbral por debajo del cual una diferencia entre dos filas no significa nada están tabulados en Implementacion/PIPELINE.md sección 'Las columnas de tiempo: qué miden y hasta dónde valen' — anclados al commit de cada corrida y NO aquí a propósito: una cifra dentro del dato no se puede corregir sin re-correr · 'latencia_ms_por_flujo' y 'flujos_por_segundo' miden SOLO el predict/score sobre características ya calculadas y ya en memoria: NO incluyen captura de tráfico · ensamblado del flujo · extracción de las 41 características —donde vive el coste real de un despliegue— así que no son capacidad operativa del sistema,11.636,1.256,22544,0.055728,17944.4,4,df30cb2,2026-08-12T22:58:26
Autoencoder,binario normal-vs-ataque (2 clases) sobre D2 completo,54,False,54,"{'hidden_layer_sizes': (64, 32, 64)}",80.0,126.0,0.994044,2.1e-05,0.931781,0.920772,0.914132,0.861918,0.887258,0.875311,0.106992,8672,1039,1772,11061,24.98,0.037,0.018,'tiempo_s' = el bloque completo del algoritmo. Sus cinco tramos principales en orden de ejecución: (1) los fit del grid — y solo ellos son 'tiempo_entrenamiento_s' — (2) puntuar el set de validación etiquetado (D1_val + la muestra de D3) UNA VEZ POR CONFIGURACIÓN del grid = 'tiempo_score_seleccion_s' (3) puntuar D1_val para fijar el umbral p95 = 'tiempo_score_umbral_s' (4) la inferencia sobre D2 = 'tiempo_inferencia_s' y (5) la cola de evaluar_binario + UNA figura —la matriz de confusión; la de curvas ROC/PR se dibuja al final del script y queda fuera—. 'Principales' es literal: dentro de la misma ventana caen también el submuestreo de OneClassSVM · la construcción del estimador en cada iteración del grid y un roc_auc_score por configuración — despreciables pero no nulos — así que el tramo (5) no tiene columna propia: es lo que queda al restar de 'tiempo_s' las cuatro columnas de tiempo anteriores. El reparto entre tramos se LEE de las columnas de esta misma fila y no se estima. AVISO al reconstruirlo: los tramos (2) (3) y (4) miden la MISMA operación sobre conjuntos de tamaño distinto así que un cociente CRUDO entre dos de ellos NO es un cociente de coste por flujo: hay que dividirlo por la razón de tamaños de sus conjuntos antes de leerlo — y aun normalizado sigue siendo wall-clock de un pase único en una corrida que no controla ni el estado de caché ni la carga de la máquina ni n_jobs. La comparación normalizada está en PIPELINE.md anclada a su corrida · wall-clock de un pase único en máquina no dedicada: NO es reproducible ni comparable entre corridas y NO es una propiedad del algoritmo — vale como orden de magnitud y como comparación relativa DENTRO de esta misma corrida. La dispersión medida entre corridas y el umbral por debajo del cual una diferencia entre dos filas no significa nada están tabulados en Implementacion/PIPELINE.md sección 'Las columnas de tiempo: qué miden y hasta dónde valen' — anclados al commit de cada corrida y NO aquí a propósito: una cifra dentro del dato no se puede corregir sin re-correr · 'latencia_ms_por_flujo' y 'flujos_por_segundo' miden SOLO el predict/score sobre características ya calculadas y ya en memoria: NO incluyen captura de tráfico · ensamblado del flujo · extracción de las 41 características —donde vive el coste real de un despliegue— así que no son capacidad operativa del sistema,24.694,0.028,22544,0.001245,803155.0,4,df30cb2,2026-08-12T22:58:26
IsolationForest,binario normal-vs-ataque (2 clases) sobre D2 completo,122_sin_seleccion,True,122,"{'n_estimators': 100, 'max_samples': 1.0}",,,0.991054,0.411032,0.95175,0.958895,0.918092,0.748539,0.824691,0.818843,0.08825,8854,857,3227,9606,4.76,1.208,0.071,'tiempo_s' = el bloque completo del algoritmo. Sus cinco tramos principales en orden de ejecución: (1) los fit del grid — y solo ellos son 'tiempo_entrenamiento_s' — (2) puntuar el set de validación etiquetado (D1_val + la muestra de D3) UNA VEZ POR CONFIGURACIÓN del grid = 'tiempo_score_seleccion_s' (3) puntuar D1_val para fijar el umbral p95 = 'tiempo_score_umbral_s' (4) la inferencia sobre D2 = 'tiempo_inferencia_s' y (5) la cola de evaluar_binario + UNA figura —la matriz de confusión; la de curvas ROC/PR se dibuja al final del script y queda fuera—. 'Principales' es literal: dentro de la misma ventana caen también el submuestreo de OneClassSVM · la construcción del estimador en cada iteración del grid y un roc_auc_score por configuración — despreciables pero no nulos — así que el tramo (5) no tiene columna propia: es lo que queda al restar de 'tiempo_s' las cuatro columnas de tiempo anteriores. El reparto entre tramos se LEE de las columnas de esta misma fila y no se estima. AVISO al reconstruirlo: los tramos (2) (3) y (4) miden la MISMA operación sobre conjuntos de tamaño distinto así que un cociente CRUDO entre dos de ellos NO es un cociente de coste por flujo: hay que dividirlo por la razón de tamaños de sus conjuntos antes de leerlo — y aun normalizado sigue siendo wall-clock de un pase único en una corrida que no controla ni el estado de caché ni la carga de la máquina ni n_jobs. La comparación normalizada está en PIPELINE.md anclada a su corrida · wall-clock de un pase único en máquina no dedicada: NO es reproducible ni comparable entre corridas y NO es una propiedad del algoritmo — vale como orden de magnitud y como comparación relativa DENTRO de esta misma corrida. La dispersión medida entre corridas y el umbral por debajo del cual una diferencia entre dos filas no significa nada están tabulados en Implementacion/PIPELINE.md sección 'Las columnas de tiempo: qué miden y hasta dónde valen' — anclados al commit de cada corrida y NO aquí a propósito: una cifra dentro del dato no se puede corregir sin re-correr · 'latencia_ms_por_flujo' y 'flujos_por_segundo' miden SOLO el predict/score sobre características ya calculadas y ya en memoria: NO incluyen captura de tráfico · ensamblado del flujo · extracción de las 41 características —donde vive el coste real de un despliegue— así que no son capacidad operativa del sistema,3.161,0.118,22544,0.00524,190857.7,4,df30cb2,2026-08-12T23:04:21
OneClassSVM,binario normal-vs-ataque (2 clases) sobre D2 completo,122_sin_seleccion,True,122,"{'nu': 0.05, 'gamma': 'scale'}",,,0.978836,0.585714,0.887752,0.925265,0.919783,0.713006,0.803301,0.801233,0.082175,8913,798,3683,9150,39.45,13.437,0.985,'tiempo_s' = el bloque completo del algoritmo. Sus cinco tramos principales en orden de ejecución: (1) los fit del grid — y solo ellos son 'tiempo_entrenamiento_s' — (2) puntuar el set de validación etiquetado (D1_val + la muestra de D3) UNA VEZ POR CONFIGURACIÓN del grid = 'tiempo_score_seleccion_s' (3) puntuar D1_val para fijar el umbral p95 = 'tiempo_score_umbral_s' (4) la inferencia sobre D2 = 'tiempo_inferencia_s' y (5) la cola de evaluar_binario + UNA figura —la matriz de confusión; la de curvas ROC/PR se dibuja al final del script y queda fuera—. 'Principales' es literal: dentro de la misma ventana caen también el submuestreo de OneClassSVM · la construcción del estimador en cada iteración del grid y un roc_auc_score por configuración — despreciables pero no nulos — así que el tramo (5) no tiene columna propia: es lo que queda al restar de 'tiempo_s' las cuatro columnas de tiempo anteriores. El reparto entre tramos se LEE de las columnas de esta misma fila y no se estima. AVISO al reconstruirlo: los tramos (2) (3) y (4) miden la MISMA operación sobre conjuntos de tamaño distinto así que un cociente CRUDO entre dos de ellos NO es un cociente de coste por flujo: hay que dividirlo por la razón de tamaños de sus conjuntos antes de leerlo — y aun normalizado sigue siendo wall-clock de un pase único en una corrida que no controla ni el estado de caché ni la carga de la máquina ni n_jobs. La comparación normalizada está en PIPELINE.md anclada a su corrida · wall-clock de un pase único en máquina no dedicada: NO es reproducible ni comparable entre corridas y NO es una propiedad del algoritmo — vale como orden de magnitud y como comparación relativa DENTRO de esta misma corrida. La dispersión medida entre corridas y el umbral por debajo del cual una diferencia entre dos filas no significa nada están tabulados en Implementacion/PIPELINE.md sección 'Las columnas de tiempo: qué miden y hasta dónde valen' — anclados al commit de cada corrida y NO aquí a propósito: una cifra dentro del dato no se puede corregir sin re-correr · 'latencia_ms_por_flujo' y 'flujos_por_segundo' miden SOLO el predict/score sobre características ya calculadas y ya en memoria: NO incluyen captura de tráfico · ensamblado del flujo · extracción de las 41 características —donde vive el coste real de un despliegue— así que no son capacidad operativa del sistema,23.17,1.674,22544,0.07427,13464.3,4,df30cb2,2026-08-12T23:04:21
LocalOutlierFactor,binario normal-vs-ataque (2 clases) sobre D2 completo,122_sin_seleccion,True,122,{'n_neighbors': 20},,,0.948013,2.425552,0.830167,0.754504,0.837478,0.637653,0.724031,0.723297,0.163526,8123,1588,4650,8183,25.27,5.438,1.421,'tiempo_s' = el bloque completo del algoritmo. Sus cinco tramos principales en orden de ejecución: (1) los fit del grid — y solo ellos son 'tiempo_entrenamiento_s' — (2) puntuar el set de validación etiquetado (D1_val + la muestra de D3) UNA VEZ POR CONFIGURACIÓN del grid = 'tiempo_score_seleccion_s' (3) puntuar D1_val para fijar el umbral p95 = 'tiempo_score_umbral_s' (4) la inferencia sobre D2 = 'tiempo_inferencia_s' y (5) la cola de evaluar_binario + UNA figura —la matriz de confusión; la de curvas ROC/PR se dibuja al final del script y queda fuera—. 'Principales' es literal: dentro de la misma ventana caen también el submuestreo de OneClassSVM · la construcción del estimador en cada iteración del grid y un roc_auc_score por configuración — despreciables pero no nulos — así que el tramo (5) no tiene columna propia: es lo que queda al restar de 'tiempo_s' las cuatro columnas de tiempo anteriores. El reparto entre tramos se LEE de las columnas de esta misma fila y no se estima. AVISO al reconstruirlo: los tramos (2) (3) y (4) miden la MISMA operación sobre conjuntos de tamaño distinto así que un cociente CRUDO entre dos de ellos NO es un cociente de coste por flujo: hay que dividirlo por la razón de tamaños de sus conjuntos antes de leerlo — y aun normalizado sigue siendo wall-clock de un pase único en una corrida que no controla ni el estado de caché ni la carga de la máquina ni n_jobs. La comparación normalizada está en PIPELINE.md anclada a su corrida · wall-clock de un pase único en máquina no dedicada: NO es reproducible ni comparable entre corridas y NO es una propiedad del algoritmo — vale como orden de magnitud y como comparación relativa DENTRO de esta misma corrida. La dispersión medida entre corridas y el umbral por debajo del cual una diferencia entre dos filas no significa nada están tabulados en Implementacion/PIPELINE.md sección 'Las columnas de tiempo: qué miden y hasta dónde valen' — anclados al commit de cada corrida y NO aquí a propósito: una cifra dentro del dato no se puede corregir sin re-correr · 'latencia_ms_por_flujo' y 'flujos_por_segundo' miden SOLO el predict/score sobre características ya calculadas y ya en memoria: NO incluyen captura de tráfico · ensamblado del flujo · extracción de las 41 características —donde vive el coste real de un despliegue— así que no son capacidad operativa del sistema,16.295,1.85,22544,0.082084,12182.7,4,df30cb2,2026-08-12T23:04:21
Autoencoder,binario normal-vs-ataque (2 clases) sobre D2 completo,122_sin_seleccion,True,122,"{'hidden_layer_sizes': (64, 32, 64)}",40.0,85.0,0.984954,0.000326,0.950804,0.958115,0.925759,0.848282,0.885329,0.874911,0.089898,8838,873,1947,10886,20.42,0.049,0.019,'tiempo_s' = el bloque completo del algoritmo. Sus cinco tramos principales en orden de ejecución: (1) los fit del grid — y solo ellos son 'tiempo_entrenamiento_s' — (2) puntuar el set de validación etiquetado (D1_val + la muestra de D3) UNA VEZ POR CONFIGURACIÓN del grid = 'tiempo_score_seleccion_s' (3) puntuar D1_val para fijar el umbral p95 = 'tiempo_score_umbral_s' (4) la inferencia sobre D2 = 'tiempo_inferencia_s' y (5) la cola de evaluar_binario + UNA figura —la matriz de confusión; la de curvas ROC/PR se dibuja al final del script y queda fuera—. 'Principales' es literal: dentro de la misma ventana caen también el submuestreo de OneClassSVM · la construcción del estimador en cada iteración del grid y un roc_auc_score por configuración — despreciables pero no nulos — así que el tramo (5) no tiene columna propia: es lo que queda al restar de 'tiempo_s' las cuatro columnas de tiempo anteriores. El reparto entre tramos se LEE de las columnas de esta misma fila y no se estima. AVISO al reconstruirlo: los tramos (2) (3) y (4) miden la MISMA operación sobre conjuntos de tamaño distinto así que un cociente CRUDO entre dos de ellos NO es un cociente de coste por flujo: hay que dividirlo por la razón de tamaños de sus conjuntos antes de leerlo — y aun normalizado sigue siendo wall-clock de un pase único en una corrida que no controla ni el estado de caché ni la carga de la máquina ni n_jobs. La comparación normalizada está en PIPELINE.md anclada a su corrida · wall-clock de un pase único en máquina no dedicada: NO es reproducible ni comparable entre corridas y NO es una propiedad del algoritmo — vale como orden de magnitud y como comparación relativa DENTRO de esta misma corrida. La dispersión medida entre corridas y el umbral por debajo del cual una diferencia entre dos filas no significa nada están tabulados en Implementacion/PIPELINE.md sección 'Las columnas de tiempo: qué miden y hasta dónde valen' — anclados al commit de cada corrida y NO aquí a propósito: una cifra dentro del dato no se puede corregir sin re-correr · 'latencia_ms_por_flujo' y 'flujos_por_segundo' miden SOLO el predict/score sobre características ya calculadas y ya en memoria: NO incluyen captura de tráfico · ensamblado del flujo · extracción de las 41 características —donde vive el coste real de un despliegue— así que no son capacidad operativa del sistema,20.175,0.03,22544,0.001336,748564.7,4,df30cb2,2026-08-12T23:04:22
IsolationForest,binario normal-vs-ataque (2 clases) sobre D2 completo,54,False,54,"{'n_estimators': 200, 'max_samples': 1.0}",,,0.991407,0.443597,0.933594,0.940579,0.907964,0.724928,0.806187,0.801588,0.097106,8768,943,3530,9303,4.75,1.201,0.148,'tiempo_s' = el bloque completo del algoritmo. Sus cinco tramos principales en orden de ejecución: (1) los fit del grid — y solo ellos son 'tiempo_entrenamiento_s' — (2) puntuar el set de validación etiquetado (D1_val + la muestra de D3) UNA VEZ POR CONFIGURACIÓN del grid = 'tiempo_score_seleccion_s' (3) puntuar D1_val para fijar el umbral p95 = 'tiempo_score_umbral_s' (4) la inferencia sobre D2 = 'tiempo_inferencia_s' y (5) la cola de evaluar_binario + UNA figura —la matriz de confusión; la de curvas ROC/PR se dibuja al final del script y queda fuera—. 'Principales' es literal: dentro de la misma ventana caen también el submuestreo de OneClassSVM · la construcción del estimador en cada iteración del grid y un roc_auc_score por configuración — despreciables pero no nulos — así que el tramo (5) no tiene columna propia: es lo que queda al restar de 'tiempo_s' las cuatro columnas de tiempo anteriores. El reparto entre tramos se LEE de las columnas de esta misma fila y no se estima. AVISO al reconstruirlo: los tramos (2) (3) y (4) miden la MISMA operación sobre conjuntos de tamaño distinto así que un cociente CRUDO entre dos de ellos NO es un cociente de coste por flujo: hay que dividirlo por la razón de tamaños de sus conjuntos antes de leerlo — y aun normalizado sigue siendo wall-clock de un pase único en una corrida que no controla ni el estado de caché ni la carga de la máquina ni n_jobs. La comparación normalizada está en PIPELINE.md anclada a su corrida · wall-clock de un pase único en máquina no dedicada: NO es reproducible ni comparable entre corridas y NO es una propiedad del algoritmo — vale como orden de magnitud y como comparación relativa DENTRO de esta misma corrida. La dispersión medida entre corridas y el umbral por debajo del cual una diferencia entre dos filas no significa nada están tabulados en Implementacion/PIPELINE.md sección 'Las columnas de tiempo: qué miden y hasta dónde valen' — anclados al commit de cada corrida y NO aquí a propósito: una cifra dentro del dato no se puede corregir sin re-correr · 'latencia_ms_por_flujo' y 'flujos_por_segundo' miden SOLO el predict/score sobre características ya calculadas y ya en memoria: NO incluyen captura de tráfico · ensamblado del flujo · extracción de las 41 características —donde vive el coste real de un despliegue— así que no son capacidad operativa del sistema,2.941,0.243,22544,0.010775,92809.6,5,df30cb2,2026-08-12T23:11:45
OneClassSVM,binario normal-vs-ataque (2 clases) sobre D2 completo,54,False,54,"{'nu': 0.05, 'gamma': 'scale'}",,,0.973806,0.130611,0.825253,0.884408,0.914814,0.6862,0.784185,0.784998,0.08444,8891,820,4027,8806,23.45,10.737,0.814,'tiempo_s' = el bloque completo del algoritmo. Sus cinco tramos principales en orden de ejecución: (1) los fit del grid — y solo ellos son 'tiempo_entrenamiento_s' — (2) puntuar el set de validación etiquetado (D1_val + la muestra de D3) UNA VEZ POR CONFIGURACIÓN del grid = 'tiempo_score_seleccion_s' (3) puntuar D1_val para fijar el umbral p95 = 'tiempo_score_umbral_s' (4) la inferencia sobre D2 = 'tiempo_inferencia_s' y (5) la cola de evaluar_binario + UNA figura —la matriz de confusión; la de curvas ROC/PR se dibuja al final del script y queda fuera—. 'Principales' es literal: dentro de la misma ventana caen también el submuestreo de OneClassSVM · la construcción del estimador en cada iteración del grid y un roc_auc_score por configuración — despreciables pero no nulos — así que el tramo (5) no tiene columna propia: es lo que queda al restar de 'tiempo_s' las cuatro columnas de tiempo anteriores. El reparto entre tramos se LEE de las columnas de esta misma fila y no se estima. AVISO al reconstruirlo: los tramos (2) (3) y (4) miden la MISMA operación sobre conjuntos de tamaño distinto así que un cociente CRUDO entre dos de ellos NO es un cociente de coste por flujo: hay que dividirlo por la razón de tamaños de sus conjuntos antes de leerlo — y aun normalizado sigue siendo wall-clock de un pase único en una corrida que no controla ni el estado de caché ni la carga de la máquina ni n_jobs. La comparación normalizada está en PIPELINE.md anclada a su corrida · wall-clock de un pase único en máquina no dedicada: NO es reproducible ni comparable entre corridas y NO es una propiedad del algoritmo — vale como orden de magnitud y como comparación relativa DENTRO de esta misma corrida. La dispersión medida entre corridas y el umbral por debajo del cual una diferencia entre dos filas no significa nada están tabulados en Implementacion/PIPELINE.md sección 'Las columnas de tiempo: qué miden y hasta dónde valen' — anclados al commit de cada corrida y NO aquí a propósito: una cifra dentro del dato no se puede corregir sin re-correr · 'latencia_ms_por_flujo' y 'flujos_por_segundo' miden SOLO el predict/score sobre características ya calculadas y ya en memoria: NO incluyen captura de tráfico · ensamblado del flujo · extracción de las 41 características —donde vive el coste real de un despliegue— así que no son capacidad operativa del sistema,10.354,1.361,22544,0.060367,16565.2,5,df30cb2,2026-08-12T23:11:45
LocalOutlierFactor,binario normal-vs-ataque (2 clases) sobre D2 completo,54,False,54,{'n_neighbors': 20},,,0.931296,2.267951,0.803756,0.736021,0.766216,0.393049,0.519571,0.586231,0.15848,8172,1539,7789,5044,16.51,3.449,0.817,'tiempo_s' = el bloque completo del algoritmo. Sus cinco tramos principales en orden de ejecución: (1) los fit del grid — y solo ellos son 'tiempo_entrenamiento_s' — (2) puntuar el set de validación etiquetado (D1_val + la muestra de D3) UNA VEZ POR CONFIGURACIÓN del grid = 'tiempo_score_seleccion_s' (3) puntuar D1_val para fijar el umbral p95 = 'tiempo_score_umbral_s' (4) la inferencia sobre D2 = 'tiempo_inferencia_s' y (5) la cola de evaluar_binario + UNA figura —la matriz de confusión; la de curvas ROC/PR se dibuja al final del script y queda fuera—. 'Principales' es literal: dentro de la misma ventana caen también el submuestreo de OneClassSVM · la construcción del estimador en cada iteración del grid y un roc_auc_score por configuración — despreciables pero no nulos — así que el tramo (5) no tiene columna propia: es lo que queda al restar de 'tiempo_s' las cuatro columnas de tiempo anteriores. El reparto entre tramos se LEE de las columnas de esta misma fila y no se estima. AVISO al reconstruirlo: los tramos (2) (3) y (4) miden la MISMA operación sobre conjuntos de tamaño distinto así que un cociente CRUDO entre dos de ellos NO es un cociente de coste por flujo: hay que dividirlo por la razón de tamaños de sus conjuntos antes de leerlo — y aun normalizado sigue siendo wall-clock de un pase único en una corrida que no controla ni el estado de caché ni la carga de la máquina ni n_jobs. La comparación normalizada está en PIPELINE.md anclada a su corrida · wall-clock de un pase único en máquina no dedicada: NO es reproducible ni comparable entre corridas y NO es una propiedad del algoritmo — vale como orden de magnitud y como comparación relativa DENTRO de esta misma corrida. La dispersión medida entre corridas y el umbral por debajo del cual una diferencia entre dos filas no significa nada están tabulados en Implementacion/PIPELINE.md sección 'Las columnas de tiempo: qué miden y hasta dónde valen' — anclados al commit de cada corrida y NO aquí a propósito: una cifra dentro del dato no se puede corregir sin re-correr · 'latencia_ms_por_flujo' y 'flujos_por_segundo' miden SOLO el predict/score sobre características ya calculadas y ya en memoria: NO incluyen captura de tráfico · ensamblado del flujo · extracción de las 41 características —donde vive el coste real de un despliegue— así que no son capacidad operativa del sistema,10.897,1.099,22544,0.048761,20508.1,5,df30cb2,2026-08-12T23:11:45
Autoencoder,binario normal-vs-ataque (2 clases) sobre D2 completo,54,False,54,"{'hidden_layer_sizes': (64, 32, 64)}",48.0,81.0,0.991492,0.000103,0.932149,0.923581,0.91274,0.793891,0.849177,0.839469,0.100299,8737,974,2645,10188,12.89,0.034,0.013,'tiempo_s' = el bloque completo del algoritmo. Sus cinco tramos principales en orden de ejecución: (1) los fit del grid — y solo ellos son 'tiempo_entrenamiento_s' — (2) puntuar el set de validación etiquetado (D1_val + la muestra de D3) UNA VEZ POR CONFIGURACIÓN del grid = 'tiempo_score_seleccion_s' (3) puntuar D1_val para fijar el umbral p95 = 'tiempo_score_umbral_s' (4) la inferencia sobre D2 = 'tiempo_inferencia_s' y (5) la cola de evaluar_binario + UNA figura —la matriz de confusión; la de curvas ROC/PR se dibuja al final del script y queda fuera—. 'Principales' es literal: dentro de la misma ventana caen también el submuestreo de OneClassSVM · la construcción del estimador en cada iteración del grid y un roc_auc_score por configuración — despreciables pero no nulos — así que el tramo (5) no tiene columna propia: es lo que queda al restar de 'tiempo_s' las cuatro columnas de tiempo anteriores. El reparto entre tramos se LEE de las columnas de esta misma fila y no se estima. AVISO al reconstruirlo: los tramos (2) (3) y (4) miden la MISMA operación sobre conjuntos de tamaño distinto así que un cociente CRUDO entre dos de ellos NO es un cociente de coste por flujo: hay que dividirlo por la razón de tamaños de sus conjuntos antes de leerlo — y aun normalizado sigue siendo wall-clock de un pase único en una corrida que no controla ni el estado de caché ni la carga de la máquina ni n_jobs. La comparación normalizada está en PIPELINE.md anclada a su corrida · wall-clock de un pase único en máquina no dedicada: NO es reproducible ni comparable entre corridas y NO es una propiedad del algoritmo — vale como orden de magnitud y como comparación relativa DENTRO de esta misma corrida. La dispersión medida entre corridas y el umbral por debajo del cual una diferencia entre dos filas no significa nada están tabulados en Implementacion/PIPELINE.md sección 'Las columnas de tiempo: qué miden y hasta dónde valen' — anclados al commit de cada corrida y NO aquí a propósito: una cifra dentro del dato no se puede corregir sin re-correr · 'latencia_ms_por_flujo' y 'flujos_por_segundo' miden SOLO el predict/score sobre características ya calculadas y ya en memoria: NO incluyen captura de tráfico · ensamblado del flujo · extracción de las 41 características —donde vive el coste real de un despliegue— así que no son capacidad operativa del sistema,12.678,0.019,22544,0.00084,1189782.6,5,df30cb2,2026-08-12T23:11:45
IsolationForest,binario normal-vs-ataque (2 clases) sobre D2 completo,122_sin_seleccion,True,122,"{'n_estimators': 300, 'max_samples': 1.0}",,,0.990025,0.40602,0.94953,0.956559,0.914746,0.729915,0.811945,0.807532,0.089898,8838,873,3466,9367,4.72,1.067,0.2,'tiempo_s' = el bloque completo del algoritmo. Sus cinco tramos principales en orden de ejecución: (1) los fit del grid — y solo ellos son 'tiempo_entrenamiento_s' — (2) puntuar el set de validación etiquetado (D1_val + la muestra de D3) UNA VEZ POR CONFIGURACIÓN del grid = 'tiempo_score_seleccion_s' (3) puntuar D1_val para fijar el umbral p95 = 'tiempo_score_umbral_s' (4) la inferencia sobre D2 = 'tiempo_inferencia_s' y (5) la cola de evaluar_binario + UNA figura —la matriz de confusión; la de curvas ROC/PR se dibuja al final del script y queda fuera—. 'Principales' es literal: dentro de la misma ventana caen también el submuestreo de OneClassSVM · la construcción del estimador en cada iteración del grid y un roc_auc_score por configuración — despreciables pero no nulos — así que el tramo (5) no tiene columna propia: es lo que queda al restar de 'tiempo_s' las cuatro columnas de tiempo anteriores. El reparto entre tramos se LEE de las columnas de esta misma fila y no se estima. AVISO al reconstruirlo: los tramos (2) (3) y (4) miden la MISMA operación sobre conjuntos de tamaño distinto así que un cociente CRUDO entre dos de ellos NO es un cociente de coste por flujo: hay que dividirlo por la razón de tamaños de sus conjuntos antes de leerlo — y aun normalizado sigue siendo wall-clock de un pase único en una corrida que no controla ni el estado de caché ni la carga de la máquina ni n_jobs. La comparación normalizada está en PIPELINE.md anclada a su corrida · wall-clock de un pase único en máquina no dedicada: NO es reproducible ni comparable entre corridas y NO es una propiedad del algoritmo — vale como orden de magnitud y como comparación relativa DENTRO de esta misma corrida. La dispersión medida entre corridas y el umbral por debajo del cual una diferencia entre dos filas no significa nada están tabulados en Implementacion/PIPELINE.md sección 'Las columnas de tiempo: qué miden y hasta dónde valen' — anclados al commit de cada corrida y NO aquí a propósito: una cifra dentro del dato no se puede corregir sin re-correr · 'latencia_ms_por_flujo' y 'flujos_por_segundo' miden SOLO el predict/score sobre características ya calculadas y ya en memoria: NO incluyen captura de tráfico · ensamblado del flujo · extracción de las 41 características —donde vive el coste real de un despliegue— así que no son capacidad operativa del sistema,2.911,0.338,22544,0.015008,66630.7,5,df30cb2,2026-08-12T23:17:38
OneClassSVM,binario normal-vs-ataque (2 clases) sobre D2 completo,122_sin_seleccion,True,122,"{'nu': 0.05, 'gamma': 'scale'}",,,0.978576,0.223531,0.891516,0.926978,0.919098,0.711759,0.802248,0.800257,0.082793,8907,804,3699,9134,38.52,12.627,0.946,'tiempo_s' = el bloque completo del algoritmo. Sus cinco tramos principales en orden de ejecución: (1) los fit del grid — y solo ellos son 'tiempo_entrenamiento_s' — (2) puntuar el set de validación etiquetado (D1_val + la muestra de D3) UNA VEZ POR CONFIGURACIÓN del grid = 'tiempo_score_seleccion_s' (3) puntuar D1_val para fijar el umbral p95 = 'tiempo_score_umbral_s' (4) la inferencia sobre D2 = 'tiempo_inferencia_s' y (5) la cola de evaluar_binario + UNA figura —la matriz de confusión; la de curvas ROC/PR se dibuja al final del script y queda fuera—. 'Principales' es literal: dentro de la misma ventana caen también el submuestreo de OneClassSVM · la construcción del estimador en cada iteración del grid y un roc_auc_score por configuración — despreciables pero no nulos — así que el tramo (5) no tiene columna propia: es lo que queda al restar de 'tiempo_s' las cuatro columnas de tiempo anteriores. El reparto entre tramos se LEE de las columnas de esta misma fila y no se estima. AVISO al reconstruirlo: los tramos (2) (3) y (4) miden la MISMA operación sobre conjuntos de tamaño distinto así que un cociente CRUDO entre dos de ellos NO es un cociente de coste por flujo: hay que dividirlo por la razón de tamaños de sus conjuntos antes de leerlo — y aun normalizado sigue siendo wall-clock de un pase único en una corrida que no controla ni el estado de caché ni la carga de la máquina ni n_jobs. La comparación normalizada está en PIPELINE.md anclada a su corrida · wall-clock de un pase único en máquina no dedicada: NO es reproducible ni comparable entre corridas y NO es una propiedad del algoritmo — vale como orden de magnitud y como comparación relativa DENTRO de esta misma corrida. La dispersión medida entre corridas y el umbral por debajo del cual una diferencia entre dos filas no significa nada están tabulados en Implementacion/PIPELINE.md sección 'Las columnas de tiempo: qué miden y hasta dónde valen' — anclados al commit de cada corrida y NO aquí a propósito: una cifra dentro del dato no se puede corregir sin re-correr · 'latencia_ms_por_flujo' y 'flujos_por_segundo' miden SOLO el predict/score sobre características ya calculadas y ya en memoria: NO incluyen captura de tráfico · ensamblado del flujo · extracción de las 41 características —donde vive el coste real de un despliegue— así que no son capacidad operativa del sistema,23.181,1.582,22544,0.070195,14246.1,5,df30cb2,2026-08-12T23:17:38
LocalOutlierFactor,binario normal-vs-ataque (2 clases) sobre D2 completo,122_sin_seleccion,True,122,{'n_neighbors': 20},,,0.945818,2.450454,0.830563,0.755406,0.837197,0.627523,0.717353,0.718506,0.16126,8145,1566,4780,8053,24.95,5.342,1.41,'tiempo_s' = el bloque completo del algoritmo. Sus cinco tramos principales en orden de ejecución: (1) los fit del grid — y solo ellos son 'tiempo_entrenamiento_s' — (2) puntuar el set de validación etiquetado (D1_val + la muestra de D3) UNA VEZ POR CONFIGURACIÓN del grid = 'tiempo_score_seleccion_s' (3) puntuar D1_val para fijar el umbral p95 = 'tiempo_score_umbral_s' (4) la inferencia sobre D2 = 'tiempo_inferencia_s' y (5) la cola de evaluar_binario + UNA figura —la matriz de confusión; la de curvas ROC/PR se dibuja al final del script y queda fuera—. 'Principales' es literal: dentro de la misma ventana caen también el submuestreo de OneClassSVM · la construcción del estimador en cada iteración del grid y un roc_auc_score por configuración — despreciables pero no nulos — así que el tramo (5) no tiene columna propia: es lo que queda al restar de 'tiempo_s' las cuatro columnas de tiempo anteriores. El reparto entre tramos se LEE de las columnas de esta misma fila y no se estima. AVISO al reconstruirlo: los tramos (2) (3) y (4) miden la MISMA operación sobre conjuntos de tamaño distinto así que un cociente CRUDO entre dos de ellos NO es un cociente de coste por flujo: hay que dividirlo por la razón de tamaños de sus conjuntos antes de leerlo — y aun normalizado sigue siendo wall-clock de un pase único en una corrida que no controla ni el estado de caché ni la carga de la máquina ni n_jobs. La comparación normalizada está en PIPELINE.md anclada a su corrida · wall-clock de un pase único en máquina no dedicada: NO es reproducible ni comparable entre corridas y NO es una propiedad del algoritmo — vale como orden de magnitud y como comparación relativa DENTRO de esta misma corrida. La dispersión medida entre corridas y el umbral por debajo del cual una diferencia entre dos filas no significa nada están tabulados en Implementacion/PIPELINE.md sección 'Las columnas de tiempo: qué miden y hasta dónde valen' — anclados al commit de cada corrida y NO aquí a propósito: una cifra dentro del dato no se puede corregir sin re-correr · 'latencia_ms_por_flujo' y 'flujos_por_segundo' miden SOLO el predict/score sobre características ya calculadas y ya en memoria: NO incluyen captura de tráfico · ensamblado del flujo · extracción de las 41 características —donde vive el coste real de un despliegue— así que no son capacidad operativa del sistema,16.152,1.797,22544,0.0797,12547.0,5,df30cb2,2026-08-12T23:17:38
Autoencoder,binario normal-vs-ataque (2 clases) sobre D2 completo,122_sin_seleccion,True,122,"{'hidden_layer_sizes': (64, 32, 64)}",26.0,109.0,0.98483,0.000534,0.951671,0.960038,0.928,0.822567,0.872108,0.862669,0.084337,8892,819,2277,10556,25.17,0.052,0.02,'tiempo_s' = el bloque completo del algoritmo. Sus cinco tramos principales en orden de ejecución: (1) los fit del grid — y solo ellos son 'tiempo_entrenamiento_s' — (2) puntuar el set de validación etiquetado (D1_val + la muestra de D3) UNA VEZ POR CONFIGURACIÓN del grid = 'tiempo_score_seleccion_s' (3) puntuar D1_val para fijar el umbral p95 = 'tiempo_score_umbral_s' (4) la inferencia sobre D2 = 'tiempo_inferencia_s' y (5) la cola de evaluar_binario + UNA figura —la matriz de confusión; la de curvas ROC/PR se dibuja al final del script y queda fuera—. 'Principales' es literal: dentro de la misma ventana caen también el submuestreo de OneClassSVM · la construcción del estimador en cada iteración del grid y un roc_auc_score por configuración — despreciables pero no nulos — así que el tramo (5) no tiene columna propia: es lo que queda al restar de 'tiempo_s' las cuatro columnas de tiempo anteriores. El reparto entre tramos se LEE de las columnas de esta misma fila y no se estima. AVISO al reconstruirlo: los tramos (2) (3) y (4) miden la MISMA operación sobre conjuntos de tamaño distinto así que un cociente CRUDO entre dos de ellos NO es un cociente de coste por flujo: hay que dividirlo por la razón de tamaños de sus conjuntos antes de leerlo — y aun normalizado sigue siendo wall-clock de un pase único en una corrida que no controla ni el estado de caché ni la carga de la máquina ni n_jobs. La comparación normalizada está en PIPELINE.md anclada a su corrida · wall-clock de un pase único en máquina no dedicada: NO es reproducible ni comparable entre corridas y NO es una propiedad del algoritmo — vale como orden de magnitud y como comparación relativa DENTRO de esta misma corrida. La dispersión medida entre corridas y el umbral por debajo del cual una diferencia entre dos filas no significa nada están tabulados en Implementacion/PIPELINE.md sección 'Las columnas de tiempo: qué miden y hasta dónde valen' — anclados al commit de cada corrida y NO aquí a propósito: una cifra dentro del dato no se puede corregir sin re-correr · 'latencia_ms_por_flujo' y 'flujos_por_segundo' miden SOLO el predict/score sobre características ya calculadas y ya en memoria: NO incluyen captura de tráfico · ensamblado del flujo · extracción de las 41 características —donde vive el coste real de un despliegue— así que no son capacidad operativa del sistema,24.93,0.031,22544,0.001375,727197.7,5,df30cb2,2026-08-12T23:17:38
IsolationForest,binario normal-vs-ataque (2 clases) sobre D2 completo,54,False,54,"{'n_estimators': 200, 'max_samples': 1.0}",,,0.991093,0.434173,0.924773,0.924826,0.908556,0.769578,0.833312,0.824743,0.102358,8717,994,2957,9876,4.51,1.124,0.15,'tiempo_s' = el bloque completo del algoritmo. Sus cinco tramos principales en orden de ejecución: (1) los fit del grid — y solo ellos son 'tiempo_entrenamiento_s' — (2) puntuar el set de validación etiquetado (D1_val + la muestra de D3) UNA VEZ POR CONFIGURACIÓN del grid = 'tiempo_score_seleccion_s' (3) puntuar D1_val para fijar el umbral p95 = 'tiempo_score_umbral_s' (4) la inferencia sobre D2 = 'tiempo_inferencia_s' y (5) la cola de evaluar_binario + UNA figura —la matriz de confusión; la de curvas ROC/PR se dibuja al final del script y queda fuera—. 'Principales' es literal: dentro de la misma ventana caen también el submuestreo de OneClassSVM · la construcción del estimador en cada iteración del grid y un roc_auc_score por configuración — despreciables pero no nulos — así que el tramo (5) no tiene columna propia: es lo que queda al restar de 'tiempo_s' las cuatro columnas de tiempo anteriores. El reparto entre tramos se LEE de las columnas de esta misma fila y no se estima. AVISO al reconstruirlo: los tramos (2) (3) y (4) miden la MISMA operación sobre conjuntos de tamaño distinto así que un cociente CRUDO entre dos de ellos NO es un cociente de coste por flujo: hay que dividirlo por la razón de tamaños de sus conjuntos antes de leerlo — y aun normalizado sigue siendo wall-clock de un pase único en una corrida que no controla ni el estado de caché ni la carga de la máquina ni n_jobs. La comparación normalizada está en PIPELINE.md anclada a su corrida · wall-clock de un pase único en máquina no dedicada: NO es reproducible ni comparable entre corridas y NO es una propiedad del algoritmo — vale como orden de magnitud y como comparación relativa DENTRO de esta misma corrida. La dispersión medida entre corridas y el umbral por debajo del cual una diferencia entre dos filas no significa nada están tabulados en Implementacion/PIPELINE.md sección 'Las columnas de tiempo: qué miden y hasta dónde valen' — anclados al commit de cada corrida y NO aquí a propósito: una cifra dentro del dato no se puede corregir sin re-correr · 'latencia_ms_por_flujo' y 'flujos_por_segundo' miden SOLO el predict/score sobre características ya calculadas y ya en memoria: NO incluyen captura de tráfico · ensamblado del flujo · extracción de las 41 características —donde vive el coste real de un despliegue— así que no son capacidad operativa del sistema,2.785,0.244,22544,0.010823,92400.0,6,df30cb2,2026-08-12T23:26:01
OneClassSVM,binario normal-vs-ataque (2 clases) sobre D2 completo,54,False,54,"{'nu': 0.1, 'gamma': 'scale'}",,,0.970459,20.106371,0.830177,0.886373,0.914416,0.686044,0.783937,0.784732,0.084852,8887,824,4029,8804,25.73,10.851,1.619,'tiempo_s' = el bloque completo del algoritmo. Sus cinco tramos principales en orden de ejecución: (1) los fit del grid — y solo ellos son 'tiempo_entrenamiento_s' — (2) puntuar el set de validación etiquetado (D1_val + la muestra de D3) UNA VEZ POR CONFIGURACIÓN del grid = 'tiempo_score_seleccion_s' (3) puntuar D1_val para fijar el umbral p95 = 'tiempo_score_umbral_s' (4) la inferencia sobre D2 = 'tiempo_inferencia_s' y (5) la cola de evaluar_binario + UNA figura —la matriz de confusión; la de curvas ROC/PR se dibuja al final del script y queda fuera—. 'Principales' es literal: dentro de la misma ventana caen también el submuestreo de OneClassSVM · la construcción del estimador en cada iteración del grid y un roc_auc_score por configuración — despreciables pero no nulos — así que el tramo (5) no tiene columna propia: es lo que queda al restar de 'tiempo_s' las cuatro columnas de tiempo anteriores. El reparto entre tramos se LEE de las columnas de esta misma fila y no se estima. AVISO al reconstruirlo: los tramos (2) (3) y (4) miden la MISMA operación sobre conjuntos de tamaño distinto así que un cociente CRUDO entre dos de ellos NO es un cociente de coste por flujo: hay que dividirlo por la razón de tamaños de sus conjuntos antes de leerlo — y aun normalizado sigue siendo wall-clock de un pase único en una corrida que no controla ni el estado de caché ni la carga de la máquina ni n_jobs. La comparación normalizada está en PIPELINE.md anclada a su corrida · wall-clock de un pase único en máquina no dedicada: NO es reproducible ni comparable entre corridas y NO es una propiedad del algoritmo — vale como orden de magnitud y como comparación relativa DENTRO de esta misma corrida. La dispersión medida entre corridas y el umbral por debajo del cual una diferencia entre dos filas no significa nada están tabulados en Implementacion/PIPELINE.md sección 'Las columnas de tiempo: qué miden y hasta dónde valen' — anclados al commit de cada corrida y NO aquí a propósito: una cifra dentro del dato no se puede corregir sin re-correr · 'latencia_ms_por_flujo' y 'flujos_por_segundo' miden SOLO el predict/score sobre características ya calculadas y ya en memoria: NO incluyen captura de tráfico · ensamblado del flujo · extracción de las 41 características —donde vive el coste real de un despliegue— así que no son capacidad operativa del sistema,10.308,2.768,22544,0.122762,8145.9,6,df30cb2,2026-08-12T23:26:01
LocalOutlierFactor,binario normal-vs-ataque (2 clases) sobre D2 completo,54,False,54,{'n_neighbors': 20},,,0.946396,2.159353,0.818988,0.748965,0.811972,0.539079,0.647965,0.666563,0.164968,8109,1602,5915,6918,15.7,3.306,0.785,'tiempo_s' = el bloque completo del algoritmo. Sus cinco tramos principales en orden de ejecución: (1) los fit del grid — y solo ellos son 'tiempo_entrenamiento_s' — (2) puntuar el set de validación etiquetado (D1_val + la muestra de D3) UNA VEZ POR CONFIGURACIÓN del grid = 'tiempo_score_seleccion_s' (3) puntuar D1_val para fijar el umbral p95 = 'tiempo_score_umbral_s' (4) la inferencia sobre D2 = 'tiempo_inferencia_s' y (5) la cola de evaluar_binario + UNA figura —la matriz de confusión; la de curvas ROC/PR se dibuja al final del script y queda fuera—. 'Principales' es literal: dentro de la misma ventana caen también el submuestreo de OneClassSVM · la construcción del estimador en cada iteración del grid y un roc_auc_score por configuración — despreciables pero no nulos — así que el tramo (5) no tiene columna propia: es lo que queda al restar de 'tiempo_s' las cuatro columnas de tiempo anteriores. El reparto entre tramos se LEE de las columnas de esta misma fila y no se estima. AVISO al reconstruirlo: los tramos (2) (3) y (4) miden la MISMA operación sobre conjuntos de tamaño distinto así que un cociente CRUDO entre dos de ellos NO es un cociente de coste por flujo: hay que dividirlo por la razón de tamaños de sus conjuntos antes de leerlo — y aun normalizado sigue siendo wall-clock de un pase único en una corrida que no controla ni el estado de caché ni la carga de la máquina ni n_jobs. La comparación normalizada está en PIPELINE.md anclada a su corrida · wall-clock de un pase único en máquina no dedicada: NO es reproducible ni comparable entre corridas y NO es una propiedad del algoritmo — vale como orden de magnitud y como comparación relativa DENTRO de esta misma corrida. La dispersión medida entre corridas y el umbral por debajo del cual una diferencia entre dos filas no significa nada están tabulados en Implementacion/PIPELINE.md sección 'Las columnas de tiempo: qué miden y hasta dónde valen' — anclados al commit de cada corrida y NO aquí a propósito: una cifra dentro del dato no se puede corregir sin re-correr · 'latencia_ms_por_flujo' y 'flujos_por_segundo' miden SOLO el predict/score sobre características ya calculadas y ya en memoria: NO incluyen captura de tráfico · ensamblado del flujo · extracción de las 41 características —donde vive el coste real de un despliegue— así que no son capacidad operativa del sistema,10.41,0.98,22544,0.043487,22995.3,6,df30cb2,2026-08-12T23:26:01
Autoencoder,binario normal-vs-ataque (2 clases) sobre D2 completo,54,False,54,"{'hidden_layer_sizes': (64, 32, 64)}",93.0,140.0,0.990208,3.7e-05,0.932796,0.930095,0.918607,0.799423,0.854881,0.845502,0.093605,8802,909,2574,10259,29.88,0.036,0.019,'tiempo_s' = el bloque completo del algoritmo. Sus cinco tramos principales en orden de ejecución: (1) los fit del grid — y solo ellos son 'tiempo_entrenamiento_s' — (2) puntuar el set de validación etiquetado (D1_val + la muestra de D3) UNA VEZ POR CONFIGURACIÓN del grid = 'tiempo_score_seleccion_s' (3) puntuar D1_val para fijar el umbral p95 = 'tiempo_score_umbral_s' (4) la inferencia sobre D2 = 'tiempo_inferencia_s' y (5) la cola de evaluar_binario + UNA figura —la matriz de confusión; la de curvas ROC/PR se dibuja al final del script y queda fuera—. 'Principales' es literal: dentro de la misma ventana caen también el submuestreo de OneClassSVM · la construcción del estimador en cada iteración del grid y un roc_auc_score por configuración — despreciables pero no nulos — así que el tramo (5) no tiene columna propia: es lo que queda al restar de 'tiempo_s' las cuatro columnas de tiempo anteriores. El reparto entre tramos se LEE de las columnas de esta misma fila y no se estima. AVISO al reconstruirlo: los tramos (2) (3) y (4) miden la MISMA operación sobre conjuntos de tamaño distinto así que un cociente CRUDO entre dos de ellos NO es un cociente de coste por flujo: hay que dividirlo por la razón de tamaños de sus conjuntos antes de leerlo — y aun normalizado sigue siendo wall-clock de un pase único en una corrida que no controla ni el estado de caché ni la carga de la máquina ni n_jobs. La comparación normalizada está en PIPELINE.md anclada a su corrida · wall-clock de un pase único en máquina no dedicada: NO es reproducible ni comparable entre corridas y NO es una propiedad del algoritmo — vale como orden de magnitud y como comparación relativa DENTRO de esta misma corrida. La dispersión medida entre corridas y el umbral por debajo del cual una diferencia entre dos filas no significa nada están tabulados en Implementacion/PIPELINE.md sección 'Las columnas de tiempo: qué miden y hasta dónde valen' — anclados al commit de cada corrida y NO aquí a propósito: una cifra dentro del dato no se puede corregir sin re-correr · 'latencia_ms_por_flujo' y 'flujos_por_segundo' miden SOLO el predict/score sobre características ya calculadas y ya en memoria: NO incluyen captura de tráfico · ensamblado del flujo · extracción de las 41 características —donde vive el coste real de un despliegue— así que no son capacidad operativa del sistema,29.645,0.028,22544,0.001222,818160.4,6,df30cb2,2026-08-12T23:26:01
IsolationForest,binario normal-vs-ataque (2 clases) sobre D2 completo,122_sin_seleccion,True,122,"{'n_estimators': 200, 'max_samples': 1.0}",,,0.988983,0.400339,0.949318,0.95504,0.91434,0.752747,0.825712,0.819109,0.093193,8806,905,3173,9660,4.45,1.034,0.131,'tiempo_s' = el bloque completo del algoritmo. Sus cinco tramos principales en orden de ejecución: (1) los fit del grid — y solo ellos son 'tiempo_entrenamiento_s' — (2) puntuar el set de validación etiquetado (D1_val + la muestra de D3) UNA VEZ POR CONFIGURACIÓN del grid = 'tiempo_score_seleccion_s' (3) puntuar D1_val para fijar el umbral p95 = 'tiempo_score_umbral_s' (4) la inferencia sobre D2 = 'tiempo_inferencia_s' y (5) la cola de evaluar_binario + UNA figura —la matriz de confusión; la de curvas ROC/PR se dibuja al final del script y queda fuera—. 'Principales' es literal: dentro de la misma ventana caen también el submuestreo de OneClassSVM · la construcción del estimador en cada iteración del grid y un roc_auc_score por configuración — despreciables pero no nulos — así que el tramo (5) no tiene columna propia: es lo que queda al restar de 'tiempo_s' las cuatro columnas de tiempo anteriores. El reparto entre tramos se LEE de las columnas de esta misma fila y no se estima. AVISO al reconstruirlo: los tramos (2) (3) y (4) miden la MISMA operación sobre conjuntos de tamaño distinto así que un cociente CRUDO entre dos de ellos NO es un cociente de coste por flujo: hay que dividirlo por la razón de tamaños de sus conjuntos antes de leerlo — y aun normalizado sigue siendo wall-clock de un pase único en una corrida que no controla ni el estado de caché ni la carga de la máquina ni n_jobs. La comparación normalizada está en PIPELINE.md anclada a su corrida · wall-clock de un pase único en máquina no dedicada: NO es reproducible ni comparable entre corridas y NO es una propiedad del algoritmo — vale como orden de magnitud y como comparación relativa DENTRO de esta misma corrida. La dispersión medida entre corridas y el umbral por debajo del cual una diferencia entre dos filas no significa nada están tabulados en Implementacion/PIPELINE.md sección 'Las columnas de tiempo: qué miden y hasta dónde valen' — anclados al commit de cada corrida y NO aquí a propósito: una cifra dentro del dato no se puede corregir sin re-correr · 'latencia_ms_por_flujo' y 'flujos_por_segundo' miden SOLO el predict/score sobre características ya calculadas y ya en memoria: NO incluyen captura de tráfico · ensamblado del flujo · extracción de las 41 características —donde vive el coste real de un despliegue— así que no son capacidad operativa del sistema,2.874,0.221,22544,0.00981,101941.0,6,df30cb2,2026-08-12T23:32:13
OneClassSVM,binario normal-vs-ataque (2 clases) sobre D2 completo,122_sin_seleccion,True,122,"{'nu': 0.05, 'gamma': 'scale'}",,,0.976256,0.269467,0.88814,0.925071,0.918851,0.710278,0.801213,0.79937,0.082896,8906,805,3718,9115,38.18,12.844,0.959,'tiempo_s' = el bloque completo del algoritmo. Sus cinco tramos principales en orden de ejecución: (1) los fit del grid — y solo ellos son 'tiempo_entrenamiento_s' — (2) puntuar el set de validación etiquetado (D1_val + la muestra de D3) UNA VEZ POR CONFIGURACIÓN del grid = 'tiempo_score_seleccion_s' (3) puntuar D1_val para fijar el umbral p95 = 'tiempo_score_umbral_s' (4) la inferencia sobre D2 = 'tiempo_inferencia_s' y (5) la cola de evaluar_binario + UNA figura —la matriz de confusión; la de curvas ROC/PR se dibuja al final del script y queda fuera—. 'Principales' es literal: dentro de la misma ventana caen también el submuestreo de OneClassSVM · la construcción del estimador en cada iteración del grid y un roc_auc_score por configuración — despreciables pero no nulos — así que el tramo (5) no tiene columna propia: es lo que queda al restar de 'tiempo_s' las cuatro columnas de tiempo anteriores. El reparto entre tramos se LEE de las columnas de esta misma fila y no se estima. AVISO al reconstruirlo: los tramos (2) (3) y (4) miden la MISMA operación sobre conjuntos de tamaño distinto así que un cociente CRUDO entre dos de ellos NO es un cociente de coste por flujo: hay que dividirlo por la razón de tamaños de sus conjuntos antes de leerlo — y aun normalizado sigue siendo wall-clock de un pase único en una corrida que no controla ni el estado de caché ni la carga de la máquina ni n_jobs. La comparación normalizada está en PIPELINE.md anclada a su corrida · wall-clock de un pase único en máquina no dedicada: NO es reproducible ni comparable entre corridas y NO es una propiedad del algoritmo — vale como orden de magnitud y como comparación relativa DENTRO de esta misma corrida. La dispersión medida entre corridas y el umbral por debajo del cual una diferencia entre dos filas no significa nada están tabulados en Implementacion/PIPELINE.md sección 'Las columnas de tiempo: qué miden y hasta dónde valen' — anclados al commit de cada corrida y NO aquí a propósito: una cifra dentro del dato no se puede corregir sin re-correr · 'latencia_ms_por_flujo' y 'flujos_por_segundo' miden SOLO el predict/score sobre características ya calculadas y ya en memoria: NO incluyen captura de tráfico · ensamblado del flujo · extracción de las 41 características —donde vive el coste real de un despliegue— así que no son capacidad operativa del sistema,22.593,1.596,22544,0.070785,14127.2,6,df30cb2,2026-08-12T23:32:13
LocalOutlierFactor,binario normal-vs-ataque (2 clases) sobre D2 completo,122_sin_seleccion,True,122,{'n_neighbors': 35},,,0.946867,2.366178,0.82184,0.748395,0.832003,0.593158,0.692567,0.700231,0.158274,8174,1537,5221,7612,25.41,5.564,1.478,'tiempo_s' = el bloque completo del algoritmo. Sus cinco tramos principales en orden de ejecución: (1) los fit del grid — y solo ellos son 'tiempo_entrenamiento_s' — (2) puntuar el set de validación etiquetado (D1_val + la muestra de D3) UNA VEZ POR CONFIGURACIÓN del grid = 'tiempo_score_seleccion_s' (3) puntuar D1_val para fijar el umbral p95 = 'tiempo_score_umbral_s' (4) la inferencia sobre D2 = 'tiempo_inferencia_s' y (5) la cola de evaluar_binario + UNA figura —la matriz de confusión; la de curvas ROC/PR se dibuja al final del script y queda fuera—. 'Principales' es literal: dentro de la misma ventana caen también el submuestreo de OneClassSVM · la construcción del estimador en cada iteración del grid y un roc_auc_score por configuración — despreciables pero no nulos — así que el tramo (5) no tiene columna propia: es lo que queda al restar de 'tiempo_s' las cuatro columnas de tiempo anteriores. El reparto entre tramos se LEE de las columnas de esta misma fila y no se estima. AVISO al reconstruirlo: los tramos (2) (3) y (4) miden la MISMA operación sobre conjuntos de tamaño distinto así que un cociente CRUDO entre dos de ellos NO es un cociente de coste por flujo: hay que dividirlo por la razón de tamaños de sus conjuntos antes de leerlo — y aun normalizado sigue siendo wall-clock de un pase único en una corrida que no controla ni el estado de caché ni la carga de la máquina ni n_jobs. La comparación normalizada está en PIPELINE.md anclada a su corrida · wall-clock de un pase único en máquina no dedicada: NO es reproducible ni comparable entre corridas y NO es una propiedad del algoritmo — vale como orden de magnitud y como comparación relativa DENTRO de esta misma corrida. La dispersión medida entre corridas y el umbral por debajo del cual una diferencia entre dos filas no significa nada están tabulados en Implementacion/PIPELINE.md sección 'Las columnas de tiempo: qué miden y hasta dónde valen' — anclados al commit de cada corrida y NO aquí a propósito: una cifra dentro del dato no se puede corregir sin re-correr · 'latencia_ms_por_flujo' y 'flujos_por_segundo' miden SOLO el predict/score sobre características ya calculadas y ya en memoria: NO incluyen captura de tráfico · ensamblado del flujo · extracción de las 41 características —donde vive el coste real de un despliegue— así que no son capacidad operativa del sistema,16.296,1.837,22544,0.081499,12270.1,6,df30cb2,2026-08-12T23:32:13
Autoencoder,binario normal-vs-ataque (2 clases) sobre D2 completo,122_sin_seleccion,True,122,"{'hidden_layer_sizes': (32, 16, 32)}",80.0,145.0,0.983171,0.003309,0.945781,0.953592,0.916155,0.767163,0.835065,0.827493,0.092781,8810,901,2988,9845,39.86,0.051,0.019,'tiempo_s' = el bloque completo del algoritmo. Sus cinco tramos principales en orden de ejecución: (1) los fit del grid — y solo ellos son 'tiempo_entrenamiento_s' — (2) puntuar el set de validación etiquetado (D1_val + la muestra de D3) UNA VEZ POR CONFIGURACIÓN del grid = 'tiempo_score_seleccion_s' (3) puntuar D1_val para fijar el umbral p95 = 'tiempo_score_umbral_s' (4) la inferencia sobre D2 = 'tiempo_inferencia_s' y (5) la cola de evaluar_binario + UNA figura —la matriz de confusión; la de curvas ROC/PR se dibuja al final del script y queda fuera—. 'Principales' es literal: dentro de la misma ventana caen también el submuestreo de OneClassSVM · la construcción del estimador en cada iteración del grid y un roc_auc_score por configuración — despreciables pero no nulos — así que el tramo (5) no tiene columna propia: es lo que queda al restar de 'tiempo_s' las cuatro columnas de tiempo anteriores. El reparto entre tramos se LEE de las columnas de esta misma fila y no se estima. AVISO al reconstruirlo: los tramos (2) (3) y (4) miden la MISMA operación sobre conjuntos de tamaño distinto así que un cociente CRUDO entre dos de ellos NO es un cociente de coste por flujo: hay que dividirlo por la razón de tamaños de sus conjuntos antes de leerlo — y aun normalizado sigue siendo wall-clock de un pase único en una corrida que no controla ni el estado de caché ni la carga de la máquina ni n_jobs. La comparación normalizada está en PIPELINE.md anclada a su corrida · wall-clock de un pase único en máquina no dedicada: NO es reproducible ni comparable entre corridas y NO es una propiedad del algoritmo — vale como orden de magnitud y como comparación relativa DENTRO de esta misma corrida. La dispersión medida entre corridas y el umbral por debajo del cual una diferencia entre dos filas no significa nada están tabulados en Implementacion/PIPELINE.md sección 'Las columnas de tiempo: qué miden y hasta dónde valen' — anclados al commit de cada corrida y NO aquí a propósito: una cifra dentro del dato no se puede corregir sin re-correr · 'latencia_ms_por_flujo' y 'flujos_por_segundo' miden SOLO el predict/score sobre características ya calculadas y ya en memoria: NO incluyen captura de tráfico · ensamblado del flujo · extracción de las 41 características —donde vive el coste real de un despliegue— así que no son capacidad operativa del sistema,39.607,0.031,22544,0.001368,731117.2,6,df30cb2,2026-08-12T23:32:13
IsolationForest,binario normal-vs-ataque (2 clases) sobre D2 completo,54,False,54,"{'n_estimators': 100, 'max_samples': 1.0}",,,0.991377,0.432045,0.933216,0.940936,0.912542,0.782981,0.842812,0.833747,0.099166,8748,963,2785,10048,4.41,1.153,0.073,'tiempo_s' = el bloque completo del algoritmo. Sus cinco tramos principales en orden de ejecución: (1) los fit del grid — y solo ellos son 'tiempo_entrenamiento_s' — (2) puntuar el set de validación etiquetado (D1_val + la muestra de D3) UNA VEZ POR CONFIGURACIÓN del grid = 'tiempo_score_seleccion_s' (3) puntuar D1_val para fijar el umbral p95 = 'tiempo_score_umbral_s' (4) la inferencia sobre D2 = 'tiempo_inferencia_s' y (5) la cola de evaluar_binario + UNA figura —la matriz de confusión; la de curvas ROC/PR se dibuja al final del script y queda fuera—. 'Principales' es literal: dentro de la misma ventana caen también el submuestreo de OneClassSVM · la construcción del estimador en cada iteración del grid y un roc_auc_score por configuración — despreciables pero no nulos — así que el tramo (5) no tiene columna propia: es lo que queda al restar de 'tiempo_s' las cuatro columnas de tiempo anteriores. El reparto entre tramos se LEE de las columnas de esta misma fila y no se estima. AVISO al reconstruirlo: los tramos (2) (3) y (4) miden la MISMA operación sobre conjuntos de tamaño distinto así que un cociente CRUDO entre dos de ellos NO es un cociente de coste por flujo: hay que dividirlo por la razón de tamaños de sus conjuntos antes de leerlo — y aun normalizado sigue siendo wall-clock de un pase único en una corrida que no controla ni el estado de caché ni la carga de la máquina ni n_jobs. La comparación normalizada está en PIPELINE.md anclada a su corrida · wall-clock de un pase único en máquina no dedicada: NO es reproducible ni comparable entre corridas y NO es una propiedad del algoritmo — vale como orden de magnitud y como comparación relativa DENTRO de esta misma corrida. La dispersión medida entre corridas y el umbral por debajo del cual una diferencia entre dos filas no significa nada están tabulados en Implementacion/PIPELINE.md sección 'Las columnas de tiempo: qué miden y hasta dónde valen' — anclados al commit de cada corrida y NO aquí a propósito: una cifra dentro del dato no se puede corregir sin re-correr · 'latencia_ms_por_flujo' y 'flujos_por_segundo' miden SOLO el predict/score sobre características ya calculadas y ya en memoria: NO incluyen captura de tráfico · ensamblado del flujo · extracción de las 41 características —donde vive el coste real de un despliegue— así que no son capacidad operativa del sistema,2.872,0.119,22544,0.005274,189603.6,7,df30cb2,2026-08-12T23:41:07
OneClassSVM,binario normal-vs-ataque (2 clases) sobre D2 completo,54,False,54,"{'nu': 0.1, 'gamma': 'scale'}",,,0.971445,18.980714,0.834832,0.888719,0.914713,0.686979,0.784656,0.785353,0.084646,8889,822,4017,8816,25.36,10.691,1.589,'tiempo_s' = el bloque completo del algoritmo. Sus cinco tramos principales en orden de ejecución: (1) los fit del grid — y solo ellos son 'tiempo_entrenamiento_s' — (2) puntuar el set de validación etiquetado (D1_val + la muestra de D3) UNA VEZ POR CONFIGURACIÓN del grid = 'tiempo_score_seleccion_s' (3) puntuar D1_val para fijar el umbral p95 = 'tiempo_score_umbral_s' (4) la inferencia sobre D2 = 'tiempo_inferencia_s' y (5) la cola de evaluar_binario + UNA figura —la matriz de confusión; la de curvas ROC/PR se dibuja al final del script y queda fuera—. 'Principales' es literal: dentro de la misma ventana caen también el submuestreo de OneClassSVM · la construcción del estimador en cada iteración del grid y un roc_auc_score por configuración — despreciables pero no nulos — así que el tramo (5) no tiene columna propia: es lo que queda al restar de 'tiempo_s' las cuatro columnas de tiempo anteriores. El reparto entre tramos se LEE de las columnas de esta misma fila y no se estima. AVISO al reconstruirlo: los tramos (2) (3) y (4) miden la MISMA operación sobre conjuntos de tamaño distinto así que un cociente CRUDO entre dos de ellos NO es un cociente de coste por flujo: hay que dividirlo por la razón de tamaños de sus conjuntos antes de leerlo — y aun normalizado sigue siendo wall-clock de un pase único en una corrida que no controla ni el estado de caché ni la carga de la máquina ni n_jobs. La comparación normalizada está en PIPELINE.md anclada a su corrida · wall-clock de un pase único en máquina no dedicada: NO es reproducible ni comparable entre corridas y NO es una propiedad del algoritmo — vale como orden de magnitud y como comparación relativa DENTRO de esta misma corrida. La dispersión medida entre corridas y el umbral por debajo del cual una diferencia entre dos filas no significa nada están tabulados en Implementacion/PIPELINE.md sección 'Las columnas de tiempo: qué miden y hasta dónde valen' — anclados al commit de cada corrida y NO aquí a propósito: una cifra dentro del dato no se puede corregir sin re-correr · 'latencia_ms_por_flujo' y 'flujos_por_segundo' miden SOLO el predict/score sobre características ya calculadas y ya en memoria: NO incluyen captura de tráfico · ensamblado del flujo · extracción de las 41 características —donde vive el coste real de un despliegue— así que no son capacidad operativa del sistema,10.246,2.66,22544,0.117983,8475.8,7,df30cb2,2026-08-12T23:41:07
LocalOutlierFactor,binario normal-vs-ataque (2 clases) sobre D2 completo,54,False,54,{'n_neighbors': 20},,,0.941238,2.33621,0.820504,0.748418,0.796372,0.468713,0.590111,0.629347,0.158377,8173,1538,6818,6015,15.61,3.312,0.784,'tiempo_s' = el bloque completo del algoritmo. Sus cinco tramos principales en orden de ejecución: (1) los fit del grid — y solo ellos son 'tiempo_entrenamiento_s' — (2) puntuar el set de validación etiquetado (D1_val + la muestra de D3) UNA VEZ POR CONFIGURACIÓN del grid = 'tiempo_score_seleccion_s' (3) puntuar D1_val para fijar el umbral p95 = 'tiempo_score_umbral_s' (4) la inferencia sobre D2 = 'tiempo_inferencia_s' y (5) la cola de evaluar_binario + UNA figura —la matriz de confusión; la de curvas ROC/PR se dibuja al final del script y queda fuera—. 'Principales' es literal: dentro de la misma ventana caen también el submuestreo de OneClassSVM · la construcción del estimador en cada iteración del grid y un roc_auc_score por configuración — despreciables pero no nulos — así que el tramo (5) no tiene columna propia: es lo que queda al restar de 'tiempo_s' las cuatro columnas de tiempo anteriores. El reparto entre tramos se LEE de las columnas de esta misma fila y no se estima. AVISO al reconstruirlo: los tramos (2) (3) y (4) miden la MISMA operación sobre conjuntos de tamaño distinto así que un cociente CRUDO entre dos de ellos NO es un cociente de coste por flujo: hay que dividirlo por la razón de tamaños de sus conjuntos antes de leerlo — y aun normalizado sigue siendo wall-clock de un pase único en una corrida que no controla ni el estado de caché ni la carga de la máquina ni n_jobs. La comparación normalizada está en PIPELINE.md anclada a su corrida · wall-clock de un pase único en máquina no dedicada: NO es reproducible ni comparable entre corridas y NO es una propiedad del algoritmo — vale como orden de magnitud y como comparación relativa DENTRO de esta misma corrida. La dispersión medida entre corridas y el umbral por debajo del cual una diferencia entre dos filas no significa nada están tabulados en Implementacion/PIPELINE.md sección 'Las columnas de tiempo: qué miden y hasta dónde valen' — anclados al commit de cada corrida y NO aquí a propósito: una cifra dentro del dato no se puede corregir sin re-correr · 'latencia_ms_por_flujo' y 'flujos_por_segundo' miden SOLO el predict/score sobre características ya calculadas y ya en memoria: NO incluyen captura de tráfico · ensamblado del flujo · extracción de las 41 características —donde vive el coste real de un despliegue— así que no son capacidad operativa del sistema,10.3,0.994,22544,0.04407,22691.0,7,df30cb2,2026-08-12T23:41:07
Autoencoder,binario normal-vs-ataque (2 clases) sobre D2 completo,54,False,54,"{'hidden_layer_sizes': (64, 32, 64)}",89.0,144.0,0.990826,1.8e-05,0.945956,0.935699,0.921565,0.836827,0.877154,0.866572,0.09412,8797,914,2094,10739,25.51,0.034,0.018,'tiempo_s' = el bloque completo del algoritmo. Sus cinco tramos principales en orden de ejecución: (1) los fit del grid — y solo ellos son 'tiempo_entrenamiento_s' — (2) puntuar el set de validación etiquetado (D1_val + la muestra de D3) UNA VEZ POR CONFIGURACIÓN del grid = 'tiempo_score_seleccion_s' (3) puntuar D1_val para fijar el umbral p95 = 'tiempo_score_umbral_s' (4) la inferencia sobre D2 = 'tiempo_inferencia_s' y (5) la cola de evaluar_binario + UNA figura —la matriz de confusión; la de curvas ROC/PR se dibuja al final del script y queda fuera—. 'Principales' es literal: dentro de la misma ventana caen también el submuestreo de OneClassSVM · la construcción del estimador en cada iteración del grid y un roc_auc_score por configuración — despreciables pero no nulos — así que el tramo (5) no tiene columna propia: es lo que queda al restar de 'tiempo_s' las cuatro columnas de tiempo anteriores. El reparto entre tramos se LEE de las columnas de esta misma fila y no se estima. AVISO al reconstruirlo: los tramos (2) (3) y (4) miden la MISMA operación sobre conjuntos de tamaño distinto así que un cociente CRUDO entre dos de ellos NO es un cociente de coste por flujo: hay que dividirlo por la razón de tamaños de sus conjuntos antes de leerlo — y aun normalizado sigue siendo wall-clock de un pase único en una corrida que no controla ni el estado de caché ni la carga de la máquina ni n_jobs. La comparación normalizada está en PIPELINE.md anclada a su corrida · wall-clock de un pase único en máquina no dedicada: NO es reproducible ni comparable entre corridas y NO es una propiedad del algoritmo — vale como orden de magnitud y como comparación relativa DENTRO de esta misma corrida. La dispersión medida entre corridas y el umbral por debajo del cual una diferencia entre dos filas no significa nada están tabulados en Implementacion/PIPELINE.md sección 'Las columnas de tiempo: qué miden y hasta dónde valen' — anclados al commit de cada corrida y NO aquí a propósito: una cifra dentro del dato no se puede corregir sin re-correr · 'latencia_ms_por_flujo' y 'flujos_por_segundo' miden SOLO el predict/score sobre características ya calculadas y ya en memoria: NO incluyen captura de tráfico · ensamblado del flujo · extracción de las 41 características —donde vive el coste real de un despliegue— así que no son capacidad operativa del sistema,25.279,0.029,22544,0.001267,789435.9,7,df30cb2,2026-08-12T23:41:07
IsolationForest,binario normal-vs-ataque (2 clases) sobre D2 completo,122_sin_seleccion,True,122,"{'n_estimators': 300, 'max_samples': 0.5}",,,0.989983,0.412554,0.953919,0.96093,0.921697,0.732876,0.816513,0.8125,0.082278,8912,799,3428,9405,4.64,1.055,0.187,'tiempo_s' = el bloque completo del algoritmo. Sus cinco tramos principales en orden de ejecución: (1) los fit del grid — y solo ellos son 'tiempo_entrenamiento_s' — (2) puntuar el set de validación etiquetado (D1_val + la muestra de D3) UNA VEZ POR CONFIGURACIÓN del grid = 'tiempo_score_seleccion_s' (3) puntuar D1_val para fijar el umbral p95 = 'tiempo_score_umbral_s' (4) la inferencia sobre D2 = 'tiempo_inferencia_s' y (5) la cola de evaluar_binario + UNA figura —la matriz de confusión; la de curvas ROC/PR se dibuja al final del script y queda fuera—. 'Principales' es literal: dentro de la misma ventana caen también el submuestreo de OneClassSVM · la construcción del estimador en cada iteración del grid y un roc_auc_score por configuración — despreciables pero no nulos — así que el tramo (5) no tiene columna propia: es lo que queda al restar de 'tiempo_s' las cuatro columnas de tiempo anteriores. El reparto entre tramos se LEE de las columnas de esta misma fila y no se estima. AVISO al reconstruirlo: los tramos (2) (3) y (4) miden la MISMA operación sobre conjuntos de tamaño distinto así que un cociente CRUDO entre dos de ellos NO es un cociente de coste por flujo: hay que dividirlo por la razón de tamaños de sus conjuntos antes de leerlo — y aun normalizado sigue siendo wall-clock de un pase único en una corrida que no controla ni el estado de caché ni la carga de la máquina ni n_jobs. La comparación normalizada está en PIPELINE.md anclada a su corrida · wall-clock de un pase único en máquina no dedicada: NO es reproducible ni comparable entre corridas y NO es una propiedad del algoritmo — vale como orden de magnitud y como comparación relativa DENTRO de esta misma corrida. La dispersión medida entre corridas y el umbral por debajo del cual una diferencia entre dos filas no significa nada están tabulados en Implementacion/PIPELINE.md sección 'Las columnas de tiempo: qué miden y hasta dónde valen' — anclados al commit de cada corrida y NO aquí a propósito: una cifra dentro del dato no se puede corregir sin re-correr · 'latencia_ms_por_flujo' y 'flujos_por_segundo' miden SOLO el predict/score sobre características ya calculadas y ya en memoria: NO incluyen captura de tráfico · ensamblado del flujo · extracción de las 41 características —donde vive el coste real de un despliegue— así que no son capacidad operativa del sistema,2.876,0.317,22544,0.014059,71126.5,7,df30cb2,2026-08-12T23:46:48
OneClassSVM,binario normal-vs-ataque (2 clases) sobre D2 completo,122_sin_seleccion,True,122,"{'nu': 0.05, 'gamma': 'scale'}",,,0.977083,-0.147902,0.889733,0.925945,0.919173,0.709811,0.801038,0.799281,0.082484,8910,801,3724,9109,40.26,13.911,1.038,'tiempo_s' = el bloque completo del algoritmo. Sus cinco tramos principales en orden de ejecución: (1) los fit del grid — y solo ellos son 'tiempo_entrenamiento_s' — (2) puntuar el set de validación etiquetado (D1_val + la muestra de D3) UNA VEZ POR CONFIGURACIÓN del grid = 'tiempo_score_seleccion_s' (3) puntuar D1_val para fijar el umbral p95 = 'tiempo_score_umbral_s' (4) la inferencia sobre D2 = 'tiempo_inferencia_s' y (5) la cola de evaluar_binario + UNA figura —la matriz de confusión; la de curvas ROC/PR se dibuja al final del script y queda fuera—. 'Principales' es literal: dentro de la misma ventana caen también el submuestreo de OneClassSVM · la construcción del estimador en cada iteración del grid y un roc_auc_score por configuración — despreciables pero no nulos — así que el tramo (5) no tiene columna propia: es lo que queda al restar de 'tiempo_s' las cuatro columnas de tiempo anteriores. El reparto entre tramos se LEE de las columnas de esta misma fila y no se estima. AVISO al reconstruirlo: los tramos (2) (3) y (4) miden la MISMA operación sobre conjuntos de tamaño distinto así que un cociente CRUDO entre dos de ellos NO es un cociente de coste por flujo: hay que dividirlo por la razón de tamaños de sus conjuntos antes de leerlo — y aun normalizado sigue siendo wall-clock de un pase único en una corrida que no controla ni el estado de caché ni la carga de la máquina ni n_jobs. La comparación normalizada está en PIPELINE.md anclada a su corrida · wall-clock de un pase único en máquina no dedicada: NO es reproducible ni comparable entre corridas y NO es una propiedad del algoritmo — vale como orden de magnitud y como comparación relativa DENTRO de esta misma corrida. La dispersión medida entre corridas y el umbral por debajo del cual una diferencia entre dos filas no significa nada están tabulados en Implementacion/PIPELINE.md sección 'Las columnas de tiempo: qué miden y hasta dónde valen' — anclados al commit de cada corrida y NO aquí a propósito: una cifra dentro del dato no se puede corregir sin re-correr · 'latencia_ms_por_flujo' y 'flujos_por_segundo' miden SOLO el predict/score sobre características ya calculadas y ya en memoria: NO incluyen captura de tráfico · ensamblado del flujo · extracción de las 41 características —donde vive el coste real de un despliegue— así que no son capacidad operativa del sistema,23.39,1.722,22544,0.076403,13088.6,7,df30cb2,2026-08-12T23:46:48
LocalOutlierFactor,binario normal-vs-ataque (2 clases) sobre D2 completo,122_sin_seleccion,True,122,{'n_neighbors': 20},,,0.94961,2.424558,0.833863,0.758795,0.841376,0.648095,0.732195,0.730128,0.161466,8143,1568,4516,8317,24.09,5.338,1.423,'tiempo_s' = el bloque completo del algoritmo. Sus cinco tramos principales en orden de ejecución: (1) los fit del grid — y solo ellos son 'tiempo_entrenamiento_s' — (2) puntuar el set de validación etiquetado (D1_val + la muestra de D3) UNA VEZ POR CONFIGURACIÓN del grid = 'tiempo_score_seleccion_s' (3) puntuar D1_val para fijar el umbral p95 = 'tiempo_score_umbral_s' (4) la inferencia sobre D2 = 'tiempo_inferencia_s' y (5) la cola de evaluar_binario + UNA figura —la matriz de confusión; la de curvas ROC/PR se dibuja al final del script y queda fuera—. 'Principales' es literal: dentro de la misma ventana caen también el submuestreo de OneClassSVM · la construcción del estimador en cada iteración del grid y un roc_auc_score por configuración — despreciables pero no nulos — así que el tramo (5) no tiene columna propia: es lo que queda al restar de 'tiempo_s' las cuatro columnas de tiempo anteriores. El reparto entre tramos se LEE de las columnas de esta misma fila y no se estima. AVISO al reconstruirlo: los tramos (2) (3) y (4) miden la MISMA operación sobre conjuntos de tamaño distinto así que un cociente CRUDO entre dos de ellos NO es un cociente de coste por flujo: hay que dividirlo por la razón de tamaños de sus conjuntos antes de leerlo — y aun normalizado sigue siendo wall-clock de un pase único en una corrida que no controla ni el estado de caché ni la carga de la máquina ni n_jobs. La comparación normalizada está en PIPELINE.md anclada a su corrida · wall-clock de un pase único en máquina no dedicada: NO es reproducible ni comparable entre corridas y NO es una propiedad del algoritmo — vale como orden de magnitud y como comparación relativa DENTRO de esta misma corrida. La dispersión medida entre corridas y el umbral por debajo del cual una diferencia entre dos filas no significa nada están tabulados en Implementacion/PIPELINE.md sección 'Las columnas de tiempo: qué miden y hasta dónde valen' — anclados al commit de cada corrida y NO aquí a propósito: una cifra dentro del dato no se puede corregir sin re-correr · 'latencia_ms_por_flujo' y 'flujos_por_segundo' miden SOLO el predict/score sobre características ya calculadas y ya en memoria: NO incluyen captura de tráfico · ensamblado del flujo · extracción de las 41 características —donde vive el coste real de un despliegue— así que no son capacidad operativa del sistema,15.294,1.791,22544,0.079427,12590.2,7,df30cb2,2026-08-12T23:46:48
Autoencoder,binario normal-vs-ataque (2 clases) sobre D2 completo,122_sin_seleccion,True,122,"{'hidden_layer_sizes': (64, 32, 64)}",62.0,112.0,0.986986,0.000102,0.953883,0.959934,0.928452,0.866594,0.896457,0.886045,0.08825,8854,857,1712,11121,27.96,0.047,0.019,'tiempo_s' = el bloque completo del algoritmo. Sus cinco tramos principales en orden de ejecución: (1) los fit del grid — y solo ellos son 'tiempo_entrenamiento_s' — (2) puntuar el set de validación etiquetado (D1_val + la muestra de D3) UNA VEZ POR CONFIGURACIÓN del grid = 'tiempo_score_seleccion_s' (3) puntuar D1_val para fijar el umbral p95 = 'tiempo_score_umbral_s' (4) la inferencia sobre D2 = 'tiempo_inferencia_s' y (5) la cola de evaluar_binario + UNA figura —la matriz de confusión; la de curvas ROC/PR se dibuja al final del script y queda fuera—. 'Principales' es literal: dentro de la misma ventana caen también el submuestreo de OneClassSVM · la construcción del estimador en cada iteración del grid y un roc_auc_score por configuración — despreciables pero no nulos — así que el tramo (5) no tiene columna propia: es lo que queda al restar de 'tiempo_s' las cuatro columnas de tiempo anteriores. El reparto entre tramos se LEE de las columnas de esta misma fila y no se estima. AVISO al reconstruirlo: los tramos (2) (3) y (4) miden la MISMA operación sobre conjuntos de tamaño distinto así que un cociente CRUDO entre dos de ellos NO es un cociente de coste por flujo: hay que dividirlo por la razón de tamaños de sus conjuntos antes de leerlo — y aun normalizado sigue siendo wall-clock de un pase único en una corrida que no controla ni el estado de caché ni la carga de la máquina ni n_jobs. La comparación normalizada está en PIPELINE.md anclada a su corrida · wall-clock de un pase único en máquina no dedicada: NO es reproducible ni comparable entre corridas y NO es una propiedad del algoritmo — vale como orden de magnitud y como comparación relativa DENTRO de esta misma corrida. La dispersión medida entre corridas y el umbral por debajo del cual una diferencia entre dos filas no significa nada están tabulados en Implementacion/PIPELINE.md sección 'Las columnas de tiempo: qué miden y hasta dónde valen' — anclados al commit de cada corrida y NO aquí a propósito: una cifra dentro del dato no se puede corregir sin re-correr · 'latencia_ms_por_flujo' y 'flujos_por_segundo' miden SOLO el predict/score sobre características ya calculadas y ya en memoria: NO incluyen captura de tráfico · ensamblado del flujo · extracción de las 41 características —donde vive el coste real de un despliegue— así que no son capacidad operativa del sistema,27.707,0.03,22544,0.001345,743641.1,7,df30cb2,2026-08-12T23:46:48
IsolationForest,binario normal-vs-ataque (2 clases) sobre D2 completo,54,False,54,"{'n_estimators': 100, 'max_samples': 1.0}",,,0.99028,0.436285,0.931381,0.939286,0.908491,0.740357,0.815852,0.80975,0.098548,8754,957,3332,9501,4.4,1.182,0.077,'tiempo_s' = el bloque completo del algoritmo. Sus cinco tramos principales en orden de ejecución: (1) los fit del grid — y solo ellos son 'tiempo_entrenamiento_s' — (2) puntuar el set de validación etiquetado (D1_val + la muestra de D3) UNA VEZ POR CONFIGURACIÓN del grid = 'tiempo_score_seleccion_s' (3) puntuar D1_val para fijar el umbral p95 = 'tiempo_score_umbral_s' (4) la inferencia sobre D2 = 'tiempo_inferencia_s' y (5) la cola de evaluar_binario + UNA figura —la matriz de confusión; la de curvas ROC/PR se dibuja al final del script y queda fuera—. 'Principales' es literal: dentro de la misma ventana caen también el submuestreo de OneClassSVM · la construcción del estimador en cada iteración del grid y un roc_auc_score por configuración — despreciables pero no nulos — así que el tramo (5) no tiene columna propia: es lo que queda al restar de 'tiempo_s' las cuatro columnas de tiempo anteriores. El reparto entre tramos se LEE de las columnas de esta misma fila y no se estima. AVISO al reconstruirlo: los tramos (2) (3) y (4) miden la MISMA operación sobre conjuntos de tamaño distinto así que un cociente CRUDO entre dos de ellos NO es un cociente de coste por flujo: hay que dividirlo por la razón de tamaños de sus conjuntos antes de leerlo — y aun normalizado sigue siendo wall-clock de un pase único en una corrida que no controla ni el estado de caché ni la carga de la máquina ni n_jobs. La comparación normalizada está en PIPELINE.md anclada a su corrida · wall-clock de un pase único en máquina no dedicada: NO es reproducible ni comparable entre corridas y NO es una propiedad del algoritmo — vale como orden de magnitud y como comparación relativa DENTRO de esta misma corrida. La dispersión medida entre corridas y el umbral por debajo del cual una diferencia entre dos filas no significa nada están tabulados en Implementacion/PIPELINE.md sección 'Las columnas de tiempo: qué miden y hasta dónde valen' — anclados al commit de cada corrida y NO aquí a propósito: una cifra dentro del dato no se puede corregir sin re-correr · 'latencia_ms_por_flujo' y 'flujos_por_segundo' miden SOLO el predict/score sobre características ya calculadas y ya en memoria: NO incluyen captura de tráfico · ensamblado del flujo · extracción de las 41 características —donde vive el coste real de un despliegue— así que no son capacidad operativa del sistema,2.804,0.129,22544,0.005727,174606.3,8,df30cb2,2026-08-12T23:54:50
OneClassSVM,binario normal-vs-ataque (2 clases) sobre D2 completo,54,False,54,"{'nu': 0.1, 'gamma': 'scale'}",,,0.969988,22.267527,0.83429,0.888804,0.916045,0.679342,0.780134,0.782026,0.082278,8912,799,4115,8718,25.65,10.631,1.58,'tiempo_s' = el bloque completo del algoritmo. Sus cinco tramos principales en orden de ejecución: (1) los fit del grid — y solo ellos son 'tiempo_entrenamiento_s' — (2) puntuar el set de validación etiquetado (D1_val + la muestra de D3) UNA VEZ POR CONFIGURACIÓN del grid = 'tiempo_score_seleccion_s' (3) puntuar D1_val para fijar el umbral p95 = 'tiempo_score_umbral_s' (4) la inferencia sobre D2 = 'tiempo_inferencia_s' y (5) la cola de evaluar_binario + UNA figura —la matriz de confusión; la de curvas ROC/PR se dibuja al final del script y queda fuera—. 'Principales' es literal: dentro de la misma ventana caen también el submuestreo de OneClassSVM · la construcción del estimador en cada iteración del grid y un roc_auc_score por configuración — despreciables pero no nulos — así que el tramo (5) no tiene columna propia: es lo que queda al restar de 'tiempo_s' las cuatro columnas de tiempo anteriores. El reparto entre tramos se LEE de las columnas de esta misma fila y no se estima. AVISO al reconstruirlo: los tramos (2) (3) y (4) miden la MISMA operación sobre conjuntos de tamaño distinto así que un cociente CRUDO entre dos de ellos NO es un cociente de coste por flujo: hay que dividirlo por la razón de tamaños de sus conjuntos antes de leerlo — y aun normalizado sigue siendo wall-clock de un pase único en una corrida que no controla ni el estado de caché ni la carga de la máquina ni n_jobs. La comparación normalizada está en PIPELINE.md anclada a su corrida · wall-clock de un pase único en máquina no dedicada: NO es reproducible ni comparable entre corridas y NO es una propiedad del algoritmo — vale como orden de magnitud y como comparación relativa DENTRO de esta misma corrida. La dispersión medida entre corridas y el umbral por debajo del cual una diferencia entre dos filas no significa nada están tabulados en Implementacion/PIPELINE.md sección 'Las columnas de tiempo: qué miden y hasta dónde valen' — anclados al commit de cada corrida y NO aquí a propósito: una cifra dentro del dato no se puede corregir sin re-correr · 'latencia_ms_por_flujo' y 'flujos_por_segundo' miden SOLO el predict/score sobre características ya calculadas y ya en memoria: NO incluyen captura de tráfico · ensamblado del flujo · extracción de las 41 características —donde vive el coste real de un despliegue— así que no son capacidad operativa del sistema,10.609,2.647,22544,0.117425,8516.1,8,df30cb2,2026-08-12T23:54:50
LocalOutlierFactor,binario normal-vs-ataque (2 clases) sobre D2 completo,54,False,54,{'n_neighbors': 20},,,0.938374,2.310905,0.807832,0.740986,0.795769,0.466064,0.587842,0.627972,0.158068,8176,1535,6852,5981,15.93,3.391,0.818,'tiempo_s' = el bloque completo del algoritmo. Sus cinco tramos principales en orden de ejecución: (1) los fit del grid — y solo ellos son 'tiempo_entrenamiento_s' — (2) puntuar el set de validación etiquetado (D1_val + la muestra de D3) UNA VEZ POR CONFIGURACIÓN del grid = 'tiempo_score_seleccion_s' (3) puntuar D1_val para fijar el umbral p95 = 'tiempo_score_umbral_s' (4) la inferencia sobre D2 = 'tiempo_inferencia_s' y (5) la cola de evaluar_binario + UNA figura —la matriz de confusión; la de curvas ROC/PR se dibuja al final del script y queda fuera—. 'Principales' es literal: dentro de la misma ventana caen también el submuestreo de OneClassSVM · la construcción del estimador en cada iteración del grid y un roc_auc_score por configuración — despreciables pero no nulos — así que el tramo (5) no tiene columna propia: es lo que queda al restar de 'tiempo_s' las cuatro columnas de tiempo anteriores. El reparto entre tramos se LEE de las columnas de esta misma fila y no se estima. AVISO al reconstruirlo: los tramos (2) (3) y (4) miden la MISMA operación sobre conjuntos de tamaño distinto así que un cociente CRUDO entre dos de ellos NO es un cociente de coste por flujo: hay que dividirlo por la razón de tamaños de sus conjuntos antes de leerlo — y aun normalizado sigue siendo wall-clock de un pase único en una corrida que no controla ni el estado de caché ni la carga de la máquina ni n_jobs. La comparación normalizada está en PIPELINE.md anclada a su corrida · wall-clock de un pase único en máquina no dedicada: NO es reproducible ni comparable entre corridas y NO es una propiedad del algoritmo — vale como orden de magnitud y como comparación relativa DENTRO de esta misma corrida. La dispersión medida entre corridas y el umbral por debajo del cual una diferencia entre dos filas no significa nada están tabulados en Implementacion/PIPELINE.md sección 'Las columnas de tiempo: qué miden y hasta dónde valen' — anclados al commit de cada corrida y NO aquí a propósito: una cifra dentro del dato no se puede corregir sin re-correr · 'latencia_ms_por_flujo' y 'flujos_por_segundo' miden SOLO el predict/score sobre características ya calculadas y ya en memoria: NO incluyen captura de tráfico · ensamblado del flujo · extracción de las 41 características —donde vive el coste real de un despliegue— así que no son capacidad operativa del sistema,10.522,0.992,22544,0.043999,22727.9,8,df30cb2,2026-08-12T23:54:50
Autoencoder,binario normal-vs-ataque (2 clases) sobre D2 completo,54,False,54,"{'hidden_layer_sizes': (64, 32, 64)}",27.0,59.0,0.987474,0.000297,0.933909,0.92244,0.923051,0.865581,0.893393,0.882408,0.095356,8785,926,1725,11108,8.89,0.031,0.017,'tiempo_s' = el bloque completo del algoritmo. Sus cinco tramos principales en orden de ejecución: (1) los fit del grid — y solo ellos son 'tiempo_entrenamiento_s' — (2) puntuar el set de validación etiquetado (D1_val + la muestra de D3) UNA VEZ POR CONFIGURACIÓN del grid = 'tiempo_score_seleccion_s' (3) puntuar D1_val para fijar el umbral p95 = 'tiempo_score_umbral_s' (4) la inferencia sobre D2 = 'tiempo_inferencia_s' y (5) la cola de evaluar_binario + UNA figura —la matriz de confusión; la de curvas ROC/PR se dibuja al final del script y queda fuera—. 'Principales' es literal: dentro de la misma ventana caen también el submuestreo de OneClassSVM · la construcción del estimador en cada iteración del grid y un roc_auc_score por configuración — despreciables pero no nulos — así que el tramo (5) no tiene columna propia: es lo que queda al restar de 'tiempo_s' las cuatro columnas de tiempo anteriores. El reparto entre tramos se LEE de las columnas de esta misma fila y no se estima. AVISO al reconstruirlo: los tramos (2) (3) y (4) miden la MISMA operación sobre conjuntos de tamaño distinto así que un cociente CRUDO entre dos de ellos NO es un cociente de coste por flujo: hay que dividirlo por la razón de tamaños de sus conjuntos antes de leerlo — y aun normalizado sigue siendo wall-clock de un pase único en una corrida que no controla ni el estado de caché ni la carga de la máquina ni n_jobs. La comparación normalizada está en PIPELINE.md anclada a su corrida · wall-clock de un pase único en máquina no dedicada: NO es reproducible ni comparable entre corridas y NO es una propiedad del algoritmo — vale como orden de magnitud y como comparación relativa DENTRO de esta misma corrida. La dispersión medida entre corridas y el umbral por debajo del cual una diferencia entre dos filas no significa nada están tabulados en Implementacion/PIPELINE.md sección 'Las columnas de tiempo: qué miden y hasta dónde valen' — anclados al commit de cada corrida y NO aquí a propósito: una cifra dentro del dato no se puede corregir sin re-correr · 'latencia_ms_por_flujo' y 'flujos_por_segundo' miden SOLO el predict/score sobre características ya calculadas y ya en memoria: NO incluyen captura de tráfico · ensamblado del flujo · extracción de las 41 características —donde vive el coste real de un despliegue— así que no son capacidad operativa del sistema,8.673,0.027,22544,0.001202,831759.2,8,df30cb2,2026-08-12T23:54:51
IsolationForest,binario normal-vs-ataque (2 clases) sobre D2 completo,122_sin_seleccion,True,122,"{'n_estimators': 200, 'max_samples': 0.5}",,,0.99012,0.410914,0.951925,0.957752,0.916322,0.725318,0.809708,0.805935,0.08753,8861,850,3525,9308,4.55,1.085,0.124,'tiempo_s' = el bloque completo del algoritmo. Sus cinco tramos principales en orden de ejecución: (1) los fit del grid — y solo ellos son 'tiempo_entrenamiento_s' — (2) puntuar el set de validación etiquetado (D1_val + la muestra de D3) UNA VEZ POR CONFIGURACIÓN del grid = 'tiempo_score_seleccion_s' (3) puntuar D1_val para fijar el umbral p95 = 'tiempo_score_umbral_s' (4) la inferencia sobre D2 = 'tiempo_inferencia_s' y (5) la cola de evaluar_binario + UNA figura —la matriz de confusión; la de curvas ROC/PR se dibuja al final del script y queda fuera—. 'Principales' es literal: dentro de la misma ventana caen también el submuestreo de OneClassSVM · la construcción del estimador en cada iteración del grid y un roc_auc_score por configuración — despreciables pero no nulos — así que el tramo (5) no tiene columna propia: es lo que queda al restar de 'tiempo_s' las cuatro columnas de tiempo anteriores. El reparto entre tramos se LEE de las columnas de esta misma fila y no se estima. AVISO al reconstruirlo: los tramos (2) (3) y (4) miden la MISMA operación sobre conjuntos de tamaño distinto así que un cociente CRUDO entre dos de ellos NO es un cociente de coste por flujo: hay que dividirlo por la razón de tamaños de sus conjuntos antes de leerlo — y aun normalizado sigue siendo wall-clock de un pase único en una corrida que no controla ni el estado de caché ni la carga de la máquina ni n_jobs. La comparación normalizada está en PIPELINE.md anclada a su corrida · wall-clock de un pase único en máquina no dedicada: NO es reproducible ni comparable entre corridas y NO es una propiedad del algoritmo — vale como orden de magnitud y como comparación relativa DENTRO de esta misma corrida. La dispersión medida entre corridas y el umbral por debajo del cual una diferencia entre dos filas no significa nada están tabulados en Implementacion/PIPELINE.md sección 'Las columnas de tiempo: qué miden y hasta dónde valen' — anclados al commit de cada corrida y NO aquí a propósito: una cifra dentro del dato no se puede corregir sin re-correr · 'latencia_ms_por_flujo' y 'flujos_por_segundo' miden SOLO el predict/score sobre características ya calculadas y ya en memoria: NO incluyen captura de tráfico · ensamblado del flujo · extracción de las 41 características —donde vive el coste real de un despliegue— así que no son capacidad operativa del sistema,2.924,0.21,22544,0.009311,107401.9,8,df30cb2,2026-08-13T00:01:24
OneClassSVM,binario normal-vs-ataque (2 clases) sobre D2 completo,122_sin_seleccion,True,122,"{'nu': 0.05, 'gamma': 'scale'}",,,0.975671,0.06756,0.888804,0.925565,0.919241,0.709577,0.800915,0.799193,0.082381,8911,800,3727,9106,39.71,13.13,0.962,'tiempo_s' = el bloque completo del algoritmo. Sus cinco tramos principales en orden de ejecución: (1) los fit del grid — y solo ellos son 'tiempo_entrenamiento_s' — (2) puntuar el set de validación etiquetado (D1_val + la muestra de D3) UNA VEZ POR CONFIGURACIÓN del grid = 'tiempo_score_seleccion_s' (3) puntuar D1_val para fijar el umbral p95 = 'tiempo_score_umbral_s' (4) la inferencia sobre D2 = 'tiempo_inferencia_s' y (5) la cola de evaluar_binario + UNA figura —la matriz de confusión; la de curvas ROC/PR se dibuja al final del script y queda fuera—. 'Principales' es literal: dentro de la misma ventana caen también el submuestreo de OneClassSVM · la construcción del estimador en cada iteración del grid y un roc_auc_score por configuración — despreciables pero no nulos — así que el tramo (5) no tiene columna propia: es lo que queda al restar de 'tiempo_s' las cuatro columnas de tiempo anteriores. El reparto entre tramos se LEE de las columnas de esta misma fila y no se estima. AVISO al reconstruirlo: los tramos (2) (3) y (4) miden la MISMA operación sobre conjuntos de tamaño distinto así que un cociente CRUDO entre dos de ellos NO es un cociente de coste por flujo: hay que dividirlo por la razón de tamaños de sus conjuntos antes de leerlo — y aun normalizado sigue siendo wall-clock de un pase único en una corrida que no controla ni el estado de caché ni la carga de la máquina ni n_jobs. La comparación normalizada está en PIPELINE.md anclada a su corrida · wall-clock de un pase único en máquina no dedicada: NO es reproducible ni comparable entre corridas y NO es una propiedad del algoritmo — vale como orden de magnitud y como comparación relativa DENTRO de esta misma corrida. La dispersión medida entre corridas y el umbral por debajo del cual una diferencia entre dos filas no significa nada están tabulados en Implementacion/PIPELINE.md sección 'Las columnas de tiempo: qué miden y hasta dónde valen' — anclados al commit de cada corrida y NO aquí a propósito: una cifra dentro del dato no se puede corregir sin re-correr · 'latencia_ms_por_flujo' y 'flujos_por_segundo' miden SOLO el predict/score sobre características ya calculadas y ya en memoria: NO incluyen captura de tráfico · ensamblado del flujo · extracción de las 41 características —donde vive el coste real de un despliegue— así que no son capacidad operativa del sistema,23.834,1.599,22544,0.070931,14098.2,8,df30cb2,2026-08-13T00:01:24
LocalOutlierFactor,binario normal-vs-ataque (2 clases) sobre D2 completo,122_sin_seleccion,True,122,{'n_neighbors': 20},,,0.943058,2.421928,0.830588,0.756971,0.839071,0.63625,0.723719,0.723474,0.16126,8145,1566,4668,8165,25.1,5.614,1.398,'tiempo_s' = el bloque completo del algoritmo. Sus cinco tramos principales en orden de ejecución: (1) los fit del grid — y solo ellos son 'tiempo_entrenamiento_s' — (2) puntuar el set de validación etiquetado (D1_val + la muestra de D3) UNA VEZ POR CONFIGURACIÓN del grid = 'tiempo_score_seleccion_s' (3) puntuar D1_val para fijar el umbral p95 = 'tiempo_score_umbral_s' (4) la inferencia sobre D2 = 'tiempo_inferencia_s' y (5) la cola de evaluar_binario + UNA figura —la matriz de confusión; la de curvas ROC/PR se dibuja al final del script y queda fuera—. 'Principales' es literal: dentro de la misma ventana caen también el submuestreo de OneClassSVM · la construcción del estimador en cada iteración del grid y un roc_auc_score por configuración — despreciables pero no nulos — así que el tramo (5) no tiene columna propia: es lo que queda al restar de 'tiempo_s' las cuatro columnas de tiempo anteriores. El reparto entre tramos se LEE de las columnas de esta misma fila y no se estima. AVISO al reconstruirlo: los tramos (2) (3) y (4) miden la MISMA operación sobre conjuntos de tamaño distinto así que un cociente CRUDO entre dos de ellos NO es un cociente de coste por flujo: hay que dividirlo por la razón de tamaños de sus conjuntos antes de leerlo — y aun normalizado sigue siendo wall-clock de un pase único en una corrida que no controla ni el estado de caché ni la carga de la máquina ni n_jobs. La comparación normalizada está en PIPELINE.md anclada a su corrida · wall-clock de un pase único en máquina no dedicada: NO es reproducible ni comparable entre corridas y NO es una propiedad del algoritmo — vale como orden de magnitud y como comparación relativa DENTRO de esta misma corrida. La dispersión medida entre corridas y el umbral por debajo del cual una diferencia entre dos filas no significa nada están tabulados en Implementacion/PIPELINE.md sección 'Las columnas de tiempo: qué miden y hasta dónde valen' — anclados al commit de cada corrida y NO aquí a propósito: una cifra dentro del dato no se puede corregir sin re-correr · 'latencia_ms_por_flujo' y 'flujos_por_segundo' miden SOLO el predict/score sobre características ya calculadas y ya en memoria: NO incluyen captura de tráfico · ensamblado del flujo · extracción de las 41 características —donde vive el coste real de un despliegue— así que no son capacidad operativa del sistema,16.041,1.81,22544,0.080297,12453.7,8,df30cb2,2026-08-13T00:01:24
Autoencoder,binario normal-vs-ataque (2 clases) sobre D2 completo,122_sin_seleccion,True,122,"{'hidden_layer_sizes': (32, 16, 32)}",66.0,115.0,0.984843,0.00434,0.950532,0.957326,0.923294,0.764435,0.836388,0.829755,0.083925,8896,815,3023,9810,29.69,0.049,0.016,'tiempo_s' = el bloque completo del algoritmo. Sus cinco tramos principales en orden de ejecución: (1) los fit del grid — y solo ellos son 'tiempo_entrenamiento_s' — (2) puntuar el set de validación etiquetado (D1_val + la muestra de D3) UNA VEZ POR CONFIGURACIÓN del grid = 'tiempo_score_seleccion_s' (3) puntuar D1_val para fijar el umbral p95 = 'tiempo_score_umbral_s' (4) la inferencia sobre D2 = 'tiempo_inferencia_s' y (5) la cola de evaluar_binario + UNA figura —la matriz de confusión; la de curvas ROC/PR se dibuja al final del script y queda fuera—. 'Principales' es literal: dentro de la misma ventana caen también el submuestreo de OneClassSVM · la construcción del estimador en cada iteración del grid y un roc_auc_score por configuración — despreciables pero no nulos — así que el tramo (5) no tiene columna propia: es lo que queda al restar de 'tiempo_s' las cuatro columnas de tiempo anteriores. El reparto entre tramos se LEE de las columnas de esta misma fila y no se estima. AVISO al reconstruirlo: los tramos (2) (3) y (4) miden la MISMA operación sobre conjuntos de tamaño distinto así que un cociente CRUDO entre dos de ellos NO es un cociente de coste por flujo: hay que dividirlo por la razón de tamaños de sus conjuntos antes de leerlo — y aun normalizado sigue siendo wall-clock de un pase único en una corrida que no controla ni el estado de caché ni la carga de la máquina ni n_jobs. La comparación normalizada está en PIPELINE.md anclada a su corrida · wall-clock de un pase único en máquina no dedicada: NO es reproducible ni comparable entre corridas y NO es una propiedad del algoritmo — vale como orden de magnitud y como comparación relativa DENTRO de esta misma corrida. La dispersión medida entre corridas y el umbral por debajo del cual una diferencia entre dos filas no significa nada están tabulados en Implementacion/PIPELINE.md sección 'Las columnas de tiempo: qué miden y hasta dónde valen' — anclados al commit de cada corrida y NO aquí a propósito: una cifra dentro del dato no se puede corregir sin re-correr · 'latencia_ms_por_flujo' y 'flujos_por_segundo' miden SOLO el predict/score sobre características ya calculadas y ya en memoria: NO incluyen captura de tráfico · ensamblado del flujo · extracción de las 41 características —donde vive el coste real de un despliegue— así que no son capacidad operativa del sistema,29.454,0.025,22544,0.001105,904920.0,8,df30cb2,2026-08-13T00:01:24
IsolationForest,binario normal-vs-ataque (2 clases) sobre D2 completo,54,False,54,"{'n_estimators': 100, 'max_samples': 1.0}",,,0.992038,0.437589,0.925537,0.928802,0.909985,0.779085,0.839463,0.830376,0.101843,8722,989,2835,9998,4.32,1.154,0.073,'tiempo_s' = el bloque completo del algoritmo. Sus cinco tramos principales en orden de ejecución: (1) los fit del grid — y solo ellos son 'tiempo_entrenamiento_s' — (2) puntuar el set de validación etiquetado (D1_val + la muestra de D3) UNA VEZ POR CONFIGURACIÓN del grid = 'tiempo_score_seleccion_s' (3) puntuar D1_val para fijar el umbral p95 = 'tiempo_score_umbral_s' (4) la inferencia sobre D2 = 'tiempo_inferencia_s' y (5) la cola de evaluar_binario + UNA figura —la matriz de confusión; la de curvas ROC/PR se dibuja al final del script y queda fuera—. 'Principales' es literal: dentro de la misma ventana caen también el submuestreo de OneClassSVM · la construcción del estimador en cada iteración del grid y un roc_auc_score por configuración — despreciables pero no nulos — así que el tramo (5) no tiene columna propia: es lo que queda al restar de 'tiempo_s' las cuatro columnas de tiempo anteriores. El reparto entre tramos se LEE de las columnas de esta misma fila y no se estima. AVISO al reconstruirlo: los tramos (2) (3) y (4) miden la MISMA operación sobre conjuntos de tamaño distinto así que un cociente CRUDO entre dos de ellos NO es un cociente de coste por flujo: hay que dividirlo por la razón de tamaños de sus conjuntos antes de leerlo — y aun normalizado sigue siendo wall-clock de un pase único en una corrida que no controla ni el estado de caché ni la carga de la máquina ni n_jobs. La comparación normalizada está en PIPELINE.md anclada a su corrida · wall-clock de un pase único en máquina no dedicada: NO es reproducible ni comparable entre corridas y NO es una propiedad del algoritmo — vale como orden de magnitud y como comparación relativa DENTRO de esta misma corrida. La dispersión medida entre corridas y el umbral por debajo del cual una diferencia entre dos filas no significa nada están tabulados en Implementacion/PIPELINE.md sección 'Las columnas de tiempo: qué miden y hasta dónde valen' — anclados al commit de cada corrida y NO aquí a propósito: una cifra dentro del dato no se puede corregir sin re-correr · 'latencia_ms_por_flujo' y 'flujos_por_segundo' miden SOLO el predict/score sobre características ya calculadas y ya en memoria: NO incluyen captura de tráfico · ensamblado del flujo · extracción de las 41 características —donde vive el coste real de un despliegue— así que no son capacidad operativa del sistema,2.782,0.118,22544,0.00522,191575.1,9,df30cb2,2026-08-13T00:09:59
OneClassSVM,binario normal-vs-ataque (2 clases) sobre D2 completo,54,False,54,"{'nu': 0.05, 'gamma': 'scale'}",,,0.972947,0.127969,0.820002,0.880653,0.915252,0.680823,0.780821,0.782425,0.083308,8902,809,4096,8737,23.19,10.547,0.792,'tiempo_s' = el bloque completo del algoritmo. Sus cinco tramos principales en orden de ejecución: (1) los fit del grid — y solo ellos son 'tiempo_entrenamiento_s' — (2) puntuar el set de validación etiquetado (D1_val + la muestra de D3) UNA VEZ POR CONFIGURACIÓN del grid = 'tiempo_score_seleccion_s' (3) puntuar D1_val para fijar el umbral p95 = 'tiempo_score_umbral_s' (4) la inferencia sobre D2 = 'tiempo_inferencia_s' y (5) la cola de evaluar_binario + UNA figura —la matriz de confusión; la de curvas ROC/PR se dibuja al final del script y queda fuera—. 'Principales' es literal: dentro de la misma ventana caen también el submuestreo de OneClassSVM · la construcción del estimador en cada iteración del grid y un roc_auc_score por configuración — despreciables pero no nulos — así que el tramo (5) no tiene columna propia: es lo que queda al restar de 'tiempo_s' las cuatro columnas de tiempo anteriores. El reparto entre tramos se LEE de las columnas de esta misma fila y no se estima. AVISO al reconstruirlo: los tramos (2) (3) y (4) miden la MISMA operación sobre conjuntos de tamaño distinto así que un cociente CRUDO entre dos de ellos NO es un cociente de coste por flujo: hay que dividirlo por la razón de tamaños de sus conjuntos antes de leerlo — y aun normalizado sigue siendo wall-clock de un pase único en una corrida que no controla ni el estado de caché ni la carga de la máquina ni n_jobs. La comparación normalizada está en PIPELINE.md anclada a su corrida · wall-clock de un pase único en máquina no dedicada: NO es reproducible ni comparable entre corridas y NO es una propiedad del algoritmo — vale como orden de magnitud y como comparación relativa DENTRO de esta misma corrida. La dispersión medida entre corridas y el umbral por debajo del cual una diferencia entre dos filas no significa nada están tabulados en Implementacion/PIPELINE.md sección 'Las columnas de tiempo: qué miden y hasta dónde valen' — anclados al commit de cada corrida y NO aquí a propósito: una cifra dentro del dato no se puede corregir sin re-correr · 'latencia_ms_por_flujo' y 'flujos_por_segundo' miden SOLO el predict/score sobre características ya calculadas y ya en memoria: NO incluyen captura de tráfico · ensamblado del flujo · extracción de las 41 características —donde vive el coste real de un despliegue— así que no son capacidad operativa del sistema,10.343,1.337,22544,0.059328,16855.5,9,df30cb2,2026-08-13T00:09:59
LocalOutlierFactor,binario normal-vs-ataque (2 clases) sobre D2 completo,54,False,54,{'n_neighbors': 20},,,0.938255,2.217198,0.808316,0.739247,0.792192,0.464895,0.585936,0.625976,0.161157,8146,1565,6867,5966,15.76,3.321,0.784,'tiempo_s' = el bloque completo del algoritmo. Sus cinco tramos principales en orden de ejecución: (1) los fit del grid — y solo ellos son 'tiempo_entrenamiento_s' — (2) puntuar el set de validación etiquetado (D1_val + la muestra de D3) UNA VEZ POR CONFIGURACIÓN del grid = 'tiempo_score_seleccion_s' (3) puntuar D1_val para fijar el umbral p95 = 'tiempo_score_umbral_s' (4) la inferencia sobre D2 = 'tiempo_inferencia_s' y (5) la cola de evaluar_binario + UNA figura —la matriz de confusión; la de curvas ROC/PR se dibuja al final del script y queda fuera—. 'Principales' es literal: dentro de la misma ventana caen también el submuestreo de OneClassSVM · la construcción del estimador en cada iteración del grid y un roc_auc_score por configuración — despreciables pero no nulos — así que el tramo (5) no tiene columna propia: es lo que queda al restar de 'tiempo_s' las cuatro columnas de tiempo anteriores. El reparto entre tramos se LEE de las columnas de esta misma fila y no se estima. AVISO al reconstruirlo: los tramos (2) (3) y (4) miden la MISMA operación sobre conjuntos de tamaño distinto así que un cociente CRUDO entre dos de ellos NO es un cociente de coste por flujo: hay que dividirlo por la razón de tamaños de sus conjuntos antes de leerlo — y aun normalizado sigue siendo wall-clock de un pase único en una corrida que no controla ni el estado de caché ni la carga de la máquina ni n_jobs. La comparación normalizada está en PIPELINE.md anclada a su corrida · wall-clock de un pase único en máquina no dedicada: NO es reproducible ni comparable entre corridas y NO es una propiedad del algoritmo — vale como orden de magnitud y como comparación relativa DENTRO de esta misma corrida. La dispersión medida entre corridas y el umbral por debajo del cual una diferencia entre dos filas no significa nada están tabulados en Implementacion/PIPELINE.md sección 'Las columnas de tiempo: qué miden y hasta dónde valen' — anclados al commit de cada corrida y NO aquí a propósito: una cifra dentro del dato no se puede corregir sin re-correr · 'latencia_ms_por_flujo' y 'flujos_por_segundo' miden SOLO el predict/score sobre características ya calculadas y ya en memoria: NO incluyen captura de tráfico · ensamblado del flujo · extracción de las 41 características —donde vive el coste real de un despliegue— así que no son capacidad operativa del sistema,10.426,1.014,22544,0.044965,22239.4,9,df30cb2,2026-08-13T00:09:59
Autoencoder,binario normal-vs-ataque (2 clases) sobre D2 completo,54,False,54,"{'hidden_layer_sizes': (64, 32, 64)}",61.0,154.0,0.987779,9.3e-05,0.930956,0.924931,0.920623,0.838697,0.877752,0.867016,0.095562,8783,928,2070,10763,24.66,0.034,0.013,'tiempo_s' = el bloque completo del algoritmo. Sus cinco tramos principales en orden de ejecución: (1) los fit del grid — y solo ellos son 'tiempo_entrenamiento_s' — (2) puntuar el set de validación etiquetado (D1_val + la muestra de D3) UNA VEZ POR CONFIGURACIÓN del grid = 'tiempo_score_seleccion_s' (3) puntuar D1_val para fijar el umbral p95 = 'tiempo_score_umbral_s' (4) la inferencia sobre D2 = 'tiempo_inferencia_s' y (5) la cola de evaluar_binario + UNA figura —la matriz de confusión; la de curvas ROC/PR se dibuja al final del script y queda fuera—. 'Principales' es literal: dentro de la misma ventana caen también el submuestreo de OneClassSVM · la construcción del estimador en cada iteración del grid y un roc_auc_score por configuración — despreciables pero no nulos — así que el tramo (5) no tiene columna propia: es lo que queda al restar de 'tiempo_s' las cuatro columnas de tiempo anteriores. El reparto entre tramos se LEE de las columnas de esta misma fila y no se estima. AVISO al reconstruirlo: los tramos (2) (3) y (4) miden la MISMA operación sobre conjuntos de tamaño distinto así que un cociente CRUDO entre dos de ellos NO es un cociente de coste por flujo: hay que dividirlo por la razón de tamaños de sus conjuntos antes de leerlo — y aun normalizado sigue siendo wall-clock de un pase único en una corrida que no controla ni el estado de caché ni la carga de la máquina ni n_jobs. La comparación normalizada está en PIPELINE.md anclada a su corrida · wall-clock de un pase único en máquina no dedicada: NO es reproducible ni comparable entre corridas y NO es una propiedad del algoritmo — vale como orden de magnitud y como comparación relativa DENTRO de esta misma corrida. La dispersión medida entre corridas y el umbral por debajo del cual una diferencia entre dos filas no significa nada están tabulados en Implementacion/PIPELINE.md sección 'Las columnas de tiempo: qué miden y hasta dónde valen' — anclados al commit de cada corrida y NO aquí a propósito: una cifra dentro del dato no se puede corregir sin re-correr · 'latencia_ms_por_flujo' y 'flujos_por_segundo' miden SOLO el predict/score sobre características ya calculadas y ya en memoria: NO incluyen captura de tráfico · ensamblado del flujo · extracción de las 41 características —donde vive el coste real de un despliegue— así que no son capacidad operativa del sistema,24.446,0.019,22544,0.000844,1185422.0,9,df30cb2,2026-08-13T00:09:59
IsolationForest,binario normal-vs-ataque (2 clases) sobre D2 completo,122_sin_seleccion,True,122,"{'n_estimators': 300, 'max_samples': 1.0}",,,0.989595,0.40456,0.947489,0.954561,0.917748,0.744253,0.821945,0.816448,0.088147,8855,856,3282,9551,4.85,1.081,0.203,'tiempo_s' = el bloque completo del algoritmo. Sus cinco tramos principales en orden de ejecución: (1) los fit del grid — y solo ellos son 'tiempo_entrenamiento_s' — (2) puntuar el set de validación etiquetado (D1_val + la muestra de D3) UNA VEZ POR CONFIGURACIÓN del grid = 'tiempo_score_seleccion_s' (3) puntuar D1_val para fijar el umbral p95 = 'tiempo_score_umbral_s' (4) la inferencia sobre D2 = 'tiempo_inferencia_s' y (5) la cola de evaluar_binario + UNA figura —la matriz de confusión; la de curvas ROC/PR se dibuja al final del script y queda fuera—. 'Principales' es literal: dentro de la misma ventana caen también el submuestreo de OneClassSVM · la construcción del estimador en cada iteración del grid y un roc_auc_score por configuración — despreciables pero no nulos — así que el tramo (5) no tiene columna propia: es lo que queda al restar de 'tiempo_s' las cuatro columnas de tiempo anteriores. El reparto entre tramos se LEE de las columnas de esta misma fila y no se estima. AVISO al reconstruirlo: los tramos (2) (3) y (4) miden la MISMA operación sobre conjuntos de tamaño distinto así que un cociente CRUDO entre dos de ellos NO es un cociente de coste por flujo: hay que dividirlo por la razón de tamaños de sus conjuntos antes de leerlo — y aun normalizado sigue siendo wall-clock de un pase único en una corrida que no controla ni el estado de caché ni la carga de la máquina ni n_jobs. La comparación normalizada está en PIPELINE.md anclada a su corrida · wall-clock de un pase único en máquina no dedicada: NO es reproducible ni comparable entre corridas y NO es una propiedad del algoritmo — vale como orden de magnitud y como comparación relativa DENTRO de esta misma corrida. La dispersión medida entre corridas y el umbral por debajo del cual una diferencia entre dos filas no significa nada están tabulados en Implementacion/PIPELINE.md sección 'Las columnas de tiempo: qué miden y hasta dónde valen' — anclados al commit de cada corrida y NO aquí a propósito: una cifra dentro del dato no se puede corregir sin re-correr · 'latencia_ms_por_flujo' y 'flujos_por_segundo' miden SOLO el predict/score sobre características ya calculadas y ya en memoria: NO incluyen captura de tráfico · ensamblado del flujo · extracción de las 41 características —donde vive el coste real de un despliegue— así que no son capacidad operativa del sistema,3.028,0.34,22544,0.015088,66279.0,9,df30cb2,2026-08-13T00:16:12
OneClassSVM,binario normal-vs-ataque (2 clases) sobre D2 completo,122_sin_seleccion,True,122,"{'nu': 0.05, 'gamma': 'scale'}",,,0.979036,0.343894,0.885503,0.923811,0.919494,0.707551,0.799718,0.798261,0.081866,8916,795,3753,9080,39.24,13.012,0.983,'tiempo_s' = el bloque completo del algoritmo. Sus cinco tramos principales en orden de ejecución: (1) los fit del grid — y solo ellos son 'tiempo_entrenamiento_s' — (2) puntuar el set de validación etiquetado (D1_val + la muestra de D3) UNA VEZ POR CONFIGURACIÓN del grid = 'tiempo_score_seleccion_s' (3) puntuar D1_val para fijar el umbral p95 = 'tiempo_score_umbral_s' (4) la inferencia sobre D2 = 'tiempo_inferencia_s' y (5) la cola de evaluar_binario + UNA figura —la matriz de confusión; la de curvas ROC/PR se dibuja al final del script y queda fuera—. 'Principales' es literal: dentro de la misma ventana caen también el submuestreo de OneClassSVM · la construcción del estimador en cada iteración del grid y un roc_auc_score por configuración — despreciables pero no nulos — así que el tramo (5) no tiene columna propia: es lo que queda al restar de 'tiempo_s' las cuatro columnas de tiempo anteriores. El reparto entre tramos se LEE de las columnas de esta misma fila y no se estima. AVISO al reconstruirlo: los tramos (2) (3) y (4) miden la MISMA operación sobre conjuntos de tamaño distinto así que un cociente CRUDO entre dos de ellos NO es un cociente de coste por flujo: hay que dividirlo por la razón de tamaños de sus conjuntos antes de leerlo — y aun normalizado sigue siendo wall-clock de un pase único en una corrida que no controla ni el estado de caché ni la carga de la máquina ni n_jobs. La comparación normalizada está en PIPELINE.md anclada a su corrida · wall-clock de un pase único en máquina no dedicada: NO es reproducible ni comparable entre corridas y NO es una propiedad del algoritmo — vale como orden de magnitud y como comparación relativa DENTRO de esta misma corrida. La dispersión medida entre corridas y el umbral por debajo del cual una diferencia entre dos filas no significa nada están tabulados en Implementacion/PIPELINE.md sección 'Las columnas de tiempo: qué miden y hasta dónde valen' — anclados al commit de cada corrida y NO aquí a propósito: una cifra dentro del dato no se puede corregir sin re-correr · 'latencia_ms_por_flujo' y 'flujos_por_segundo' miden SOLO el predict/score sobre características ya calculadas y ya en memoria: NO incluyen captura de tráfico · ensamblado del flujo · extracción de las 41 características —donde vive el coste real de un despliegue— así que no son capacidad operativa del sistema,23.409,1.65,22544,0.073192,13662.7,9,df30cb2,2026-08-13T00:16:12
LocalOutlierFactor,binario normal-vs-ataque (2 clases) sobre D2 completo,122_sin_seleccion,True,122,{'n_neighbors': 20},,,0.947281,2.431419,0.832592,0.756044,0.84151,0.637575,0.725483,0.725337,0.158686,8170,1541,4651,8182,24.56,5.317,1.392,'tiempo_s' = el bloque completo del algoritmo. Sus cinco tramos principales en orden de ejecución: (1) los fit del grid — y solo ellos son 'tiempo_entrenamiento_s' — (2) puntuar el set de validación etiquetado (D1_val + la muestra de D3) UNA VEZ POR CONFIGURACIÓN del grid = 'tiempo_score_seleccion_s' (3) puntuar D1_val para fijar el umbral p95 = 'tiempo_score_umbral_s' (4) la inferencia sobre D2 = 'tiempo_inferencia_s' y (5) la cola de evaluar_binario + UNA figura —la matriz de confusión; la de curvas ROC/PR se dibuja al final del script y queda fuera—. 'Principales' es literal: dentro de la misma ventana caen también el submuestreo de OneClassSVM · la construcción del estimador en cada iteración del grid y un roc_auc_score por configuración — despreciables pero no nulos — así que el tramo (5) no tiene columna propia: es lo que queda al restar de 'tiempo_s' las cuatro columnas de tiempo anteriores. El reparto entre tramos se LEE de las columnas de esta misma fila y no se estima. AVISO al reconstruirlo: los tramos (2) (3) y (4) miden la MISMA operación sobre conjuntos de tamaño distinto así que un cociente CRUDO entre dos de ellos NO es un cociente de coste por flujo: hay que dividirlo por la razón de tamaños de sus conjuntos antes de leerlo — y aun normalizado sigue siendo wall-clock de un pase único en una corrida que no controla ni el estado de caché ni la carga de la máquina ni n_jobs. La comparación normalizada está en PIPELINE.md anclada a su corrida · wall-clock de un pase único en máquina no dedicada: NO es reproducible ni comparable entre corridas y NO es una propiedad del algoritmo — vale como orden de magnitud y como comparación relativa DENTRO de esta misma corrida. La dispersión medida entre corridas y el umbral por debajo del cual una diferencia entre dos filas no significa nada están tabulados en Implementacion/PIPELINE.md sección 'Las columnas de tiempo: qué miden y hasta dónde valen' — anclados al commit de cada corrida y NO aquí a propósito: una cifra dentro del dato no se puede corregir sin re-correr · 'latencia_ms_por_flujo' y 'flujos_por_segundo' miden SOLO el predict/score sobre características ya calculadas y ya en memoria: NO incluyen captura de tráfico · ensamblado del flujo · extracción de las 41 características —donde vive el coste real de un despliegue— así que no son capacidad operativa del sistema,15.783,1.839,22544,0.081581,12257.8,9,df30cb2,2026-08-13T00:16:12
Autoencoder,binario normal-vs-ataque (2 clases) sobre D2 completo,122_sin_seleccion,True,122,"{'hidden_layer_sizes': (32, 16, 32)}",51.0,138.0,0.989145,0.002123,0.942036,0.946789,0.918045,0.791709,0.850209,0.841199,0.093399,8804,907,2673,10160,46.02,0.058,0.017,'tiempo_s' = el bloque completo del algoritmo. Sus cinco tramos principales en orden de ejecución: (1) los fit del grid — y solo ellos son 'tiempo_entrenamiento_s' — (2) puntuar el set de validación etiquetado (D1_val + la muestra de D3) UNA VEZ POR CONFIGURACIÓN del grid = 'tiempo_score_seleccion_s' (3) puntuar D1_val para fijar el umbral p95 = 'tiempo_score_umbral_s' (4) la inferencia sobre D2 = 'tiempo_inferencia_s' y (5) la cola de evaluar_binario + UNA figura —la matriz de confusión; la de curvas ROC/PR se dibuja al final del script y queda fuera—. 'Principales' es literal: dentro de la misma ventana caen también el submuestreo de OneClassSVM · la construcción del estimador en cada iteración del grid y un roc_auc_score por configuración — despreciables pero no nulos — así que el tramo (5) no tiene columna propia: es lo que queda al restar de 'tiempo_s' las cuatro columnas de tiempo anteriores. El reparto entre tramos se LEE de las columnas de esta misma fila y no se estima. AVISO al reconstruirlo: los tramos (2) (3) y (4) miden la MISMA operación sobre conjuntos de tamaño distinto así que un cociente CRUDO entre dos de ellos NO es un cociente de coste por flujo: hay que dividirlo por la razón de tamaños de sus conjuntos antes de leerlo — y aun normalizado sigue siendo wall-clock de un pase único en una corrida que no controla ni el estado de caché ni la carga de la máquina ni n_jobs. La comparación normalizada está en PIPELINE.md anclada a su corrida · wall-clock de un pase único en máquina no dedicada: NO es reproducible ni comparable entre corridas y NO es una propiedad del algoritmo — vale como orden de magnitud y como comparación relativa DENTRO de esta misma corrida. La dispersión medida entre corridas y el umbral por debajo del cual una diferencia entre dos filas no significa nada están tabulados en Implementacion/PIPELINE.md sección 'Las columnas de tiempo: qué miden y hasta dónde valen' — anclados al commit de cada corrida y NO aquí a propósito: una cifra dentro del dato no se puede corregir sin re-correr · 'latencia_ms_por_flujo' y 'flujos_por_segundo' miden SOLO el predict/score sobre características ya calculadas y ya en memoria: NO incluyen captura de tráfico · ensamblado del flujo · extracción de las 41 características —donde vive el coste real de un despliegue— así que no son capacidad operativa del sistema,45.78,0.026,22544,0.001146,872969.5,9,df30cb2,2026-08-13T00:16:12
IsolationForest,binario normal-vs-ataque (2 clases) sobre D2 completo,54,False,54,"{'n_estimators': 200, 'max_samples': 1.0}",,,0.992893,0.437008,0.933389,0.942118,0.906475,0.736383,0.812624,0.806689,0.100402,8736,975,3383,9450,4.4,1.101,0.142,'tiempo_s' = el bloque completo del algoritmo. Sus cinco tramos principales en orden de ejecución: (1) los fit del grid — y solo ellos son 'tiempo_entrenamiento_s' — (2) puntuar el set de validación etiquetado (D1_val + la muestra de D3) UNA VEZ POR CONFIGURACIÓN del grid = 'tiempo_score_seleccion_s' (3) puntuar D1_val para fijar el umbral p95 = 'tiempo_score_umbral_s' (4) la inferencia sobre D2 = 'tiempo_inferencia_s' y (5) la cola de evaluar_binario + UNA figura —la matriz de confusión; la de curvas ROC/PR se dibuja al final del script y queda fuera—. 'Principales' es literal: dentro de la misma ventana caen también el submuestreo de OneClassSVM · la construcción del estimador en cada iteración del grid y un roc_auc_score por configuración — despreciables pero no nulos — así que el tramo (5) no tiene columna propia: es lo que queda al restar de 'tiempo_s' las cuatro columnas de tiempo anteriores. El reparto entre tramos se LEE de las columnas de esta misma fila y no se estima. AVISO al reconstruirlo: los tramos (2) (3) y (4) miden la MISMA operación sobre conjuntos de tamaño distinto así que un cociente CRUDO entre dos de ellos NO es un cociente de coste por flujo: hay que dividirlo por la razón de tamaños de sus conjuntos antes de leerlo — y aun normalizado sigue siendo wall-clock de un pase único en una corrida que no controla ni el estado de caché ni la carga de la máquina ni n_jobs. La comparación normalizada está en PIPELINE.md anclada a su corrida · wall-clock de un pase único en máquina no dedicada: NO es reproducible ni comparable entre corridas y NO es una propiedad del algoritmo — vale como orden de magnitud y como comparación relativa DENTRO de esta misma corrida. La dispersión medida entre corridas y el umbral por debajo del cual una diferencia entre dos filas no significa nada están tabulados en Implementacion/PIPELINE.md sección 'Las columnas de tiempo: qué miden y hasta dónde valen' — anclados al commit de cada corrida y NO aquí a propósito: una cifra dentro del dato no se puede corregir sin re-correr · 'latencia_ms_por_flujo' y 'flujos_por_segundo' miden SOLO el predict/score sobre características ya calculadas y ya en memoria: NO incluyen captura de tráfico · ensamblado del flujo · extracción de las 41 características —donde vive el coste real de un despliegue— así que no son capacidad operativa del sistema,2.722,0.236,22544,0.010451,95680.4,10,df30cb2,2026-08-13T00:23:47
OneClassSVM,binario normal-vs-ataque (2 clases) sobre D2 completo,54,False,54,"{'nu': 0.1, 'gamma': 'scale'}",,,0.973018,17.298846,0.830919,0.887513,0.914419,0.686901,0.784497,0.785176,0.084955,8886,825,4018,8815,25.19,10.54,1.586,'tiempo_s' = el bloque completo del algoritmo. Sus cinco tramos principales en orden de ejecución: (1) los fit del grid — y solo ellos son 'tiempo_entrenamiento_s' — (2) puntuar el set de validación etiquetado (D1_val + la muestra de D3) UNA VEZ POR CONFIGURACIÓN del grid = 'tiempo_score_seleccion_s' (3) puntuar D1_val para fijar el umbral p95 = 'tiempo_score_umbral_s' (4) la inferencia sobre D2 = 'tiempo_inferencia_s' y (5) la cola de evaluar_binario + UNA figura —la matriz de confusión; la de curvas ROC/PR se dibuja al final del script y queda fuera—. 'Principales' es literal: dentro de la misma ventana caen también el submuestreo de OneClassSVM · la construcción del estimador en cada iteración del grid y un roc_auc_score por configuración — despreciables pero no nulos — así que el tramo (5) no tiene columna propia: es lo que queda al restar de 'tiempo_s' las cuatro columnas de tiempo anteriores. El reparto entre tramos se LEE de las columnas de esta misma fila y no se estima. AVISO al reconstruirlo: los tramos (2) (3) y (4) miden la MISMA operación sobre conjuntos de tamaño distinto así que un cociente CRUDO entre dos de ellos NO es un cociente de coste por flujo: hay que dividirlo por la razón de tamaños de sus conjuntos antes de leerlo — y aun normalizado sigue siendo wall-clock de un pase único en una corrida que no controla ni el estado de caché ni la carga de la máquina ni n_jobs. La comparación normalizada está en PIPELINE.md anclada a su corrida · wall-clock de un pase único en máquina no dedicada: NO es reproducible ni comparable entre corridas y NO es una propiedad del algoritmo — vale como orden de magnitud y como comparación relativa DENTRO de esta misma corrida. La dispersión medida entre corridas y el umbral por debajo del cual una diferencia entre dos filas no significa nada están tabulados en Implementacion/PIPELINE.md sección 'Las columnas de tiempo: qué miden y hasta dónde valen' — anclados al commit de cada corrida y NO aquí a propósito: una cifra dentro del dato no se puede corregir sin re-correr · 'latencia_ms_por_flujo' y 'flujos_por_segundo' miden SOLO el predict/score sobre características ya calculadas y ya en memoria: NO incluyen captura de tráfico · ensamblado del flujo · extracción de las 41 características —donde vive el coste real de un despliegue— así que no son capacidad operativa del sistema,10.225,2.656,22544,0.117826,8487.1,10,df30cb2,2026-08-13T00:23:47
LocalOutlierFactor,binario normal-vs-ataque (2 clases) sobre D2 completo,54,False,54,{'n_neighbors': 20},,,0.939925,2.319638,0.808314,0.740095,0.804216,0.48461,0.604785,0.639461,0.155906,8197,1514,6614,6219,15.68,3.321,0.802,'tiempo_s' = el bloque completo del algoritmo. Sus cinco tramos principales en orden de ejecución: (1) los fit del grid — y solo ellos son 'tiempo_entrenamiento_s' — (2) puntuar el set de validación etiquetado (D1_val + la muestra de D3) UNA VEZ POR CONFIGURACIÓN del grid = 'tiempo_score_seleccion_s' (3) puntuar D1_val para fijar el umbral p95 = 'tiempo_score_umbral_s' (4) la inferencia sobre D2 = 'tiempo_inferencia_s' y (5) la cola de evaluar_binario + UNA figura —la matriz de confusión; la de curvas ROC/PR se dibuja al final del script y queda fuera—. 'Principales' es literal: dentro de la misma ventana caen también el submuestreo de OneClassSVM · la construcción del estimador en cada iteración del grid y un roc_auc_score por configuración — despreciables pero no nulos — así que el tramo (5) no tiene columna propia: es lo que queda al restar de 'tiempo_s' las cuatro columnas de tiempo anteriores. El reparto entre tramos se LEE de las columnas de esta misma fila y no se estima. AVISO al reconstruirlo: los tramos (2) (3) y (4) miden la MISMA operación sobre conjuntos de tamaño distinto así que un cociente CRUDO entre dos de ellos NO es un cociente de coste por flujo: hay que dividirlo por la razón de tamaños de sus conjuntos antes de leerlo — y aun normalizado sigue siendo wall-clock de un pase único en una corrida que no controla ni el estado de caché ni la carga de la máquina ni n_jobs. La comparación normalizada está en PIPELINE.md anclada a su corrida · wall-clock de un pase único en máquina no dedicada: NO es reproducible ni comparable entre corridas y NO es una propiedad del algoritmo — vale como orden de magnitud y como comparación relativa DENTRO de esta misma corrida. La dispersión medida entre corridas y el umbral por debajo del cual una diferencia entre dos filas no significa nada están tabulados en Implementacion/PIPELINE.md sección 'Las columnas de tiempo: qué miden y hasta dónde valen' — anclados al commit de cada corrida y NO aquí a propósito: una cifra dentro del dato no se puede corregir sin re-correr · 'latencia_ms_por_flujo' y 'flujos_por_segundo' miden SOLO el predict/score sobre características ya calculadas y ya en memoria: NO incluyen captura de tráfico · ensamblado del flujo · extracción de las 41 características —donde vive el coste real de un despliegue— así que no son capacidad operativa del sistema,10.375,0.966,22544,0.042829,23348.6,10,df30cb2,2026-08-13T00:23:47
Autoencoder,binario normal-vs-ataque (2 clases) sobre D2 completo,54,False,54,"{'hidden_layer_sizes': (64, 32, 64)}",65.0,127.0,0.990654,0.000101,0.926917,0.929182,0.914741,0.805112,0.856432,0.846345,0.099166,8748,963,2501,10332,20.5,0.029,0.013,'tiempo_s' = el bloque completo del algoritmo. Sus cinco tramos principales en orden de ejecución: (1) los fit del grid — y solo ellos son 'tiempo_entrenamiento_s' — (2) puntuar el set de validación etiquetado (D1_val + la muestra de D3) UNA VEZ POR CONFIGURACIÓN del grid = 'tiempo_score_seleccion_s' (3) puntuar D1_val para fijar el umbral p95 = 'tiempo_score_umbral_s' (4) la inferencia sobre D2 = 'tiempo_inferencia_s' y (5) la cola de evaluar_binario + UNA figura —la matriz de confusión; la de curvas ROC/PR se dibuja al final del script y queda fuera—. 'Principales' es literal: dentro de la misma ventana caen también el submuestreo de OneClassSVM · la construcción del estimador en cada iteración del grid y un roc_auc_score por configuración — despreciables pero no nulos — así que el tramo (5) no tiene columna propia: es lo que queda al restar de 'tiempo_s' las cuatro columnas de tiempo anteriores. El reparto entre tramos se LEE de las columnas de esta misma fila y no se estima. AVISO al reconstruirlo: los tramos (2) (3) y (4) miden la MISMA operación sobre conjuntos de tamaño distinto así que un cociente CRUDO entre dos de ellos NO es un cociente de coste por flujo: hay que dividirlo por la razón de tamaños de sus conjuntos antes de leerlo — y aun normalizado sigue siendo wall-clock de un pase único en una corrida que no controla ni el estado de caché ni la carga de la máquina ni n_jobs. La comparación normalizada está en PIPELINE.md anclada a su corrida · wall-clock de un pase único en máquina no dedicada: NO es reproducible ni comparable entre corridas y NO es una propiedad del algoritmo — vale como orden de magnitud y como comparación relativa DENTRO de esta misma corrida. La dispersión medida entre corridas y el umbral por debajo del cual una diferencia entre dos filas no significa nada están tabulados en Implementacion/PIPELINE.md sección 'Las columnas de tiempo: qué miden y hasta dónde valen' — anclados al commit de cada corrida y NO aquí a propósito: una cifra dentro del dato no se puede corregir sin re-correr · 'latencia_ms_por_flujo' y 'flujos_por_segundo' miden SOLO el predict/score sobre características ya calculadas y ya en memoria: NO incluyen captura de tráfico · ensamblado del flujo · extracción de las 41 características —donde vive el coste real de un despliegue— así que no son capacidad operativa del sistema,20.299,0.021,22544,0.00093,1074808.5,10,df30cb2,2026-08-13T00:23:47
IsolationForest,binario normal-vs-ataque (2 clases) sobre D2 completo,122_sin_seleccion,True,122,"{'n_estimators': 300, 'max_samples': 1.0}",,,0.990268,0.40446,0.948275,0.956109,0.912159,0.737162,0.815377,0.809972,0.093811,8800,911,3373,9460,4.9,1.113,0.206,'tiempo_s' = el bloque completo del algoritmo. Sus cinco tramos principales en orden de ejecución: (1) los fit del grid — y solo ellos son 'tiempo_entrenamiento_s' — (2) puntuar el set de validación etiquetado (D1_val + la muestra de D3) UNA VEZ POR CONFIGURACIÓN del grid = 'tiempo_score_seleccion_s' (3) puntuar D1_val para fijar el umbral p95 = 'tiempo_score_umbral_s' (4) la inferencia sobre D2 = 'tiempo_inferencia_s' y (5) la cola de evaluar_binario + UNA figura —la matriz de confusión; la de curvas ROC/PR se dibuja al final del script y queda fuera—. 'Principales' es literal: dentro de la misma ventana caen también el submuestreo de OneClassSVM · la construcción del estimador en cada iteración del grid y un roc_auc_score por configuración — despreciables pero no nulos — así que el tramo (5) no tiene columna propia: es lo que queda al restar de 'tiempo_s' las cuatro columnas de tiempo anteriores. El reparto entre tramos se LEE de las columnas de esta misma fila y no se estima. AVISO al reconstruirlo: los tramos (2) (3) y (4) miden la MISMA operación sobre conjuntos de tamaño distinto así que un cociente CRUDO entre dos de ellos NO es un cociente de coste por flujo: hay que dividirlo por la razón de tamaños de sus conjuntos antes de leerlo — y aun normalizado sigue siendo wall-clock de un pase único en una corrida que no controla ni el estado de caché ni la carga de la máquina ni n_jobs. La comparación normalizada está en PIPELINE.md anclada a su corrida · wall-clock de un pase único en máquina no dedicada: NO es reproducible ni comparable entre corridas y NO es una propiedad del algoritmo — vale como orden de magnitud y como comparación relativa DENTRO de esta misma corrida. La dispersión medida entre corridas y el umbral por debajo del cual una diferencia entre dos filas no significa nada están tabulados en Implementacion/PIPELINE.md sección 'Las columnas de tiempo: qué miden y hasta dónde valen' — anclados al commit de cada corrida y NO aquí a propósito: una cifra dentro del dato no se puede corregir sin re-correr · 'latencia_ms_por_flujo' y 'flujos_por_segundo' miden SOLO el predict/score sobre características ya calculadas y ya en memoria: NO incluyen captura de tráfico · ensamblado del flujo · extracción de las 41 características —donde vive el coste real de un despliegue— así que no son capacidad operativa del sistema,3.024,0.357,22544,0.015818,63219.4,10,df30cb2,2026-08-13T00:30:56
OneClassSVM,binario normal-vs-ataque (2 clases) sobre D2 completo,122_sin_seleccion,True,122,"{'nu': 0.05, 'gamma': 'scale'}",,,0.978713,-0.583864,0.88694,0.924951,0.919009,0.710902,0.80167,0.799769,0.082793,8907,804,3710,9123,38.55,12.703,0.94,'tiempo_s' = el bloque completo del algoritmo. Sus cinco tramos principales en orden de ejecución: (1) los fit del grid — y solo ellos son 'tiempo_entrenamiento_s' — (2) puntuar el set de validación etiquetado (D1_val + la muestra de D3) UNA VEZ POR CONFIGURACIÓN del grid = 'tiempo_score_seleccion_s' (3) puntuar D1_val para fijar el umbral p95 = 'tiempo_score_umbral_s' (4) la inferencia sobre D2 = 'tiempo_inferencia_s' y (5) la cola de evaluar_binario + UNA figura —la matriz de confusión; la de curvas ROC/PR se dibuja al final del script y queda fuera—. 'Principales' es literal: dentro de la misma ventana caen también el submuestreo de OneClassSVM · la construcción del estimador en cada iteración del grid y un roc_auc_score por configuración — despreciables pero no nulos — así que el tramo (5) no tiene columna propia: es lo que queda al restar de 'tiempo_s' las cuatro columnas de tiempo anteriores. El reparto entre tramos se LEE de las columnas de esta misma fila y no se estima. AVISO al reconstruirlo: los tramos (2) (3) y (4) miden la MISMA operación sobre conjuntos de tamaño distinto así que un cociente CRUDO entre dos de ellos NO es un cociente de coste por flujo: hay que dividirlo por la razón de tamaños de sus conjuntos antes de leerlo — y aun normalizado sigue siendo wall-clock de un pase único en una corrida que no controla ni el estado de caché ni la carga de la máquina ni n_jobs. La comparación normalizada está en PIPELINE.md anclada a su corrida · wall-clock de un pase único en máquina no dedicada: NO es reproducible ni comparable entre corridas y NO es una propiedad del algoritmo — vale como orden de magnitud y como comparación relativa DENTRO de esta misma corrida. La dispersión medida entre corridas y el umbral por debajo del cual una diferencia entre dos filas no significa nada están tabulados en Implementacion/PIPELINE.md sección 'Las columnas de tiempo: qué miden y hasta dónde valen' — anclados al commit de cada corrida y NO aquí a propósito: una cifra dentro del dato no se puede corregir sin re-correr · 'latencia_ms_por_flujo' y 'flujos_por_segundo' miden SOLO el predict/score sobre características ya calculadas y ya en memoria: NO incluyen captura de tráfico · ensamblado del flujo · extracción de las 41 características —donde vive el coste real de un despliegue— así que no son capacidad operativa del sistema,23.146,1.578,22544,0.06998,14289.9,10,df30cb2,2026-08-13T00:30:56
LocalOutlierFactor,binario normal-vs-ataque (2 clases) sobre D2 completo,122_sin_seleccion,True,122,{'n_neighbors': 20},,,0.947779,2.524445,0.834498,0.759915,0.840452,0.625575,0.717266,0.71926,0.156935,8187,1524,4805,8028,24.79,5.334,1.379,'tiempo_s' = el bloque completo del algoritmo. Sus cinco tramos principales en orden de ejecución: (1) los fit del grid — y solo ellos son 'tiempo_entrenamiento_s' — (2) puntuar el set de validación etiquetado (D1_val + la muestra de D3) UNA VEZ POR CONFIGURACIÓN del grid = 'tiempo_score_seleccion_s' (3) puntuar D1_val para fijar el umbral p95 = 'tiempo_score_umbral_s' (4) la inferencia sobre D2 = 'tiempo_inferencia_s' y (5) la cola de evaluar_binario + UNA figura —la matriz de confusión; la de curvas ROC/PR se dibuja al final del script y queda fuera—. 'Principales' es literal: dentro de la misma ventana caen también el submuestreo de OneClassSVM · la construcción del estimador en cada iteración del grid y un roc_auc_score por configuración — despreciables pero no nulos — así que el tramo (5) no tiene columna propia: es lo que queda al restar de 'tiempo_s' las cuatro columnas de tiempo anteriores. El reparto entre tramos se LEE de las columnas de esta misma fila y no se estima. AVISO al reconstruirlo: los tramos (2) (3) y (4) miden la MISMA operación sobre conjuntos de tamaño distinto así que un cociente CRUDO entre dos de ellos NO es un cociente de coste por flujo: hay que dividirlo por la razón de tamaños de sus conjuntos antes de leerlo — y aun normalizado sigue siendo wall-clock de un pase único en una corrida que no controla ni el estado de caché ni la carga de la máquina ni n_jobs. La comparación normalizada está en PIPELINE.md anclada a su corrida · wall-clock de un pase único en máquina no dedicada: NO es reproducible ni comparable entre corridas y NO es una propiedad del algoritmo — vale como orden de magnitud y como comparación relativa DENTRO de esta misma corrida. La dispersión medida entre corridas y el umbral por debajo del cual una diferencia entre dos filas no significa nada están tabulados en Implementacion/PIPELINE.md sección 'Las columnas de tiempo: qué miden y hasta dónde valen' — anclados al commit de cada corrida y NO aquí a propósito: una cifra dentro del dato no se puede corregir sin re-correr · 'latencia_ms_por_flujo' y 'flujos_por_segundo' miden SOLO el predict/score sobre características ya calculadas y ya en memoria: NO incluyen captura de tráfico · ensamblado del flujo · extracción de las 41 características —donde vive el coste real de un despliegue— así que no son capacidad operativa del sistema,16.01,1.821,22544,0.08078,12379.2,10,df30cb2,2026-08-13T00:30:57
Autoencoder,binario normal-vs-ataque (2 clases) sobre D2 completo,122_sin_seleccion,True,122,"{'hidden_layer_sizes': (64, 32, 64)}",98,157,0.987279,6.6e-05,0.934069,0.940665,0.920489,0.857009,0.887616,0.876464,0.097827,8761,950,1835,10998,49.88,0.056,0.024,'tiempo_s' = el bloque completo del algoritmo. Sus cinco tramos principales en orden de ejecución: (1) los fit del grid — y solo ellos son 'tiempo_entrenamiento_s' — (2) puntuar el set de validación etiquetado (D1_val + la muestra de D3) UNA VEZ POR CONFIGURACIÓN del grid = 'tiempo_score_seleccion_s' (3) puntuar D1_val para fijar el umbral p95 = 'tiempo_score_umbral_s' (4) la inferencia sobre D2 = 'tiempo_inferencia_s' y (5) la cola de evaluar_binario + UNA figura —la matriz de confusión; la de curvas ROC/PR se dibuja al final del script y queda fuera—. 'Principales' es literal: dentro de la misma ventana caen también el submuestreo de OneClassSVM · la construcción del estimador en cada iteración del grid y un roc_auc_score por configuración — despreciables pero no nulos — así que el tramo (5) no tiene columna propia: es lo que queda al restar de 'tiempo_s' las cuatro columnas de tiempo anteriores. El reparto entre tramos se LEE de las columnas de esta misma fila y no se estima. AVISO al reconstruirlo: los tramos (2) (3) y (4) miden la MISMA operación sobre conjuntos de tamaño distinto así que un cociente CRUDO entre dos de ellos NO es un cociente de coste por flujo: hay que dividirlo por la razón de tamaños de sus conjuntos antes de leerlo — y aun normalizado sigue siendo wall-clock de un pase único en una corrida que no controla ni el estado de caché ni la carga de la máquina ni n_jobs. La comparación normalizada está en PIPELINE.md anclada a su corrida · wall-clock de un pase único en máquina no dedicada: NO es reproducible ni comparable entre corridas y NO es una propiedad del algoritmo — vale como orden de magnitud y como comparación relativa DENTRO de esta misma corrida. La dispersión medida entre corridas y el umbral por debajo del cual una diferencia entre dos filas no significa nada están tabulados en Implementacion/PIPELINE.md sección 'Las columnas de tiempo: qué miden y hasta dónde valen' — anclados al commit de cada corrida y NO aquí a propósito: una cifra dentro del dato no se puede corregir sin re-correr · 'latencia_ms_por_flujo' y 'flujos_por_segundo' miden SOLO el predict/score sobre características ya calculadas y ya en memoria: NO incluyen captura de tráfico · ensamblado del flujo · extracción de las 41 características —donde vive el coste real de un despliegue— así que no son capacidad operativa del sistema,49.61,0.041,22544,0.001837,544443.7,10,df30cb2,2026-08-13T00:30:57
