alcance,set_features,sin_seleccion,n_features,firma,umbral_conf,origen_umbral_conf,categoria_asignada,n_normales_d2,n_argmax,n_condenadas,n_bajo_umbral,tasa_condena,conf_mediana_argmax,semilla,commit,fecha
medida CONTRAFACTUAL de la cascada invertida (T3): predict_proba del clasificador de firmas YA ENTRENADO sobre la POBLACIÓN de las filas normales de D2 —que en el sistema real NUNCA llegan a la etapa 2— para contar cuántas conservarían etiqueta de ataque con confianza >= UMBRAL_CONF. NO describe el híbrido publicado y NO es comparable con ninguna columna de metricas_firmas.csv ni de metricas_hibrido.csv. La etapa 2 carece de clase 'normal' (D3 son solo ataques) así que etiqueta como ataque TODA fila: por eso 'n_argmax' de '__global__' es el total de normales. DENOMINADOR de 'tasa_condena': ese total y no el bucket de la fila —así los RECUENTOS de las cuatro categorías suman el de '__global__'; las tasas solo hasta el redondeo—. LÍMITE: 'tasa_condena' de '__global__' es COTA INFERIOR del FPR de un sistema de firmas-primero y lo citable es 'n_condenadas' — el porqué está en el puntero y no se replica aquí. UMBRAL_CONF se lee del descriptor del híbrido (ver 'origen_umbral_conf') donde lo dejó la calibración out-of-fold sobre D3. Cero fit: solo inferencia sobre modelos persistidos y D2 SOLO se reporta — ninguna decisión sale de esta tabla (P-4). Lectura cifras y porqué del límite: Implementacion/PIPELINE.md sección 'La cascada invertida (T3)',54,False,54,RandomForest,0.5,hibrido_54_semilla1.joblib::umbral_conf_elegido,dos,9711,6878,4201,2677,0.432602,0.521925,1,df30cb2,2026-08-12T22:15:25
medida CONTRAFACTUAL de la cascada invertida (T3): predict_proba del clasificador de firmas YA ENTRENADO sobre la POBLACIÓN de las filas normales de D2 —que en el sistema real NUNCA llegan a la etapa 2— para contar cuántas conservarían etiqueta de ataque con confianza >= UMBRAL_CONF. NO describe el híbrido publicado y NO es comparable con ninguna columna de metricas_firmas.csv ni de metricas_hibrido.csv. La etapa 2 carece de clase 'normal' (D3 son solo ataques) así que etiqueta como ataque TODA fila: por eso 'n_argmax' de '__global__' es el total de normales. DENOMINADOR de 'tasa_condena': ese total y no el bucket de la fila —así los RECUENTOS de las cuatro categorías suman el de '__global__'; las tasas solo hasta el redondeo—. LÍMITE: 'tasa_condena' de '__global__' es COTA INFERIOR del FPR de un sistema de firmas-primero y lo citable es 'n_condenadas' — el porqué está en el puntero y no se replica aquí. UMBRAL_CONF se lee del descriptor del híbrido (ver 'origen_umbral_conf') donde lo dejó la calibración out-of-fold sobre D3. Cero fit: solo inferencia sobre modelos persistidos y D2 SOLO se reporta — ninguna decisión sale de esta tabla (P-4). Lectura cifras y porqué del límite: Implementacion/PIPELINE.md sección 'La cascada invertida (T3)',54,False,54,RandomForest,0.5,hibrido_54_semilla1.joblib::umbral_conf_elegido,probe,9711,1023,706,317,0.072701,0.61651,1,df30cb2,2026-08-12T22:15:25
medida CONTRAFACTUAL de la cascada invertida (T3): predict_proba del clasificador de firmas YA ENTRENADO sobre la POBLACIÓN de las filas normales de D2 —que en el sistema real NUNCA llegan a la etapa 2— para contar cuántas conservarían etiqueta de ataque con confianza >= UMBRAL_CONF. NO describe el híbrido publicado y NO es comparable con ninguna columna de metricas_firmas.csv ni de metricas_hibrido.csv. La etapa 2 carece de clase 'normal' (D3 son solo ataques) así que etiqueta como ataque TODA fila: por eso 'n_argmax' de '__global__' es el total de normales. DENOMINADOR de 'tasa_condena': ese total y no el bucket de la fila —así los RECUENTOS de las cuatro categorías suman el de '__global__'; las tasas solo hasta el redondeo—. LÍMITE: 'tasa_condena' de '__global__' es COTA INFERIOR del FPR de un sistema de firmas-primero y lo citable es 'n_condenadas' — el porqué está en el puntero y no se replica aquí. UMBRAL_CONF se lee del descriptor del híbrido (ver 'origen_umbral_conf') donde lo dejó la calibración out-of-fold sobre D3. Cero fit: solo inferencia sobre modelos persistidos y D2 SOLO se reporta — ninguna decisión sale de esta tabla (P-4). Lectura cifras y porqué del límite: Implementacion/PIPELINE.md sección 'La cascada invertida (T3)',54,False,54,RandomForest,0.5,hibrido_54_semilla1.joblib::umbral_conf_elegido,r2l,9711,1786,700,1086,0.072083,0.475956,1,df30cb2,2026-08-12T22:15:25
medida CONTRAFACTUAL de la cascada invertida (T3): predict_proba del clasificador de firmas YA ENTRENADO sobre la POBLACIÓN de las filas normales de D2 —que en el sistema real NUNCA llegan a la etapa 2— para contar cuántas conservarían etiqueta de ataque con confianza >= UMBRAL_CONF. NO describe el híbrido publicado y NO es comparable con ninguna columna de metricas_firmas.csv ni de metricas_hibrido.csv. La etapa 2 carece de clase 'normal' (D3 son solo ataques) así que etiqueta como ataque TODA fila: por eso 'n_argmax' de '__global__' es el total de normales. DENOMINADOR de 'tasa_condena': ese total y no el bucket de la fila —así los RECUENTOS de las cuatro categorías suman el de '__global__'; las tasas solo hasta el redondeo—. LÍMITE: 'tasa_condena' de '__global__' es COTA INFERIOR del FPR de un sistema de firmas-primero y lo citable es 'n_condenadas' — el porqué está en el puntero y no se replica aquí. UMBRAL_CONF se lee del descriptor del híbrido (ver 'origen_umbral_conf') donde lo dejó la calibración out-of-fold sobre D3. Cero fit: solo inferencia sobre modelos persistidos y D2 SOLO se reporta — ninguna decisión sale de esta tabla (P-4). Lectura cifras y porqué del límite: Implementacion/PIPELINE.md sección 'La cascada invertida (T3)',54,False,54,RandomForest,0.5,hibrido_54_semilla1.joblib::umbral_conf_elegido,u2r,9711,24,16,8,0.001648,0.628886,1,df30cb2,2026-08-12T22:15:25
medida CONTRAFACTUAL de la cascada invertida (T3): predict_proba del clasificador de firmas YA ENTRENADO sobre la POBLACIÓN de las filas normales de D2 —que en el sistema real NUNCA llegan a la etapa 2— para contar cuántas conservarían etiqueta de ataque con confianza >= UMBRAL_CONF. NO describe el híbrido publicado y NO es comparable con ninguna columna de metricas_firmas.csv ni de metricas_hibrido.csv. La etapa 2 carece de clase 'normal' (D3 son solo ataques) así que etiqueta como ataque TODA fila: por eso 'n_argmax' de '__global__' es el total de normales. DENOMINADOR de 'tasa_condena': ese total y no el bucket de la fila —así los RECUENTOS de las cuatro categorías suman el de '__global__'; las tasas solo hasta el redondeo—. LÍMITE: 'tasa_condena' de '__global__' es COTA INFERIOR del FPR de un sistema de firmas-primero y lo citable es 'n_condenadas' — el porqué está en el puntero y no se replica aquí. UMBRAL_CONF se lee del descriptor del híbrido (ver 'origen_umbral_conf') donde lo dejó la calibración out-of-fold sobre D3. Cero fit: solo inferencia sobre modelos persistidos y D2 SOLO se reporta — ninguna decisión sale de esta tabla (P-4). Lectura cifras y porqué del límite: Implementacion/PIPELINE.md sección 'La cascada invertida (T3)',54,False,54,RandomForest,0.5,hibrido_54_semilla1.joblib::umbral_conf_elegido,__global__,9711,9711,5623,4088,0.579034,0.513141,1,df30cb2,2026-08-12T22:15:26
medida CONTRAFACTUAL de la cascada invertida (T3): predict_proba del clasificador de firmas YA ENTRENADO sobre la POBLACIÓN de las filas normales de D2 —que en el sistema real NUNCA llegan a la etapa 2— para contar cuántas conservarían etiqueta de ataque con confianza >= UMBRAL_CONF. NO describe el híbrido publicado y NO es comparable con ninguna columna de metricas_firmas.csv ni de metricas_hibrido.csv. La etapa 2 carece de clase 'normal' (D3 son solo ataques) así que etiqueta como ataque TODA fila: por eso 'n_argmax' de '__global__' es el total de normales. DENOMINADOR de 'tasa_condena': ese total y no el bucket de la fila —así los RECUENTOS de las cuatro categorías suman el de '__global__'; las tasas solo hasta el redondeo—. LÍMITE: 'tasa_condena' de '__global__' es COTA INFERIOR del FPR de un sistema de firmas-primero y lo citable es 'n_condenadas' — el porqué está en el puntero y no se replica aquí. UMBRAL_CONF se lee del descriptor del híbrido (ver 'origen_umbral_conf') donde lo dejó la calibración out-of-fold sobre D3. Cero fit: solo inferencia sobre modelos persistidos y D2 SOLO se reporta — ninguna decisión sale de esta tabla (P-4). Lectura cifras y porqué del límite: Implementacion/PIPELINE.md sección 'La cascada invertida (T3)',122_sin_seleccion,True,122,RandomForest,0.4,hibrido_122_sin_seleccion_semilla1.joblib::umbral_conf_elegido,dos,9711,5909,4982,927,0.513026,0.443527,1,df30cb2,2026-08-12T22:25:15
medida CONTRAFACTUAL de la cascada invertida (T3): predict_proba del clasificador de firmas YA ENTRENADO sobre la POBLACIÓN de las filas normales de D2 —que en el sistema real NUNCA llegan a la etapa 2— para contar cuántas conservarían etiqueta de ataque con confianza >= UMBRAL_CONF. NO describe el híbrido publicado y NO es comparable con ninguna columna de metricas_firmas.csv ni de metricas_hibrido.csv. La etapa 2 carece de clase 'normal' (D3 son solo ataques) así que etiqueta como ataque TODA fila: por eso 'n_argmax' de '__global__' es el total de normales. DENOMINADOR de 'tasa_condena': ese total y no el bucket de la fila —así los RECUENTOS de las cuatro categorías suman el de '__global__'; las tasas solo hasta el redondeo—. LÍMITE: 'tasa_condena' de '__global__' es COTA INFERIOR del FPR de un sistema de firmas-primero y lo citable es 'n_condenadas' — el porqué está en el puntero y no se replica aquí. UMBRAL_CONF se lee del descriptor del híbrido (ver 'origen_umbral_conf') donde lo dejó la calibración out-of-fold sobre D3. Cero fit: solo inferencia sobre modelos persistidos y D2 SOLO se reporta — ninguna decisión sale de esta tabla (P-4). Lectura cifras y porqué del límite: Implementacion/PIPELINE.md sección 'La cascada invertida (T3)',122_sin_seleccion,True,122,RandomForest,0.4,hibrido_122_sin_seleccion_semilla1.joblib::umbral_conf_elegido,probe,9711,1403,1327,76,0.136649,0.465996,1,df30cb2,2026-08-12T22:25:15
medida CONTRAFACTUAL de la cascada invertida (T3): predict_proba del clasificador de firmas YA ENTRENADO sobre la POBLACIÓN de las filas normales de D2 —que en el sistema real NUNCA llegan a la etapa 2— para contar cuántas conservarían etiqueta de ataque con confianza >= UMBRAL_CONF. NO describe el híbrido publicado y NO es comparable con ninguna columna de metricas_firmas.csv ni de metricas_hibrido.csv. La etapa 2 carece de clase 'normal' (D3 son solo ataques) así que etiqueta como ataque TODA fila: por eso 'n_argmax' de '__global__' es el total de normales. DENOMINADOR de 'tasa_condena': ese total y no el bucket de la fila —así los RECUENTOS de las cuatro categorías suman el de '__global__'; las tasas solo hasta el redondeo—. LÍMITE: 'tasa_condena' de '__global__' es COTA INFERIOR del FPR de un sistema de firmas-primero y lo citable es 'n_condenadas' — el porqué está en el puntero y no se replica aquí. UMBRAL_CONF se lee del descriptor del híbrido (ver 'origen_umbral_conf') donde lo dejó la calibración out-of-fold sobre D3. Cero fit: solo inferencia sobre modelos persistidos y D2 SOLO se reporta — ninguna decisión sale de esta tabla (P-4). Lectura cifras y porqué del límite: Implementacion/PIPELINE.md sección 'La cascada invertida (T3)',122_sin_seleccion,True,122,RandomForest,0.4,hibrido_122_sin_seleccion_semilla1.joblib::umbral_conf_elegido,r2l,9711,2333,1933,400,0.199053,0.466532,1,df30cb2,2026-08-12T22:25:15
medida CONTRAFACTUAL de la cascada invertida (T3): predict_proba del clasificador de firmas YA ENTRENADO sobre la POBLACIÓN de las filas normales de D2 —que en el sistema real NUNCA llegan a la etapa 2— para contar cuántas conservarían etiqueta de ataque con confianza >= UMBRAL_CONF. NO describe el híbrido publicado y NO es comparable con ninguna columna de metricas_firmas.csv ni de metricas_hibrido.csv. La etapa 2 carece de clase 'normal' (D3 son solo ataques) así que etiqueta como ataque TODA fila: por eso 'n_argmax' de '__global__' es el total de normales. DENOMINADOR de 'tasa_condena': ese total y no el bucket de la fila —así los RECUENTOS de las cuatro categorías suman el de '__global__'; las tasas solo hasta el redondeo—. LÍMITE: 'tasa_condena' de '__global__' es COTA INFERIOR del FPR de un sistema de firmas-primero y lo citable es 'n_condenadas' — el porqué está en el puntero y no se replica aquí. UMBRAL_CONF se lee del descriptor del híbrido (ver 'origen_umbral_conf') donde lo dejó la calibración out-of-fold sobre D3. Cero fit: solo inferencia sobre modelos persistidos y D2 SOLO se reporta — ninguna decisión sale de esta tabla (P-4). Lectura cifras y porqué del límite: Implementacion/PIPELINE.md sección 'La cascada invertida (T3)',122_sin_seleccion,True,122,RandomForest,0.4,hibrido_122_sin_seleccion_semilla1.joblib::umbral_conf_elegido,u2r,9711,66,42,24,0.004325,0.441065,1,df30cb2,2026-08-12T22:25:15
medida CONTRAFACTUAL de la cascada invertida (T3): predict_proba del clasificador de firmas YA ENTRENADO sobre la POBLACIÓN de las filas normales de D2 —que en el sistema real NUNCA llegan a la etapa 2— para contar cuántas conservarían etiqueta de ataque con confianza >= UMBRAL_CONF. NO describe el híbrido publicado y NO es comparable con ninguna columna de metricas_firmas.csv ni de metricas_hibrido.csv. La etapa 2 carece de clase 'normal' (D3 son solo ataques) así que etiqueta como ataque TODA fila: por eso 'n_argmax' de '__global__' es el total de normales. DENOMINADOR de 'tasa_condena': ese total y no el bucket de la fila —así los RECUENTOS de las cuatro categorías suman el de '__global__'; las tasas solo hasta el redondeo—. LÍMITE: 'tasa_condena' de '__global__' es COTA INFERIOR del FPR de un sistema de firmas-primero y lo citable es 'n_condenadas' — el porqué está en el puntero y no se replica aquí. UMBRAL_CONF se lee del descriptor del híbrido (ver 'origen_umbral_conf') donde lo dejó la calibración out-of-fold sobre D3. Cero fit: solo inferencia sobre modelos persistidos y D2 SOLO se reporta — ninguna decisión sale de esta tabla (P-4). Lectura cifras y porqué del límite: Implementacion/PIPELINE.md sección 'La cascada invertida (T3)',122_sin_seleccion,True,122,RandomForest,0.4,hibrido_122_sin_seleccion_semilla1.joblib::umbral_conf_elegido,__global__,9711,9711,8284,1427,0.853053,0.448879,1,df30cb2,2026-08-12T22:25:15
medida CONTRAFACTUAL de la cascada invertida (T3): predict_proba del clasificador de firmas YA ENTRENADO sobre la POBLACIÓN de las filas normales de D2 —que en el sistema real NUNCA llegan a la etapa 2— para contar cuántas conservarían etiqueta de ataque con confianza >= UMBRAL_CONF. NO describe el híbrido publicado y NO es comparable con ninguna columna de metricas_firmas.csv ni de metricas_hibrido.csv. La etapa 2 carece de clase 'normal' (D3 son solo ataques) así que etiqueta como ataque TODA fila: por eso 'n_argmax' de '__global__' es el total de normales. DENOMINADOR de 'tasa_condena': ese total y no el bucket de la fila —así los RECUENTOS de las cuatro categorías suman el de '__global__'; las tasas solo hasta el redondeo—. LÍMITE: 'tasa_condena' de '__global__' es COTA INFERIOR del FPR de un sistema de firmas-primero y lo citable es 'n_condenadas' — el porqué está en el puntero y no se replica aquí. UMBRAL_CONF se lee del descriptor del híbrido (ver 'origen_umbral_conf') donde lo dejó la calibración out-of-fold sobre D3. Cero fit: solo inferencia sobre modelos persistidos y D2 SOLO se reporta — ninguna decisión sale de esta tabla (P-4). Lectura cifras y porqué del límite: Implementacion/PIPELINE.md sección 'La cascada invertida (T3)',54,False,54,RandomForest,0.5,hibrido_54_semilla2.joblib::umbral_conf_elegido,dos,9711,6298,4734,1564,0.487488,0.55697,2,df30cb2,2026-08-12T22:31:52
medida CONTRAFACTUAL de la cascada invertida (T3): predict_proba del clasificador de firmas YA ENTRENADO sobre la POBLACIÓN de las filas normales de D2 —que en el sistema real NUNCA llegan a la etapa 2— para contar cuántas conservarían etiqueta de ataque con confianza >= UMBRAL_CONF. NO describe el híbrido publicado y NO es comparable con ninguna columna de metricas_firmas.csv ni de metricas_hibrido.csv. La etapa 2 carece de clase 'normal' (D3 son solo ataques) así que etiqueta como ataque TODA fila: por eso 'n_argmax' de '__global__' es el total de normales. DENOMINADOR de 'tasa_condena': ese total y no el bucket de la fila —así los RECUENTOS de las cuatro categorías suman el de '__global__'; las tasas solo hasta el redondeo—. LÍMITE: 'tasa_condena' de '__global__' es COTA INFERIOR del FPR de un sistema de firmas-primero y lo citable es 'n_condenadas' — el porqué está en el puntero y no se replica aquí. UMBRAL_CONF se lee del descriptor del híbrido (ver 'origen_umbral_conf') donde lo dejó la calibración out-of-fold sobre D3. Cero fit: solo inferencia sobre modelos persistidos y D2 SOLO se reporta — ninguna decisión sale de esta tabla (P-4). Lectura cifras y porqué del límite: Implementacion/PIPELINE.md sección 'La cascada invertida (T3)',54,False,54,RandomForest,0.5,hibrido_54_semilla2.joblib::umbral_conf_elegido,probe,9711,1667,1293,374,0.133148,0.532037,2,df30cb2,2026-08-12T22:31:52
medida CONTRAFACTUAL de la cascada invertida (T3): predict_proba del clasificador de firmas YA ENTRENADO sobre la POBLACIÓN de las filas normales de D2 —que en el sistema real NUNCA llegan a la etapa 2— para contar cuántas conservarían etiqueta de ataque con confianza >= UMBRAL_CONF. NO describe el híbrido publicado y NO es comparable con ninguna columna de metricas_firmas.csv ni de metricas_hibrido.csv. La etapa 2 carece de clase 'normal' (D3 son solo ataques) así que etiqueta como ataque TODA fila: por eso 'n_argmax' de '__global__' es el total de normales. DENOMINADOR de 'tasa_condena': ese total y no el bucket de la fila —así los RECUENTOS de las cuatro categorías suman el de '__global__'; las tasas solo hasta el redondeo—. LÍMITE: 'tasa_condena' de '__global__' es COTA INFERIOR del FPR de un sistema de firmas-primero y lo citable es 'n_condenadas' — el porqué está en el puntero y no se replica aquí. UMBRAL_CONF se lee del descriptor del híbrido (ver 'origen_umbral_conf') donde lo dejó la calibración out-of-fold sobre D3. Cero fit: solo inferencia sobre modelos persistidos y D2 SOLO se reporta — ninguna decisión sale de esta tabla (P-4). Lectura cifras y porqué del límite: Implementacion/PIPELINE.md sección 'La cascada invertida (T3)',54,False,54,RandomForest,0.5,hibrido_54_semilla2.joblib::umbral_conf_elegido,r2l,9711,1706,647,1059,0.066625,0.48358,2,df30cb2,2026-08-12T22:31:52
medida CONTRAFACTUAL de la cascada invertida (T3): predict_proba del clasificador de firmas YA ENTRENADO sobre la POBLACIÓN de las filas normales de D2 —que en el sistema real NUNCA llegan a la etapa 2— para contar cuántas conservarían etiqueta de ataque con confianza >= UMBRAL_CONF. NO describe el híbrido publicado y NO es comparable con ninguna columna de metricas_firmas.csv ni de metricas_hibrido.csv. La etapa 2 carece de clase 'normal' (D3 son solo ataques) así que etiqueta como ataque TODA fila: por eso 'n_argmax' de '__global__' es el total de normales. DENOMINADOR de 'tasa_condena': ese total y no el bucket de la fila —así los RECUENTOS de las cuatro categorías suman el de '__global__'; las tasas solo hasta el redondeo—. LÍMITE: 'tasa_condena' de '__global__' es COTA INFERIOR del FPR de un sistema de firmas-primero y lo citable es 'n_condenadas' — el porqué está en el puntero y no se replica aquí. UMBRAL_CONF se lee del descriptor del híbrido (ver 'origen_umbral_conf') donde lo dejó la calibración out-of-fold sobre D3. Cero fit: solo inferencia sobre modelos persistidos y D2 SOLO se reporta — ninguna decisión sale de esta tabla (P-4). Lectura cifras y porqué del límite: Implementacion/PIPELINE.md sección 'La cascada invertida (T3)',54,False,54,RandomForest,0.5,hibrido_54_semilla2.joblib::umbral_conf_elegido,u2r,9711,40,17,23,0.001751,0.436991,2,df30cb2,2026-08-12T22:31:52
medida CONTRAFACTUAL de la cascada invertida (T3): predict_proba del clasificador de firmas YA ENTRENADO sobre la POBLACIÓN de las filas normales de D2 —que en el sistema real NUNCA llegan a la etapa 2— para contar cuántas conservarían etiqueta de ataque con confianza >= UMBRAL_CONF. NO describe el híbrido publicado y NO es comparable con ninguna columna de metricas_firmas.csv ni de metricas_hibrido.csv. La etapa 2 carece de clase 'normal' (D3 son solo ataques) así que etiqueta como ataque TODA fila: por eso 'n_argmax' de '__global__' es el total de normales. DENOMINADOR de 'tasa_condena': ese total y no el bucket de la fila —así los RECUENTOS de las cuatro categorías suman el de '__global__'; las tasas solo hasta el redondeo—. LÍMITE: 'tasa_condena' de '__global__' es COTA INFERIOR del FPR de un sistema de firmas-primero y lo citable es 'n_condenadas' — el porqué está en el puntero y no se replica aquí. UMBRAL_CONF se lee del descriptor del híbrido (ver 'origen_umbral_conf') donde lo dejó la calibración out-of-fold sobre D3. Cero fit: solo inferencia sobre modelos persistidos y D2 SOLO se reporta — ninguna decisión sale de esta tabla (P-4). Lectura cifras y porqué del límite: Implementacion/PIPELINE.md sección 'La cascada invertida (T3)',54,False,54,RandomForest,0.5,hibrido_54_semilla2.joblib::umbral_conf_elegido,__global__,9711,9711,6691,3020,0.689012,0.540104,2,df30cb2,2026-08-12T22:31:52
medida CONTRAFACTUAL de la cascada invertida (T3): predict_proba del clasificador de firmas YA ENTRENADO sobre la POBLACIÓN de las filas normales de D2 —que en el sistema real NUNCA llegan a la etapa 2— para contar cuántas conservarían etiqueta de ataque con confianza >= UMBRAL_CONF. NO describe el híbrido publicado y NO es comparable con ninguna columna de metricas_firmas.csv ni de metricas_hibrido.csv. La etapa 2 carece de clase 'normal' (D3 son solo ataques) así que etiqueta como ataque TODA fila: por eso 'n_argmax' de '__global__' es el total de normales. DENOMINADOR de 'tasa_condena': ese total y no el bucket de la fila —así los RECUENTOS de las cuatro categorías suman el de '__global__'; las tasas solo hasta el redondeo—. LÍMITE: 'tasa_condena' de '__global__' es COTA INFERIOR del FPR de un sistema de firmas-primero y lo citable es 'n_condenadas' — el porqué está en el puntero y no se replica aquí. UMBRAL_CONF se lee del descriptor del híbrido (ver 'origen_umbral_conf') donde lo dejó la calibración out-of-fold sobre D3. Cero fit: solo inferencia sobre modelos persistidos y D2 SOLO se reporta — ninguna decisión sale de esta tabla (P-4). Lectura cifras y porqué del límite: Implementacion/PIPELINE.md sección 'La cascada invertida (T3)',122_sin_seleccion,True,122,RandomForest,0.5,hibrido_122_sin_seleccion_semilla2.joblib::umbral_conf_elegido,dos,9711,5481,3064,2417,0.315518,0.506667,2,df30cb2,2026-08-12T22:41:14
medida CONTRAFACTUAL de la cascada invertida (T3): predict_proba del clasificador de firmas YA ENTRENADO sobre la POBLACIÓN de las filas normales de D2 —que en el sistema real NUNCA llegan a la etapa 2— para contar cuántas conservarían etiqueta de ataque con confianza >= UMBRAL_CONF. NO describe el híbrido publicado y NO es comparable con ninguna columna de metricas_firmas.csv ni de metricas_hibrido.csv. La etapa 2 carece de clase 'normal' (D3 son solo ataques) así que etiqueta como ataque TODA fila: por eso 'n_argmax' de '__global__' es el total de normales. DENOMINADOR de 'tasa_condena': ese total y no el bucket de la fila —así los RECUENTOS de las cuatro categorías suman el de '__global__'; las tasas solo hasta el redondeo—. LÍMITE: 'tasa_condena' de '__global__' es COTA INFERIOR del FPR de un sistema de firmas-primero y lo citable es 'n_condenadas' — el porqué está en el puntero y no se replica aquí. UMBRAL_CONF se lee del descriptor del híbrido (ver 'origen_umbral_conf') donde lo dejó la calibración out-of-fold sobre D3. Cero fit: solo inferencia sobre modelos persistidos y D2 SOLO se reporta — ninguna decisión sale de esta tabla (P-4). Lectura cifras y porqué del límite: Implementacion/PIPELINE.md sección 'La cascada invertida (T3)',122_sin_seleccion,True,122,RandomForest,0.5,hibrido_122_sin_seleccion_semilla2.joblib::umbral_conf_elegido,probe,9711,2597,1897,700,0.195345,0.553333,2,df30cb2,2026-08-12T22:41:14
medida CONTRAFACTUAL de la cascada invertida (T3): predict_proba del clasificador de firmas YA ENTRENADO sobre la POBLACIÓN de las filas normales de D2 —que en el sistema real NUNCA llegan a la etapa 2— para contar cuántas conservarían etiqueta de ataque con confianza >= UMBRAL_CONF. NO describe el híbrido publicado y NO es comparable con ninguna columna de metricas_firmas.csv ni de metricas_hibrido.csv. La etapa 2 carece de clase 'normal' (D3 son solo ataques) así que etiqueta como ataque TODA fila: por eso 'n_argmax' de '__global__' es el total de normales. DENOMINADOR de 'tasa_condena': ese total y no el bucket de la fila —así los RECUENTOS de las cuatro categorías suman el de '__global__'; las tasas solo hasta el redondeo—. LÍMITE: 'tasa_condena' de '__global__' es COTA INFERIOR del FPR de un sistema de firmas-primero y lo citable es 'n_condenadas' — el porqué está en el puntero y no se replica aquí. UMBRAL_CONF se lee del descriptor del híbrido (ver 'origen_umbral_conf') donde lo dejó la calibración out-of-fold sobre D3. Cero fit: solo inferencia sobre modelos persistidos y D2 SOLO se reporta — ninguna decisión sale de esta tabla (P-4). Lectura cifras y porqué del límite: Implementacion/PIPELINE.md sección 'La cascada invertida (T3)',122_sin_seleccion,True,122,RandomForest,0.5,hibrido_122_sin_seleccion_semilla2.joblib::umbral_conf_elegido,r2l,9711,1610,499,1111,0.051385,0.46,2,df30cb2,2026-08-12T22:41:14
medida CONTRAFACTUAL de la cascada invertida (T3): predict_proba del clasificador de firmas YA ENTRENADO sobre la POBLACIÓN de las filas normales de D2 —que en el sistema real NUNCA llegan a la etapa 2— para contar cuántas conservarían etiqueta de ataque con confianza >= UMBRAL_CONF. NO describe el híbrido publicado y NO es comparable con ninguna columna de metricas_firmas.csv ni de metricas_hibrido.csv. La etapa 2 carece de clase 'normal' (D3 son solo ataques) así que etiqueta como ataque TODA fila: por eso 'n_argmax' de '__global__' es el total de normales. DENOMINADOR de 'tasa_condena': ese total y no el bucket de la fila —así los RECUENTOS de las cuatro categorías suman el de '__global__'; las tasas solo hasta el redondeo—. LÍMITE: 'tasa_condena' de '__global__' es COTA INFERIOR del FPR de un sistema de firmas-primero y lo citable es 'n_condenadas' — el porqué está en el puntero y no se replica aquí. UMBRAL_CONF se lee del descriptor del híbrido (ver 'origen_umbral_conf') donde lo dejó la calibración out-of-fold sobre D3. Cero fit: solo inferencia sobre modelos persistidos y D2 SOLO se reporta — ninguna decisión sale de esta tabla (P-4). Lectura cifras y porqué del límite: Implementacion/PIPELINE.md sección 'La cascada invertida (T3)',122_sin_seleccion,True,122,RandomForest,0.5,hibrido_122_sin_seleccion_semilla2.joblib::umbral_conf_elegido,u2r,9711,23,13,10,0.001339,0.653333,2,df30cb2,2026-08-12T22:41:14
medida CONTRAFACTUAL de la cascada invertida (T3): predict_proba del clasificador de firmas YA ENTRENADO sobre la POBLACIÓN de las filas normales de D2 —que en el sistema real NUNCA llegan a la etapa 2— para contar cuántas conservarían etiqueta de ataque con confianza >= UMBRAL_CONF. NO describe el híbrido publicado y NO es comparable con ninguna columna de metricas_firmas.csv ni de metricas_hibrido.csv. La etapa 2 carece de clase 'normal' (D3 son solo ataques) así que etiqueta como ataque TODA fila: por eso 'n_argmax' de '__global__' es el total de normales. DENOMINADOR de 'tasa_condena': ese total y no el bucket de la fila —así los RECUENTOS de las cuatro categorías suman el de '__global__'; las tasas solo hasta el redondeo—. LÍMITE: 'tasa_condena' de '__global__' es COTA INFERIOR del FPR de un sistema de firmas-primero y lo citable es 'n_condenadas' — el porqué está en el puntero y no se replica aquí. UMBRAL_CONF se lee del descriptor del híbrido (ver 'origen_umbral_conf') donde lo dejó la calibración out-of-fold sobre D3. Cero fit: solo inferencia sobre modelos persistidos y D2 SOLO se reporta — ninguna decisión sale de esta tabla (P-4). Lectura cifras y porqué del límite: Implementacion/PIPELINE.md sección 'La cascada invertida (T3)',122_sin_seleccion,True,122,RandomForest,0.5,hibrido_122_sin_seleccion_semilla2.joblib::umbral_conf_elegido,__global__,9711,9711,5473,4238,0.563588,0.51,2,df30cb2,2026-08-12T22:41:14
medida CONTRAFACTUAL de la cascada invertida (T3): predict_proba del clasificador de firmas YA ENTRENADO sobre la POBLACIÓN de las filas normales de D2 —que en el sistema real NUNCA llegan a la etapa 2— para contar cuántas conservarían etiqueta de ataque con confianza >= UMBRAL_CONF. NO describe el híbrido publicado y NO es comparable con ninguna columna de metricas_firmas.csv ni de metricas_hibrido.csv. La etapa 2 carece de clase 'normal' (D3 son solo ataques) así que etiqueta como ataque TODA fila: por eso 'n_argmax' de '__global__' es el total de normales. DENOMINADOR de 'tasa_condena': ese total y no el bucket de la fila —así los RECUENTOS de las cuatro categorías suman el de '__global__'; las tasas solo hasta el redondeo—. LÍMITE: 'tasa_condena' de '__global__' es COTA INFERIOR del FPR de un sistema de firmas-primero y lo citable es 'n_condenadas' — el porqué está en el puntero y no se replica aquí. UMBRAL_CONF se lee del descriptor del híbrido (ver 'origen_umbral_conf') donde lo dejó la calibración out-of-fold sobre D3. Cero fit: solo inferencia sobre modelos persistidos y D2 SOLO se reporta — ninguna decisión sale de esta tabla (P-4). Lectura cifras y porqué del límite: Implementacion/PIPELINE.md sección 'La cascada invertida (T3)',54,False,54,RandomForest,0.6,hibrido_54_semilla3.joblib::umbral_conf_elegido,dos,9711,6475,4580,1895,0.47163,0.63,3,df30cb2,2026-08-12T22:47:42
medida CONTRAFACTUAL de la cascada invertida (T3): predict_proba del clasificador de firmas YA ENTRENADO sobre la POBLACIÓN de las filas normales de D2 —que en el sistema real NUNCA llegan a la etapa 2— para contar cuántas conservarían etiqueta de ataque con confianza >= UMBRAL_CONF. NO describe el híbrido publicado y NO es comparable con ninguna columna de metricas_firmas.csv ni de metricas_hibrido.csv. La etapa 2 carece de clase 'normal' (D3 son solo ataques) así que etiqueta como ataque TODA fila: por eso 'n_argmax' de '__global__' es el total de normales. DENOMINADOR de 'tasa_condena': ese total y no el bucket de la fila —así los RECUENTOS de las cuatro categorías suman el de '__global__'; las tasas solo hasta el redondeo—. LÍMITE: 'tasa_condena' de '__global__' es COTA INFERIOR del FPR de un sistema de firmas-primero y lo citable es 'n_condenadas' — el porqué está en el puntero y no se replica aquí. UMBRAL_CONF se lee del descriptor del híbrido (ver 'origen_umbral_conf') donde lo dejó la calibración out-of-fold sobre D3. Cero fit: solo inferencia sobre modelos persistidos y D2 SOLO se reporta — ninguna decisión sale de esta tabla (P-4). Lectura cifras y porqué del límite: Implementacion/PIPELINE.md sección 'La cascada invertida (T3)',54,False,54,RandomForest,0.6,hibrido_54_semilla3.joblib::umbral_conf_elegido,probe,9711,2522,863,1659,0.088868,0.5,3,df30cb2,2026-08-12T22:47:42
medida CONTRAFACTUAL de la cascada invertida (T3): predict_proba del clasificador de firmas YA ENTRENADO sobre la POBLACIÓN de las filas normales de D2 —que en el sistema real NUNCA llegan a la etapa 2— para contar cuántas conservarían etiqueta de ataque con confianza >= UMBRAL_CONF. NO describe el híbrido publicado y NO es comparable con ninguna columna de metricas_firmas.csv ni de metricas_hibrido.csv. La etapa 2 carece de clase 'normal' (D3 son solo ataques) así que etiqueta como ataque TODA fila: por eso 'n_argmax' de '__global__' es el total de normales. DENOMINADOR de 'tasa_condena': ese total y no el bucket de la fila —así los RECUENTOS de las cuatro categorías suman el de '__global__'; las tasas solo hasta el redondeo—. LÍMITE: 'tasa_condena' de '__global__' es COTA INFERIOR del FPR de un sistema de firmas-primero y lo citable es 'n_condenadas' — el porqué está en el puntero y no se replica aquí. UMBRAL_CONF se lee del descriptor del híbrido (ver 'origen_umbral_conf') donde lo dejó la calibración out-of-fold sobre D3. Cero fit: solo inferencia sobre modelos persistidos y D2 SOLO se reporta — ninguna decisión sale de esta tabla (P-4). Lectura cifras y porqué del límite: Implementacion/PIPELINE.md sección 'La cascada invertida (T3)',54,False,54,RandomForest,0.6,hibrido_54_semilla3.joblib::umbral_conf_elegido,r2l,9711,696,131,565,0.01349,0.48,3,df30cb2,2026-08-12T22:47:42
medida CONTRAFACTUAL de la cascada invertida (T3): predict_proba del clasificador de firmas YA ENTRENADO sobre la POBLACIÓN de las filas normales de D2 —que en el sistema real NUNCA llegan a la etapa 2— para contar cuántas conservarían etiqueta de ataque con confianza >= UMBRAL_CONF. NO describe el híbrido publicado y NO es comparable con ninguna columna de metricas_firmas.csv ni de metricas_hibrido.csv. La etapa 2 carece de clase 'normal' (D3 son solo ataques) así que etiqueta como ataque TODA fila: por eso 'n_argmax' de '__global__' es el total de normales. DENOMINADOR de 'tasa_condena': ese total y no el bucket de la fila —así los RECUENTOS de las cuatro categorías suman el de '__global__'; las tasas solo hasta el redondeo—. LÍMITE: 'tasa_condena' de '__global__' es COTA INFERIOR del FPR de un sistema de firmas-primero y lo citable es 'n_condenadas' — el porqué está en el puntero y no se replica aquí. UMBRAL_CONF se lee del descriptor del híbrido (ver 'origen_umbral_conf') donde lo dejó la calibración out-of-fold sobre D3. Cero fit: solo inferencia sobre modelos persistidos y D2 SOLO se reporta — ninguna decisión sale de esta tabla (P-4). Lectura cifras y porqué del límite: Implementacion/PIPELINE.md sección 'La cascada invertida (T3)',54,False,54,RandomForest,0.6,hibrido_54_semilla3.joblib::umbral_conf_elegido,u2r,9711,18,11,7,0.001133,0.705,3,df30cb2,2026-08-12T22:47:42
medida CONTRAFACTUAL de la cascada invertida (T3): predict_proba del clasificador de firmas YA ENTRENADO sobre la POBLACIÓN de las filas normales de D2 —que en el sistema real NUNCA llegan a la etapa 2— para contar cuántas conservarían etiqueta de ataque con confianza >= UMBRAL_CONF. NO describe el híbrido publicado y NO es comparable con ninguna columna de metricas_firmas.csv ni de metricas_hibrido.csv. La etapa 2 carece de clase 'normal' (D3 son solo ataques) así que etiqueta como ataque TODA fila: por eso 'n_argmax' de '__global__' es el total de normales. DENOMINADOR de 'tasa_condena': ese total y no el bucket de la fila —así los RECUENTOS de las cuatro categorías suman el de '__global__'; las tasas solo hasta el redondeo—. LÍMITE: 'tasa_condena' de '__global__' es COTA INFERIOR del FPR de un sistema de firmas-primero y lo citable es 'n_condenadas' — el porqué está en el puntero y no se replica aquí. UMBRAL_CONF se lee del descriptor del híbrido (ver 'origen_umbral_conf') donde lo dejó la calibración out-of-fold sobre D3. Cero fit: solo inferencia sobre modelos persistidos y D2 SOLO se reporta — ninguna decisión sale de esta tabla (P-4). Lectura cifras y porqué del límite: Implementacion/PIPELINE.md sección 'La cascada invertida (T3)',54,False,54,RandomForest,0.6,hibrido_54_semilla3.joblib::umbral_conf_elegido,__global__,9711,9711,5585,4126,0.575121,0.61,3,df30cb2,2026-08-12T22:47:42
medida CONTRAFACTUAL de la cascada invertida (T3): predict_proba del clasificador de firmas YA ENTRENADO sobre la POBLACIÓN de las filas normales de D2 —que en el sistema real NUNCA llegan a la etapa 2— para contar cuántas conservarían etiqueta de ataque con confianza >= UMBRAL_CONF. NO describe el híbrido publicado y NO es comparable con ninguna columna de metricas_firmas.csv ni de metricas_hibrido.csv. La etapa 2 carece de clase 'normal' (D3 son solo ataques) así que etiqueta como ataque TODA fila: por eso 'n_argmax' de '__global__' es el total de normales. DENOMINADOR de 'tasa_condena': ese total y no el bucket de la fila —así los RECUENTOS de las cuatro categorías suman el de '__global__'; las tasas solo hasta el redondeo—. LÍMITE: 'tasa_condena' de '__global__' es COTA INFERIOR del FPR de un sistema de firmas-primero y lo citable es 'n_condenadas' — el porqué está en el puntero y no se replica aquí. UMBRAL_CONF se lee del descriptor del híbrido (ver 'origen_umbral_conf') donde lo dejó la calibración out-of-fold sobre D3. Cero fit: solo inferencia sobre modelos persistidos y D2 SOLO se reporta — ninguna decisión sale de esta tabla (P-4). Lectura cifras y porqué del límite: Implementacion/PIPELINE.md sección 'La cascada invertida (T3)',122_sin_seleccion,True,122,RandomForest,0.5,hibrido_122_sin_seleccion_semilla3.joblib::umbral_conf_elegido,dos,9711,6786,5772,1014,0.594378,0.59,3,df30cb2,2026-08-12T22:56:27
medida CONTRAFACTUAL de la cascada invertida (T3): predict_proba del clasificador de firmas YA ENTRENADO sobre la POBLACIÓN de las filas normales de D2 —que en el sistema real NUNCA llegan a la etapa 2— para contar cuántas conservarían etiqueta de ataque con confianza >= UMBRAL_CONF. NO describe el híbrido publicado y NO es comparable con ninguna columna de metricas_firmas.csv ni de metricas_hibrido.csv. La etapa 2 carece de clase 'normal' (D3 son solo ataques) así que etiqueta como ataque TODA fila: por eso 'n_argmax' de '__global__' es el total de normales. DENOMINADOR de 'tasa_condena': ese total y no el bucket de la fila —así los RECUENTOS de las cuatro categorías suman el de '__global__'; las tasas solo hasta el redondeo—. LÍMITE: 'tasa_condena' de '__global__' es COTA INFERIOR del FPR de un sistema de firmas-primero y lo citable es 'n_condenadas' — el porqué está en el puntero y no se replica aquí. UMBRAL_CONF se lee del descriptor del híbrido (ver 'origen_umbral_conf') donde lo dejó la calibración out-of-fold sobre D3. Cero fit: solo inferencia sobre modelos persistidos y D2 SOLO se reporta — ninguna decisión sale de esta tabla (P-4). Lectura cifras y porqué del límite: Implementacion/PIPELINE.md sección 'La cascada invertida (T3)',122_sin_seleccion,True,122,RandomForest,0.5,hibrido_122_sin_seleccion_semilla3.joblib::umbral_conf_elegido,probe,9711,1923,1071,852,0.110287,0.52,3,df30cb2,2026-08-12T22:56:27
medida CONTRAFACTUAL de la cascada invertida (T3): predict_proba del clasificador de firmas YA ENTRENADO sobre la POBLACIÓN de las filas normales de D2 —que en el sistema real NUNCA llegan a la etapa 2— para contar cuántas conservarían etiqueta de ataque con confianza >= UMBRAL_CONF. NO describe el híbrido publicado y NO es comparable con ninguna columna de metricas_firmas.csv ni de metricas_hibrido.csv. La etapa 2 carece de clase 'normal' (D3 son solo ataques) así que etiqueta como ataque TODA fila: por eso 'n_argmax' de '__global__' es el total de normales. DENOMINADOR de 'tasa_condena': ese total y no el bucket de la fila —así los RECUENTOS de las cuatro categorías suman el de '__global__'; las tasas solo hasta el redondeo—. LÍMITE: 'tasa_condena' de '__global__' es COTA INFERIOR del FPR de un sistema de firmas-primero y lo citable es 'n_condenadas' — el porqué está en el puntero y no se replica aquí. UMBRAL_CONF se lee del descriptor del híbrido (ver 'origen_umbral_conf') donde lo dejó la calibración out-of-fold sobre D3. Cero fit: solo inferencia sobre modelos persistidos y D2 SOLO se reporta — ninguna decisión sale de esta tabla (P-4). Lectura cifras y porqué del límite: Implementacion/PIPELINE.md sección 'La cascada invertida (T3)',122_sin_seleccion,True,122,RandomForest,0.5,hibrido_122_sin_seleccion_semilla3.joblib::umbral_conf_elegido,r2l,9711,979,262,717,0.02698,0.46,3,df30cb2,2026-08-12T22:56:27
medida CONTRAFACTUAL de la cascada invertida (T3): predict_proba del clasificador de firmas YA ENTRENADO sobre la POBLACIÓN de las filas normales de D2 —que en el sistema real NUNCA llegan a la etapa 2— para contar cuántas conservarían etiqueta de ataque con confianza >= UMBRAL_CONF. NO describe el híbrido publicado y NO es comparable con ninguna columna de metricas_firmas.csv ni de metricas_hibrido.csv. La etapa 2 carece de clase 'normal' (D3 son solo ataques) así que etiqueta como ataque TODA fila: por eso 'n_argmax' de '__global__' es el total de normales. DENOMINADOR de 'tasa_condena': ese total y no el bucket de la fila —así los RECUENTOS de las cuatro categorías suman el de '__global__'; las tasas solo hasta el redondeo—. LÍMITE: 'tasa_condena' de '__global__' es COTA INFERIOR del FPR de un sistema de firmas-primero y lo citable es 'n_condenadas' — el porqué está en el puntero y no se replica aquí. UMBRAL_CONF se lee del descriptor del híbrido (ver 'origen_umbral_conf') donde lo dejó la calibración out-of-fold sobre D3. Cero fit: solo inferencia sobre modelos persistidos y D2 SOLO se reporta — ninguna decisión sale de esta tabla (P-4). Lectura cifras y porqué del límite: Implementacion/PIPELINE.md sección 'La cascada invertida (T3)',122_sin_seleccion,True,122,RandomForest,0.5,hibrido_122_sin_seleccion_semilla3.joblib::umbral_conf_elegido,u2r,9711,23,14,9,0.001442,0.54,3,df30cb2,2026-08-12T22:56:27
medida CONTRAFACTUAL de la cascada invertida (T3): predict_proba del clasificador de firmas YA ENTRENADO sobre la POBLACIÓN de las filas normales de D2 —que en el sistema real NUNCA llegan a la etapa 2— para contar cuántas conservarían etiqueta de ataque con confianza >= UMBRAL_CONF. NO describe el híbrido publicado y NO es comparable con ninguna columna de metricas_firmas.csv ni de metricas_hibrido.csv. La etapa 2 carece de clase 'normal' (D3 son solo ataques) así que etiqueta como ataque TODA fila: por eso 'n_argmax' de '__global__' es el total de normales. DENOMINADOR de 'tasa_condena': ese total y no el bucket de la fila —así los RECUENTOS de las cuatro categorías suman el de '__global__'; las tasas solo hasta el redondeo—. LÍMITE: 'tasa_condena' de '__global__' es COTA INFERIOR del FPR de un sistema de firmas-primero y lo citable es 'n_condenadas' — el porqué está en el puntero y no se replica aquí. UMBRAL_CONF se lee del descriptor del híbrido (ver 'origen_umbral_conf') donde lo dejó la calibración out-of-fold sobre D3. Cero fit: solo inferencia sobre modelos persistidos y D2 SOLO se reporta — ninguna decisión sale de esta tabla (P-4). Lectura cifras y porqué del límite: Implementacion/PIPELINE.md sección 'La cascada invertida (T3)',122_sin_seleccion,True,122,RandomForest,0.5,hibrido_122_sin_seleccion_semilla3.joblib::umbral_conf_elegido,__global__,9711,9711,7119,2592,0.733086,0.57,3,df30cb2,2026-08-12T22:56:27
medida CONTRAFACTUAL de la cascada invertida (T3): predict_proba del clasificador de firmas YA ENTRENADO sobre la POBLACIÓN de las filas normales de D2 —que en el sistema real NUNCA llegan a la etapa 2— para contar cuántas conservarían etiqueta de ataque con confianza >= UMBRAL_CONF. NO describe el híbrido publicado y NO es comparable con ninguna columna de metricas_firmas.csv ni de metricas_hibrido.csv. La etapa 2 carece de clase 'normal' (D3 son solo ataques) así que etiqueta como ataque TODA fila: por eso 'n_argmax' de '__global__' es el total de normales. DENOMINADOR de 'tasa_condena': ese total y no el bucket de la fila —así los RECUENTOS de las cuatro categorías suman el de '__global__'; las tasas solo hasta el redondeo—. LÍMITE: 'tasa_condena' de '__global__' es COTA INFERIOR del FPR de un sistema de firmas-primero y lo citable es 'n_condenadas' — el porqué está en el puntero y no se replica aquí. UMBRAL_CONF se lee del descriptor del híbrido (ver 'origen_umbral_conf') donde lo dejó la calibración out-of-fold sobre D3. Cero fit: solo inferencia sobre modelos persistidos y D2 SOLO se reporta — ninguna decisión sale de esta tabla (P-4). Lectura cifras y porqué del límite: Implementacion/PIPELINE.md sección 'La cascada invertida (T3)',54,False,54,RandomForest,0.5,hibrido_54_semilla4.joblib::umbral_conf_elegido,dos,9711,6638,5226,1412,0.538153,0.561075,4,df30cb2,2026-08-12T23:02:12
medida CONTRAFACTUAL de la cascada invertida (T3): predict_proba del clasificador de firmas YA ENTRENADO sobre la POBLACIÓN de las filas normales de D2 —que en el sistema real NUNCA llegan a la etapa 2— para contar cuántas conservarían etiqueta de ataque con confianza >= UMBRAL_CONF. NO describe el híbrido publicado y NO es comparable con ninguna columna de metricas_firmas.csv ni de metricas_hibrido.csv. La etapa 2 carece de clase 'normal' (D3 son solo ataques) así que etiqueta como ataque TODA fila: por eso 'n_argmax' de '__global__' es el total de normales. DENOMINADOR de 'tasa_condena': ese total y no el bucket de la fila —así los RECUENTOS de las cuatro categorías suman el de '__global__'; las tasas solo hasta el redondeo—. LÍMITE: 'tasa_condena' de '__global__' es COTA INFERIOR del FPR de un sistema de firmas-primero y lo citable es 'n_condenadas' — el porqué está en el puntero y no se replica aquí. UMBRAL_CONF se lee del descriptor del híbrido (ver 'origen_umbral_conf') donde lo dejó la calibración out-of-fold sobre D3. Cero fit: solo inferencia sobre modelos persistidos y D2 SOLO se reporta — ninguna decisión sale de esta tabla (P-4). Lectura cifras y porqué del límite: Implementacion/PIPELINE.md sección 'La cascada invertida (T3)',54,False,54,RandomForest,0.5,hibrido_54_semilla4.joblib::umbral_conf_elegido,probe,9711,1795,1080,715,0.111214,0.559332,4,df30cb2,2026-08-12T23:02:12
medida CONTRAFACTUAL de la cascada invertida (T3): predict_proba del clasificador de firmas YA ENTRENADO sobre la POBLACIÓN de las filas normales de D2 —que en el sistema real NUNCA llegan a la etapa 2— para contar cuántas conservarían etiqueta de ataque con confianza >= UMBRAL_CONF. NO describe el híbrido publicado y NO es comparable con ninguna columna de metricas_firmas.csv ni de metricas_hibrido.csv. La etapa 2 carece de clase 'normal' (D3 son solo ataques) así que etiqueta como ataque TODA fila: por eso 'n_argmax' de '__global__' es el total de normales. DENOMINADOR de 'tasa_condena': ese total y no el bucket de la fila —así los RECUENTOS de las cuatro categorías suman el de '__global__'; las tasas solo hasta el redondeo—. LÍMITE: 'tasa_condena' de '__global__' es COTA INFERIOR del FPR de un sistema de firmas-primero y lo citable es 'n_condenadas' — el porqué está en el puntero y no se replica aquí. UMBRAL_CONF se lee del descriptor del híbrido (ver 'origen_umbral_conf') donde lo dejó la calibración out-of-fold sobre D3. Cero fit: solo inferencia sobre modelos persistidos y D2 SOLO se reporta — ninguna decisión sale de esta tabla (P-4). Lectura cifras y porqué del límite: Implementacion/PIPELINE.md sección 'La cascada invertida (T3)',54,False,54,RandomForest,0.5,hibrido_54_semilla4.joblib::umbral_conf_elegido,r2l,9711,1182,352,830,0.036248,0.450149,4,df30cb2,2026-08-12T23:02:12
medida CONTRAFACTUAL de la cascada invertida (T3): predict_proba del clasificador de firmas YA ENTRENADO sobre la POBLACIÓN de las filas normales de D2 —que en el sistema real NUNCA llegan a la etapa 2— para contar cuántas conservarían etiqueta de ataque con confianza >= UMBRAL_CONF. NO describe el híbrido publicado y NO es comparable con ninguna columna de metricas_firmas.csv ni de metricas_hibrido.csv. La etapa 2 carece de clase 'normal' (D3 son solo ataques) así que etiqueta como ataque TODA fila: por eso 'n_argmax' de '__global__' es el total de normales. DENOMINADOR de 'tasa_condena': ese total y no el bucket de la fila —así los RECUENTOS de las cuatro categorías suman el de '__global__'; las tasas solo hasta el redondeo—. LÍMITE: 'tasa_condena' de '__global__' es COTA INFERIOR del FPR de un sistema de firmas-primero y lo citable es 'n_condenadas' — el porqué está en el puntero y no se replica aquí. UMBRAL_CONF se lee del descriptor del híbrido (ver 'origen_umbral_conf') donde lo dejó la calibración out-of-fold sobre D3. Cero fit: solo inferencia sobre modelos persistidos y D2 SOLO se reporta — ninguna decisión sale de esta tabla (P-4). Lectura cifras y porqué del límite: Implementacion/PIPELINE.md sección 'La cascada invertida (T3)',54,False,54,RandomForest,0.5,hibrido_54_semilla4.joblib::umbral_conf_elegido,u2r,9711,96,15,81,0.001545,0.368815,4,df30cb2,2026-08-12T23:02:12
medida CONTRAFACTUAL de la cascada invertida (T3): predict_proba del clasificador de firmas YA ENTRENADO sobre la POBLACIÓN de las filas normales de D2 —que en el sistema real NUNCA llegan a la etapa 2— para contar cuántas conservarían etiqueta de ataque con confianza >= UMBRAL_CONF. NO describe el híbrido publicado y NO es comparable con ninguna columna de metricas_firmas.csv ni de metricas_hibrido.csv. La etapa 2 carece de clase 'normal' (D3 son solo ataques) así que etiqueta como ataque TODA fila: por eso 'n_argmax' de '__global__' es el total de normales. DENOMINADOR de 'tasa_condena': ese total y no el bucket de la fila —así los RECUENTOS de las cuatro categorías suman el de '__global__'; las tasas solo hasta el redondeo—. LÍMITE: 'tasa_condena' de '__global__' es COTA INFERIOR del FPR de un sistema de firmas-primero y lo citable es 'n_condenadas' — el porqué está en el puntero y no se replica aquí. UMBRAL_CONF se lee del descriptor del híbrido (ver 'origen_umbral_conf') donde lo dejó la calibración out-of-fold sobre D3. Cero fit: solo inferencia sobre modelos persistidos y D2 SOLO se reporta — ninguna decisión sale de esta tabla (P-4). Lectura cifras y porqué del límite: Implementacion/PIPELINE.md sección 'La cascada invertida (T3)',54,False,54,RandomForest,0.5,hibrido_54_semilla4.joblib::umbral_conf_elegido,__global__,9711,9711,6673,3038,0.687159,0.550187,4,df30cb2,2026-08-12T23:02:12
medida CONTRAFACTUAL de la cascada invertida (T3): predict_proba del clasificador de firmas YA ENTRENADO sobre la POBLACIÓN de las filas normales de D2 —que en el sistema real NUNCA llegan a la etapa 2— para contar cuántas conservarían etiqueta de ataque con confianza >= UMBRAL_CONF. NO describe el híbrido publicado y NO es comparable con ninguna columna de metricas_firmas.csv ni de metricas_hibrido.csv. La etapa 2 carece de clase 'normal' (D3 son solo ataques) así que etiqueta como ataque TODA fila: por eso 'n_argmax' de '__global__' es el total de normales. DENOMINADOR de 'tasa_condena': ese total y no el bucket de la fila —así los RECUENTOS de las cuatro categorías suman el de '__global__'; las tasas solo hasta el redondeo—. LÍMITE: 'tasa_condena' de '__global__' es COTA INFERIOR del FPR de un sistema de firmas-primero y lo citable es 'n_condenadas' — el porqué está en el puntero y no se replica aquí. UMBRAL_CONF se lee del descriptor del híbrido (ver 'origen_umbral_conf') donde lo dejó la calibración out-of-fold sobre D3. Cero fit: solo inferencia sobre modelos persistidos y D2 SOLO se reporta — ninguna decisión sale de esta tabla (P-4). Lectura cifras y porqué del límite: Implementacion/PIPELINE.md sección 'La cascada invertida (T3)',122_sin_seleccion,True,122,RandomForest,0.4,hibrido_122_sin_seleccion_semilla4.joblib::umbral_conf_elegido,dos,9711,5973,5339,634,0.549789,0.473052,4,df30cb2,2026-08-12T23:10:02
medida CONTRAFACTUAL de la cascada invertida (T3): predict_proba del clasificador de firmas YA ENTRENADO sobre la POBLACIÓN de las filas normales de D2 —que en el sistema real NUNCA llegan a la etapa 2— para contar cuántas conservarían etiqueta de ataque con confianza >= UMBRAL_CONF. NO describe el híbrido publicado y NO es comparable con ninguna columna de metricas_firmas.csv ni de metricas_hibrido.csv. La etapa 2 carece de clase 'normal' (D3 son solo ataques) así que etiqueta como ataque TODA fila: por eso 'n_argmax' de '__global__' es el total de normales. DENOMINADOR de 'tasa_condena': ese total y no el bucket de la fila —así los RECUENTOS de las cuatro categorías suman el de '__global__'; las tasas solo hasta el redondeo—. LÍMITE: 'tasa_condena' de '__global__' es COTA INFERIOR del FPR de un sistema de firmas-primero y lo citable es 'n_condenadas' — el porqué está en el puntero y no se replica aquí. UMBRAL_CONF se lee del descriptor del híbrido (ver 'origen_umbral_conf') donde lo dejó la calibración out-of-fold sobre D3. Cero fit: solo inferencia sobre modelos persistidos y D2 SOLO se reporta — ninguna decisión sale de esta tabla (P-4). Lectura cifras y porqué del límite: Implementacion/PIPELINE.md sección 'La cascada invertida (T3)',122_sin_seleccion,True,122,RandomForest,0.4,hibrido_122_sin_seleccion_semilla4.joblib::umbral_conf_elegido,probe,9711,1585,1549,36,0.15951,0.540978,4,df30cb2,2026-08-12T23:10:02
medida CONTRAFACTUAL de la cascada invertida (T3): predict_proba del clasificador de firmas YA ENTRENADO sobre la POBLACIÓN de las filas normales de D2 —que en el sistema real NUNCA llegan a la etapa 2— para contar cuántas conservarían etiqueta de ataque con confianza >= UMBRAL_CONF. NO describe el híbrido publicado y NO es comparable con ninguna columna de metricas_firmas.csv ni de metricas_hibrido.csv. La etapa 2 carece de clase 'normal' (D3 son solo ataques) así que etiqueta como ataque TODA fila: por eso 'n_argmax' de '__global__' es el total de normales. DENOMINADOR de 'tasa_condena': ese total y no el bucket de la fila —así los RECUENTOS de las cuatro categorías suman el de '__global__'; las tasas solo hasta el redondeo—. LÍMITE: 'tasa_condena' de '__global__' es COTA INFERIOR del FPR de un sistema de firmas-primero y lo citable es 'n_condenadas' — el porqué está en el puntero y no se replica aquí. UMBRAL_CONF se lee del descriptor del híbrido (ver 'origen_umbral_conf') donde lo dejó la calibración out-of-fold sobre D3. Cero fit: solo inferencia sobre modelos persistidos y D2 SOLO se reporta — ninguna decisión sale de esta tabla (P-4). Lectura cifras y porqué del límite: Implementacion/PIPELINE.md sección 'La cascada invertida (T3)',122_sin_seleccion,True,122,RandomForest,0.4,hibrido_122_sin_seleccion_semilla4.joblib::umbral_conf_elegido,r2l,9711,2111,1720,391,0.177119,0.443968,4,df30cb2,2026-08-12T23:10:02
medida CONTRAFACTUAL de la cascada invertida (T3): predict_proba del clasificador de firmas YA ENTRENADO sobre la POBLACIÓN de las filas normales de D2 —que en el sistema real NUNCA llegan a la etapa 2— para contar cuántas conservarían etiqueta de ataque con confianza >= UMBRAL_CONF. NO describe el híbrido publicado y NO es comparable con ninguna columna de metricas_firmas.csv ni de metricas_hibrido.csv. La etapa 2 carece de clase 'normal' (D3 son solo ataques) así que etiqueta como ataque TODA fila: por eso 'n_argmax' de '__global__' es el total de normales. DENOMINADOR de 'tasa_condena': ese total y no el bucket de la fila —así los RECUENTOS de las cuatro categorías suman el de '__global__'; las tasas solo hasta el redondeo—. LÍMITE: 'tasa_condena' de '__global__' es COTA INFERIOR del FPR de un sistema de firmas-primero y lo citable es 'n_condenadas' — el porqué está en el puntero y no se replica aquí. UMBRAL_CONF se lee del descriptor del híbrido (ver 'origen_umbral_conf') donde lo dejó la calibración out-of-fold sobre D3. Cero fit: solo inferencia sobre modelos persistidos y D2 SOLO se reporta — ninguna decisión sale de esta tabla (P-4). Lectura cifras y porqué del límite: Implementacion/PIPELINE.md sección 'La cascada invertida (T3)',122_sin_seleccion,True,122,RandomForest,0.4,hibrido_122_sin_seleccion_semilla4.joblib::umbral_conf_elegido,u2r,9711,42,29,13,0.002986,0.485328,4,df30cb2,2026-08-12T23:10:02
medida CONTRAFACTUAL de la cascada invertida (T3): predict_proba del clasificador de firmas YA ENTRENADO sobre la POBLACIÓN de las filas normales de D2 —que en el sistema real NUNCA llegan a la etapa 2— para contar cuántas conservarían etiqueta de ataque con confianza >= UMBRAL_CONF. NO describe el híbrido publicado y NO es comparable con ninguna columna de metricas_firmas.csv ni de metricas_hibrido.csv. La etapa 2 carece de clase 'normal' (D3 son solo ataques) así que etiqueta como ataque TODA fila: por eso 'n_argmax' de '__global__' es el total de normales. DENOMINADOR de 'tasa_condena': ese total y no el bucket de la fila —así los RECUENTOS de las cuatro categorías suman el de '__global__'; las tasas solo hasta el redondeo—. LÍMITE: 'tasa_condena' de '__global__' es COTA INFERIOR del FPR de un sistema de firmas-primero y lo citable es 'n_condenadas' — el porqué está en el puntero y no se replica aquí. UMBRAL_CONF se lee del descriptor del híbrido (ver 'origen_umbral_conf') donde lo dejó la calibración out-of-fold sobre D3. Cero fit: solo inferencia sobre modelos persistidos y D2 SOLO se reporta — ninguna decisión sale de esta tabla (P-4). Lectura cifras y porqué del límite: Implementacion/PIPELINE.md sección 'La cascada invertida (T3)',122_sin_seleccion,True,122,RandomForest,0.4,hibrido_122_sin_seleccion_semilla4.joblib::umbral_conf_elegido,__global__,9711,9711,8637,1074,0.889404,0.476793,4,df30cb2,2026-08-12T23:10:02
medida CONTRAFACTUAL de la cascada invertida (T3): predict_proba del clasificador de firmas YA ENTRENADO sobre la POBLACIÓN de las filas normales de D2 —que en el sistema real NUNCA llegan a la etapa 2— para contar cuántas conservarían etiqueta de ataque con confianza >= UMBRAL_CONF. NO describe el híbrido publicado y NO es comparable con ninguna columna de metricas_firmas.csv ni de metricas_hibrido.csv. La etapa 2 carece de clase 'normal' (D3 son solo ataques) así que etiqueta como ataque TODA fila: por eso 'n_argmax' de '__global__' es el total de normales. DENOMINADOR de 'tasa_condena': ese total y no el bucket de la fila —así los RECUENTOS de las cuatro categorías suman el de '__global__'; las tasas solo hasta el redondeo—. LÍMITE: 'tasa_condena' de '__global__' es COTA INFERIOR del FPR de un sistema de firmas-primero y lo citable es 'n_condenadas' — el porqué está en el puntero y no se replica aquí. UMBRAL_CONF se lee del descriptor del híbrido (ver 'origen_umbral_conf') donde lo dejó la calibración out-of-fold sobre D3. Cero fit: solo inferencia sobre modelos persistidos y D2 SOLO se reporta — ninguna decisión sale de esta tabla (P-4). Lectura cifras y porqué del límite: Implementacion/PIPELINE.md sección 'La cascada invertida (T3)',54,False,54,RandomForest,0.4,hibrido_54_semilla5.joblib::umbral_conf_elegido,dos,9711,7321,7136,185,0.734837,0.61,5,df30cb2,2026-08-12T23:15:26
medida CONTRAFACTUAL de la cascada invertida (T3): predict_proba del clasificador de firmas YA ENTRENADO sobre la POBLACIÓN de las filas normales de D2 —que en el sistema real NUNCA llegan a la etapa 2— para contar cuántas conservarían etiqueta de ataque con confianza >= UMBRAL_CONF. NO describe el híbrido publicado y NO es comparable con ninguna columna de metricas_firmas.csv ni de metricas_hibrido.csv. La etapa 2 carece de clase 'normal' (D3 son solo ataques) así que etiqueta como ataque TODA fila: por eso 'n_argmax' de '__global__' es el total de normales. DENOMINADOR de 'tasa_condena': ese total y no el bucket de la fila —así los RECUENTOS de las cuatro categorías suman el de '__global__'; las tasas solo hasta el redondeo—. LÍMITE: 'tasa_condena' de '__global__' es COTA INFERIOR del FPR de un sistema de firmas-primero y lo citable es 'n_condenadas' — el porqué está en el puntero y no se replica aquí. UMBRAL_CONF se lee del descriptor del híbrido (ver 'origen_umbral_conf') donde lo dejó la calibración out-of-fold sobre D3. Cero fit: solo inferencia sobre modelos persistidos y D2 SOLO se reporta — ninguna decisión sale de esta tabla (P-4). Lectura cifras y porqué del límite: Implementacion/PIPELINE.md sección 'La cascada invertida (T3)',54,False,54,RandomForest,0.4,hibrido_54_semilla5.joblib::umbral_conf_elegido,probe,9711,1759,1745,14,0.179693,0.59,5,df30cb2,2026-08-12T23:15:26
medida CONTRAFACTUAL de la cascada invertida (T3): predict_proba del clasificador de firmas YA ENTRENADO sobre la POBLACIÓN de las filas normales de D2 —que en el sistema real NUNCA llegan a la etapa 2— para contar cuántas conservarían etiqueta de ataque con confianza >= UMBRAL_CONF. NO describe el híbrido publicado y NO es comparable con ninguna columna de metricas_firmas.csv ni de metricas_hibrido.csv. La etapa 2 carece de clase 'normal' (D3 son solo ataques) así que etiqueta como ataque TODA fila: por eso 'n_argmax' de '__global__' es el total de normales. DENOMINADOR de 'tasa_condena': ese total y no el bucket de la fila —así los RECUENTOS de las cuatro categorías suman el de '__global__'; las tasas solo hasta el redondeo—. LÍMITE: 'tasa_condena' de '__global__' es COTA INFERIOR del FPR de un sistema de firmas-primero y lo citable es 'n_condenadas' — el porqué está en el puntero y no se replica aquí. UMBRAL_CONF se lee del descriptor del híbrido (ver 'origen_umbral_conf') donde lo dejó la calibración out-of-fold sobre D3. Cero fit: solo inferencia sobre modelos persistidos y D2 SOLO se reporta — ninguna decisión sale de esta tabla (P-4). Lectura cifras y porqué del límite: Implementacion/PIPELINE.md sección 'La cascada invertida (T3)',54,False,54,RandomForest,0.4,hibrido_54_semilla5.joblib::umbral_conf_elegido,r2l,9711,609,501,108,0.051591,0.44,5,df30cb2,2026-08-12T23:15:26
medida CONTRAFACTUAL de la cascada invertida (T3): predict_proba del clasificador de firmas YA ENTRENADO sobre la POBLACIÓN de las filas normales de D2 —que en el sistema real NUNCA llegan a la etapa 2— para contar cuántas conservarían etiqueta de ataque con confianza >= UMBRAL_CONF. NO describe el híbrido publicado y NO es comparable con ninguna columna de metricas_firmas.csv ni de metricas_hibrido.csv. La etapa 2 carece de clase 'normal' (D3 son solo ataques) así que etiqueta como ataque TODA fila: por eso 'n_argmax' de '__global__' es el total de normales. DENOMINADOR de 'tasa_condena': ese total y no el bucket de la fila —así los RECUENTOS de las cuatro categorías suman el de '__global__'; las tasas solo hasta el redondeo—. LÍMITE: 'tasa_condena' de '__global__' es COTA INFERIOR del FPR de un sistema de firmas-primero y lo citable es 'n_condenadas' — el porqué está en el puntero y no se replica aquí. UMBRAL_CONF se lee del descriptor del híbrido (ver 'origen_umbral_conf') donde lo dejó la calibración out-of-fold sobre D3. Cero fit: solo inferencia sobre modelos persistidos y D2 SOLO se reporta — ninguna decisión sale de esta tabla (P-4). Lectura cifras y porqué del límite: Implementacion/PIPELINE.md sección 'La cascada invertida (T3)',54,False,54,RandomForest,0.4,hibrido_54_semilla5.joblib::umbral_conf_elegido,u2r,9711,22,21,1,0.002162,0.55,5,df30cb2,2026-08-12T23:15:26
medida CONTRAFACTUAL de la cascada invertida (T3): predict_proba del clasificador de firmas YA ENTRENADO sobre la POBLACIÓN de las filas normales de D2 —que en el sistema real NUNCA llegan a la etapa 2— para contar cuántas conservarían etiqueta de ataque con confianza >= UMBRAL_CONF. NO describe el híbrido publicado y NO es comparable con ninguna columna de metricas_firmas.csv ni de metricas_hibrido.csv. La etapa 2 carece de clase 'normal' (D3 son solo ataques) así que etiqueta como ataque TODA fila: por eso 'n_argmax' de '__global__' es el total de normales. DENOMINADOR de 'tasa_condena': ese total y no el bucket de la fila —así los RECUENTOS de las cuatro categorías suman el de '__global__'; las tasas solo hasta el redondeo—. LÍMITE: 'tasa_condena' de '__global__' es COTA INFERIOR del FPR de un sistema de firmas-primero y lo citable es 'n_condenadas' — el porqué está en el puntero y no se replica aquí. UMBRAL_CONF se lee del descriptor del híbrido (ver 'origen_umbral_conf') donde lo dejó la calibración out-of-fold sobre D3. Cero fit: solo inferencia sobre modelos persistidos y D2 SOLO se reporta — ninguna decisión sale de esta tabla (P-4). Lectura cifras y porqué del límite: Implementacion/PIPELINE.md sección 'La cascada invertida (T3)',54,False,54,RandomForest,0.4,hibrido_54_semilla5.joblib::umbral_conf_elegido,__global__,9711,9711,9403,308,0.968283,0.61,5,df30cb2,2026-08-12T23:15:26
medida CONTRAFACTUAL de la cascada invertida (T3): predict_proba del clasificador de firmas YA ENTRENADO sobre la POBLACIÓN de las filas normales de D2 —que en el sistema real NUNCA llegan a la etapa 2— para contar cuántas conservarían etiqueta de ataque con confianza >= UMBRAL_CONF. NO describe el híbrido publicado y NO es comparable con ninguna columna de metricas_firmas.csv ni de metricas_hibrido.csv. La etapa 2 carece de clase 'normal' (D3 son solo ataques) así que etiqueta como ataque TODA fila: por eso 'n_argmax' de '__global__' es el total de normales. DENOMINADOR de 'tasa_condena': ese total y no el bucket de la fila —así los RECUENTOS de las cuatro categorías suman el de '__global__'; las tasas solo hasta el redondeo—. LÍMITE: 'tasa_condena' de '__global__' es COTA INFERIOR del FPR de un sistema de firmas-primero y lo citable es 'n_condenadas' — el porqué está en el puntero y no se replica aquí. UMBRAL_CONF se lee del descriptor del híbrido (ver 'origen_umbral_conf') donde lo dejó la calibración out-of-fold sobre D3. Cero fit: solo inferencia sobre modelos persistidos y D2 SOLO se reporta — ninguna decisión sale de esta tabla (P-4). Lectura cifras y porqué del límite: Implementacion/PIPELINE.md sección 'La cascada invertida (T3)',122_sin_seleccion,True,122,RandomForest,0.5,hibrido_122_sin_seleccion_semilla5.joblib::umbral_conf_elegido,dos,9711,7045,4851,2194,0.499537,0.53,5,df30cb2,2026-08-12T23:24:01
medida CONTRAFACTUAL de la cascada invertida (T3): predict_proba del clasificador de firmas YA ENTRENADO sobre la POBLACIÓN de las filas normales de D2 —que en el sistema real NUNCA llegan a la etapa 2— para contar cuántas conservarían etiqueta de ataque con confianza >= UMBRAL_CONF. NO describe el híbrido publicado y NO es comparable con ninguna columna de metricas_firmas.csv ni de metricas_hibrido.csv. La etapa 2 carece de clase 'normal' (D3 son solo ataques) así que etiqueta como ataque TODA fila: por eso 'n_argmax' de '__global__' es el total de normales. DENOMINADOR de 'tasa_condena': ese total y no el bucket de la fila —así los RECUENTOS de las cuatro categorías suman el de '__global__'; las tasas solo hasta el redondeo—. LÍMITE: 'tasa_condena' de '__global__' es COTA INFERIOR del FPR de un sistema de firmas-primero y lo citable es 'n_condenadas' — el porqué está en el puntero y no se replica aquí. UMBRAL_CONF se lee del descriptor del híbrido (ver 'origen_umbral_conf') donde lo dejó la calibración out-of-fold sobre D3. Cero fit: solo inferencia sobre modelos persistidos y D2 SOLO se reporta — ninguna decisión sale de esta tabla (P-4). Lectura cifras y porqué del límite: Implementacion/PIPELINE.md sección 'La cascada invertida (T3)',122_sin_seleccion,True,122,RandomForest,0.5,hibrido_122_sin_seleccion_semilla5.joblib::umbral_conf_elegido,probe,9711,1547,1320,227,0.135928,0.6,5,df30cb2,2026-08-12T23:24:01
medida CONTRAFACTUAL de la cascada invertida (T3): predict_proba del clasificador de firmas YA ENTRENADO sobre la POBLACIÓN de las filas normales de D2 —que en el sistema real NUNCA llegan a la etapa 2— para contar cuántas conservarían etiqueta de ataque con confianza >= UMBRAL_CONF. NO describe el híbrido publicado y NO es comparable con ninguna columna de metricas_firmas.csv ni de metricas_hibrido.csv. La etapa 2 carece de clase 'normal' (D3 son solo ataques) así que etiqueta como ataque TODA fila: por eso 'n_argmax' de '__global__' es el total de normales. DENOMINADOR de 'tasa_condena': ese total y no el bucket de la fila —así los RECUENTOS de las cuatro categorías suman el de '__global__'; las tasas solo hasta el redondeo—. LÍMITE: 'tasa_condena' de '__global__' es COTA INFERIOR del FPR de un sistema de firmas-primero y lo citable es 'n_condenadas' — el porqué está en el puntero y no se replica aquí. UMBRAL_CONF se lee del descriptor del híbrido (ver 'origen_umbral_conf') donde lo dejó la calibración out-of-fold sobre D3. Cero fit: solo inferencia sobre modelos persistidos y D2 SOLO se reporta — ninguna decisión sale de esta tabla (P-4). Lectura cifras y porqué del límite: Implementacion/PIPELINE.md sección 'La cascada invertida (T3)',122_sin_seleccion,True,122,RandomForest,0.5,hibrido_122_sin_seleccion_semilla5.joblib::umbral_conf_elegido,r2l,9711,1093,297,796,0.030584,0.44,5,df30cb2,2026-08-12T23:24:01
medida CONTRAFACTUAL de la cascada invertida (T3): predict_proba del clasificador de firmas YA ENTRENADO sobre la POBLACIÓN de las filas normales de D2 —que en el sistema real NUNCA llegan a la etapa 2— para contar cuántas conservarían etiqueta de ataque con confianza >= UMBRAL_CONF. NO describe el híbrido publicado y NO es comparable con ninguna columna de metricas_firmas.csv ni de metricas_hibrido.csv. La etapa 2 carece de clase 'normal' (D3 son solo ataques) así que etiqueta como ataque TODA fila: por eso 'n_argmax' de '__global__' es el total de normales. DENOMINADOR de 'tasa_condena': ese total y no el bucket de la fila —así los RECUENTOS de las cuatro categorías suman el de '__global__'; las tasas solo hasta el redondeo—. LÍMITE: 'tasa_condena' de '__global__' es COTA INFERIOR del FPR de un sistema de firmas-primero y lo citable es 'n_condenadas' — el porqué está en el puntero y no se replica aquí. UMBRAL_CONF se lee del descriptor del híbrido (ver 'origen_umbral_conf') donde lo dejó la calibración out-of-fold sobre D3. Cero fit: solo inferencia sobre modelos persistidos y D2 SOLO se reporta — ninguna decisión sale de esta tabla (P-4). Lectura cifras y porqué del límite: Implementacion/PIPELINE.md sección 'La cascada invertida (T3)',122_sin_seleccion,True,122,RandomForest,0.5,hibrido_122_sin_seleccion_semilla5.joblib::umbral_conf_elegido,u2r,9711,26,14,12,0.001442,0.505,5,df30cb2,2026-08-12T23:24:01
medida CONTRAFACTUAL de la cascada invertida (T3): predict_proba del clasificador de firmas YA ENTRENADO sobre la POBLACIÓN de las filas normales de D2 —que en el sistema real NUNCA llegan a la etapa 2— para contar cuántas conservarían etiqueta de ataque con confianza >= UMBRAL_CONF. NO describe el híbrido publicado y NO es comparable con ninguna columna de metricas_firmas.csv ni de metricas_hibrido.csv. La etapa 2 carece de clase 'normal' (D3 son solo ataques) así que etiqueta como ataque TODA fila: por eso 'n_argmax' de '__global__' es el total de normales. DENOMINADOR de 'tasa_condena': ese total y no el bucket de la fila —así los RECUENTOS de las cuatro categorías suman el de '__global__'; las tasas solo hasta el redondeo—. LÍMITE: 'tasa_condena' de '__global__' es COTA INFERIOR del FPR de un sistema de firmas-primero y lo citable es 'n_condenadas' — el porqué está en el puntero y no se replica aquí. UMBRAL_CONF se lee del descriptor del híbrido (ver 'origen_umbral_conf') donde lo dejó la calibración out-of-fold sobre D3. Cero fit: solo inferencia sobre modelos persistidos y D2 SOLO se reporta — ninguna decisión sale de esta tabla (P-4). Lectura cifras y porqué del límite: Implementacion/PIPELINE.md sección 'La cascada invertida (T3)',122_sin_seleccion,True,122,RandomForest,0.5,hibrido_122_sin_seleccion_semilla5.joblib::umbral_conf_elegido,__global__,9711,9711,6482,3229,0.66749,0.53,5,df30cb2,2026-08-12T23:24:01
medida CONTRAFACTUAL de la cascada invertida (T3): predict_proba del clasificador de firmas YA ENTRENADO sobre la POBLACIÓN de las filas normales de D2 —que en el sistema real NUNCA llegan a la etapa 2— para contar cuántas conservarían etiqueta de ataque con confianza >= UMBRAL_CONF. NO describe el híbrido publicado y NO es comparable con ninguna columna de metricas_firmas.csv ni de metricas_hibrido.csv. La etapa 2 carece de clase 'normal' (D3 son solo ataques) así que etiqueta como ataque TODA fila: por eso 'n_argmax' de '__global__' es el total de normales. DENOMINADOR de 'tasa_condena': ese total y no el bucket de la fila —así los RECUENTOS de las cuatro categorías suman el de '__global__'; las tasas solo hasta el redondeo—. LÍMITE: 'tasa_condena' de '__global__' es COTA INFERIOR del FPR de un sistema de firmas-primero y lo citable es 'n_condenadas' — el porqué está en el puntero y no se replica aquí. UMBRAL_CONF se lee del descriptor del híbrido (ver 'origen_umbral_conf') donde lo dejó la calibración out-of-fold sobre D3. Cero fit: solo inferencia sobre modelos persistidos y D2 SOLO se reporta — ninguna decisión sale de esta tabla (P-4). Lectura cifras y porqué del límite: Implementacion/PIPELINE.md sección 'La cascada invertida (T3)',54,False,54,RandomForest,0.4,hibrido_54_semilla6.joblib::umbral_conf_elegido,dos,9711,7084,6899,185,0.710431,0.575693,6,df30cb2,2026-08-12T23:29:45
medida CONTRAFACTUAL de la cascada invertida (T3): predict_proba del clasificador de firmas YA ENTRENADO sobre la POBLACIÓN de las filas normales de D2 —que en el sistema real NUNCA llegan a la etapa 2— para contar cuántas conservarían etiqueta de ataque con confianza >= UMBRAL_CONF. NO describe el híbrido publicado y NO es comparable con ninguna columna de metricas_firmas.csv ni de metricas_hibrido.csv. La etapa 2 carece de clase 'normal' (D3 son solo ataques) así que etiqueta como ataque TODA fila: por eso 'n_argmax' de '__global__' es el total de normales. DENOMINADOR de 'tasa_condena': ese total y no el bucket de la fila —así los RECUENTOS de las cuatro categorías suman el de '__global__'; las tasas solo hasta el redondeo—. LÍMITE: 'tasa_condena' de '__global__' es COTA INFERIOR del FPR de un sistema de firmas-primero y lo citable es 'n_condenadas' — el porqué está en el puntero y no se replica aquí. UMBRAL_CONF se lee del descriptor del híbrido (ver 'origen_umbral_conf') donde lo dejó la calibración out-of-fold sobre D3. Cero fit: solo inferencia sobre modelos persistidos y D2 SOLO se reporta — ninguna decisión sale de esta tabla (P-4). Lectura cifras y porqué del límite: Implementacion/PIPELINE.md sección 'La cascada invertida (T3)',54,False,54,RandomForest,0.4,hibrido_54_semilla6.joblib::umbral_conf_elegido,probe,9711,1458,1402,56,0.144372,0.547418,6,df30cb2,2026-08-12T23:29:45
medida CONTRAFACTUAL de la cascada invertida (T3): predict_proba del clasificador de firmas YA ENTRENADO sobre la POBLACIÓN de las filas normales de D2 —que en el sistema real NUNCA llegan a la etapa 2— para contar cuántas conservarían etiqueta de ataque con confianza >= UMBRAL_CONF. NO describe el híbrido publicado y NO es comparable con ninguna columna de metricas_firmas.csv ni de metricas_hibrido.csv. La etapa 2 carece de clase 'normal' (D3 son solo ataques) así que etiqueta como ataque TODA fila: por eso 'n_argmax' de '__global__' es el total de normales. DENOMINADOR de 'tasa_condena': ese total y no el bucket de la fila —así los RECUENTOS de las cuatro categorías suman el de '__global__'; las tasas solo hasta el redondeo—. LÍMITE: 'tasa_condena' de '__global__' es COTA INFERIOR del FPR de un sistema de firmas-primero y lo citable es 'n_condenadas' — el porqué está en el puntero y no se replica aquí. UMBRAL_CONF se lee del descriptor del híbrido (ver 'origen_umbral_conf') donde lo dejó la calibración out-of-fold sobre D3. Cero fit: solo inferencia sobre modelos persistidos y D2 SOLO se reporta — ninguna decisión sale de esta tabla (P-4). Lectura cifras y porqué del límite: Implementacion/PIPELINE.md sección 'La cascada invertida (T3)',54,False,54,RandomForest,0.4,hibrido_54_semilla6.joblib::umbral_conf_elegido,r2l,9711,1146,951,195,0.09793,0.450518,6,df30cb2,2026-08-12T23:29:45
medida CONTRAFACTUAL de la cascada invertida (T3): predict_proba del clasificador de firmas YA ENTRENADO sobre la POBLACIÓN de las filas normales de D2 —que en el sistema real NUNCA llegan a la etapa 2— para contar cuántas conservarían etiqueta de ataque con confianza >= UMBRAL_CONF. NO describe el híbrido publicado y NO es comparable con ninguna columna de metricas_firmas.csv ni de metricas_hibrido.csv. La etapa 2 carece de clase 'normal' (D3 son solo ataques) así que etiqueta como ataque TODA fila: por eso 'n_argmax' de '__global__' es el total de normales. DENOMINADOR de 'tasa_condena': ese total y no el bucket de la fila —así los RECUENTOS de las cuatro categorías suman el de '__global__'; las tasas solo hasta el redondeo—. LÍMITE: 'tasa_condena' de '__global__' es COTA INFERIOR del FPR de un sistema de firmas-primero y lo citable es 'n_condenadas' — el porqué está en el puntero y no se replica aquí. UMBRAL_CONF se lee del descriptor del híbrido (ver 'origen_umbral_conf') donde lo dejó la calibración out-of-fold sobre D3. Cero fit: solo inferencia sobre modelos persistidos y D2 SOLO se reporta — ninguna decisión sale de esta tabla (P-4). Lectura cifras y porqué del límite: Implementacion/PIPELINE.md sección 'La cascada invertida (T3)',54,False,54,RandomForest,0.4,hibrido_54_semilla6.joblib::umbral_conf_elegido,u2r,9711,23,20,3,0.00206,0.585527,6,df30cb2,2026-08-12T23:29:45
medida CONTRAFACTUAL de la cascada invertida (T3): predict_proba del clasificador de firmas YA ENTRENADO sobre la POBLACIÓN de las filas normales de D2 —que en el sistema real NUNCA llegan a la etapa 2— para contar cuántas conservarían etiqueta de ataque con confianza >= UMBRAL_CONF. NO describe el híbrido publicado y NO es comparable con ninguna columna de metricas_firmas.csv ni de metricas_hibrido.csv. La etapa 2 carece de clase 'normal' (D3 son solo ataques) así que etiqueta como ataque TODA fila: por eso 'n_argmax' de '__global__' es el total de normales. DENOMINADOR de 'tasa_condena': ese total y no el bucket de la fila —así los RECUENTOS de las cuatro categorías suman el de '__global__'; las tasas solo hasta el redondeo—. LÍMITE: 'tasa_condena' de '__global__' es COTA INFERIOR del FPR de un sistema de firmas-primero y lo citable es 'n_condenadas' — el porqué está en el puntero y no se replica aquí. UMBRAL_CONF se lee del descriptor del híbrido (ver 'origen_umbral_conf') donde lo dejó la calibración out-of-fold sobre D3. Cero fit: solo inferencia sobre modelos persistidos y D2 SOLO se reporta — ninguna decisión sale de esta tabla (P-4). Lectura cifras y porqué del límite: Implementacion/PIPELINE.md sección 'La cascada invertida (T3)',54,False,54,RandomForest,0.4,hibrido_54_semilla6.joblib::umbral_conf_elegido,__global__,9711,9711,9272,439,0.954794,0.56408,6,df30cb2,2026-08-12T23:29:45
medida CONTRAFACTUAL de la cascada invertida (T3): predict_proba del clasificador de firmas YA ENTRENADO sobre la POBLACIÓN de las filas normales de D2 —que en el sistema real NUNCA llegan a la etapa 2— para contar cuántas conservarían etiqueta de ataque con confianza >= UMBRAL_CONF. NO describe el híbrido publicado y NO es comparable con ninguna columna de metricas_firmas.csv ni de metricas_hibrido.csv. La etapa 2 carece de clase 'normal' (D3 son solo ataques) así que etiqueta como ataque TODA fila: por eso 'n_argmax' de '__global__' es el total de normales. DENOMINADOR de 'tasa_condena': ese total y no el bucket de la fila —así los RECUENTOS de las cuatro categorías suman el de '__global__'; las tasas solo hasta el redondeo—. LÍMITE: 'tasa_condena' de '__global__' es COTA INFERIOR del FPR de un sistema de firmas-primero y lo citable es 'n_condenadas' — el porqué está en el puntero y no se replica aquí. UMBRAL_CONF se lee del descriptor del híbrido (ver 'origen_umbral_conf') donde lo dejó la calibración out-of-fold sobre D3. Cero fit: solo inferencia sobre modelos persistidos y D2 SOLO se reporta — ninguna decisión sale de esta tabla (P-4). Lectura cifras y porqué del límite: Implementacion/PIPELINE.md sección 'La cascada invertida (T3)',122_sin_seleccion,True,122,RandomForest,0.5,hibrido_122_sin_seleccion_semilla6.joblib::umbral_conf_elegido,dos,9711,5609,849,4760,0.087427,0.445608,6,df30cb2,2026-08-12T23:39:12
medida CONTRAFACTUAL de la cascada invertida (T3): predict_proba del clasificador de firmas YA ENTRENADO sobre la POBLACIÓN de las filas normales de D2 —que en el sistema real NUNCA llegan a la etapa 2— para contar cuántas conservarían etiqueta de ataque con confianza >= UMBRAL_CONF. NO describe el híbrido publicado y NO es comparable con ninguna columna de metricas_firmas.csv ni de metricas_hibrido.csv. La etapa 2 carece de clase 'normal' (D3 son solo ataques) así que etiqueta como ataque TODA fila: por eso 'n_argmax' de '__global__' es el total de normales. DENOMINADOR de 'tasa_condena': ese total y no el bucket de la fila —así los RECUENTOS de las cuatro categorías suman el de '__global__'; las tasas solo hasta el redondeo—. LÍMITE: 'tasa_condena' de '__global__' es COTA INFERIOR del FPR de un sistema de firmas-primero y lo citable es 'n_condenadas' — el porqué está en el puntero y no se replica aquí. UMBRAL_CONF se lee del descriptor del híbrido (ver 'origen_umbral_conf') donde lo dejó la calibración out-of-fold sobre D3. Cero fit: solo inferencia sobre modelos persistidos y D2 SOLO se reporta — ninguna decisión sale de esta tabla (P-4). Lectura cifras y porqué del límite: Implementacion/PIPELINE.md sección 'La cascada invertida (T3)',122_sin_seleccion,True,122,RandomForest,0.5,hibrido_122_sin_seleccion_semilla6.joblib::umbral_conf_elegido,probe,9711,1559,633,926,0.065184,0.460899,6,df30cb2,2026-08-12T23:39:12
medida CONTRAFACTUAL de la cascada invertida (T3): predict_proba del clasificador de firmas YA ENTRENADO sobre la POBLACIÓN de las filas normales de D2 —que en el sistema real NUNCA llegan a la etapa 2— para contar cuántas conservarían etiqueta de ataque con confianza >= UMBRAL_CONF. NO describe el híbrido publicado y NO es comparable con ninguna columna de metricas_firmas.csv ni de metricas_hibrido.csv. La etapa 2 carece de clase 'normal' (D3 son solo ataques) así que etiqueta como ataque TODA fila: por eso 'n_argmax' de '__global__' es el total de normales. DENOMINADOR de 'tasa_condena': ese total y no el bucket de la fila —así los RECUENTOS de las cuatro categorías suman el de '__global__'; las tasas solo hasta el redondeo—. LÍMITE: 'tasa_condena' de '__global__' es COTA INFERIOR del FPR de un sistema de firmas-primero y lo citable es 'n_condenadas' — el porqué está en el puntero y no se replica aquí. UMBRAL_CONF se lee del descriptor del híbrido (ver 'origen_umbral_conf') donde lo dejó la calibración out-of-fold sobre D3. Cero fit: solo inferencia sobre modelos persistidos y D2 SOLO se reporta — ninguna decisión sale de esta tabla (P-4). Lectura cifras y porqué del límite: Implementacion/PIPELINE.md sección 'La cascada invertida (T3)',122_sin_seleccion,True,122,RandomForest,0.5,hibrido_122_sin_seleccion_semilla6.joblib::umbral_conf_elegido,r2l,9711,2471,654,1817,0.067346,0.460087,6,df30cb2,2026-08-12T23:39:12
medida CONTRAFACTUAL de la cascada invertida (T3): predict_proba del clasificador de firmas YA ENTRENADO sobre la POBLACIÓN de las filas normales de D2 —que en el sistema real NUNCA llegan a la etapa 2— para contar cuántas conservarían etiqueta de ataque con confianza >= UMBRAL_CONF. NO describe el híbrido publicado y NO es comparable con ninguna columna de metricas_firmas.csv ni de metricas_hibrido.csv. La etapa 2 carece de clase 'normal' (D3 son solo ataques) así que etiqueta como ataque TODA fila: por eso 'n_argmax' de '__global__' es el total de normales. DENOMINADOR de 'tasa_condena': ese total y no el bucket de la fila —así los RECUENTOS de las cuatro categorías suman el de '__global__'; las tasas solo hasta el redondeo—. LÍMITE: 'tasa_condena' de '__global__' es COTA INFERIOR del FPR de un sistema de firmas-primero y lo citable es 'n_condenadas' — el porqué está en el puntero y no se replica aquí. UMBRAL_CONF se lee del descriptor del híbrido (ver 'origen_umbral_conf') donde lo dejó la calibración out-of-fold sobre D3. Cero fit: solo inferencia sobre modelos persistidos y D2 SOLO se reporta — ninguna decisión sale de esta tabla (P-4). Lectura cifras y porqué del límite: Implementacion/PIPELINE.md sección 'La cascada invertida (T3)',122_sin_seleccion,True,122,RandomForest,0.5,hibrido_122_sin_seleccion_semilla6.joblib::umbral_conf_elegido,u2r,9711,72,21,51,0.002162,0.413318,6,df30cb2,2026-08-12T23:39:12
medida CONTRAFACTUAL de la cascada invertida (T3): predict_proba del clasificador de firmas YA ENTRENADO sobre la POBLACIÓN de las filas normales de D2 —que en el sistema real NUNCA llegan a la etapa 2— para contar cuántas conservarían etiqueta de ataque con confianza >= UMBRAL_CONF. NO describe el híbrido publicado y NO es comparable con ninguna columna de metricas_firmas.csv ni de metricas_hibrido.csv. La etapa 2 carece de clase 'normal' (D3 son solo ataques) así que etiqueta como ataque TODA fila: por eso 'n_argmax' de '__global__' es el total de normales. DENOMINADOR de 'tasa_condena': ese total y no el bucket de la fila —así los RECUENTOS de las cuatro categorías suman el de '__global__'; las tasas solo hasta el redondeo—. LÍMITE: 'tasa_condena' de '__global__' es COTA INFERIOR del FPR de un sistema de firmas-primero y lo citable es 'n_condenadas' — el porqué está en el puntero y no se replica aquí. UMBRAL_CONF se lee del descriptor del híbrido (ver 'origen_umbral_conf') donde lo dejó la calibración out-of-fold sobre D3. Cero fit: solo inferencia sobre modelos persistidos y D2 SOLO se reporta — ninguna decisión sale de esta tabla (P-4). Lectura cifras y porqué del límite: Implementacion/PIPELINE.md sección 'La cascada invertida (T3)',122_sin_seleccion,True,122,RandomForest,0.5,hibrido_122_sin_seleccion_semilla6.joblib::umbral_conf_elegido,__global__,9711,9711,2157,7554,0.222119,0.450177,6,df30cb2,2026-08-12T23:39:12
medida CONTRAFACTUAL de la cascada invertida (T3): predict_proba del clasificador de firmas YA ENTRENADO sobre la POBLACIÓN de las filas normales de D2 —que en el sistema real NUNCA llegan a la etapa 2— para contar cuántas conservarían etiqueta de ataque con confianza >= UMBRAL_CONF. NO describe el híbrido publicado y NO es comparable con ninguna columna de metricas_firmas.csv ni de metricas_hibrido.csv. La etapa 2 carece de clase 'normal' (D3 son solo ataques) así que etiqueta como ataque TODA fila: por eso 'n_argmax' de '__global__' es el total de normales. DENOMINADOR de 'tasa_condena': ese total y no el bucket de la fila —así los RECUENTOS de las cuatro categorías suman el de '__global__'; las tasas solo hasta el redondeo—. LÍMITE: 'tasa_condena' de '__global__' es COTA INFERIOR del FPR de un sistema de firmas-primero y lo citable es 'n_condenadas' — el porqué está en el puntero y no se replica aquí. UMBRAL_CONF se lee del descriptor del híbrido (ver 'origen_umbral_conf') donde lo dejó la calibración out-of-fold sobre D3. Cero fit: solo inferencia sobre modelos persistidos y D2 SOLO se reporta — ninguna decisión sale de esta tabla (P-4). Lectura cifras y porqué del límite: Implementacion/PIPELINE.md sección 'La cascada invertida (T3)',54,False,54,RandomForest,0.5,hibrido_54_semilla7.joblib::umbral_conf_elegido,dos,9711,7357,6075,1282,0.625579,0.56,7,df30cb2,2026-08-12T23:44:32
medida CONTRAFACTUAL de la cascada invertida (T3): predict_proba del clasificador de firmas YA ENTRENADO sobre la POBLACIÓN de las filas normales de D2 —que en el sistema real NUNCA llegan a la etapa 2— para contar cuántas conservarían etiqueta de ataque con confianza >= UMBRAL_CONF. NO describe el híbrido publicado y NO es comparable con ninguna columna de metricas_firmas.csv ni de metricas_hibrido.csv. La etapa 2 carece de clase 'normal' (D3 son solo ataques) así que etiqueta como ataque TODA fila: por eso 'n_argmax' de '__global__' es el total de normales. DENOMINADOR de 'tasa_condena': ese total y no el bucket de la fila —así los RECUENTOS de las cuatro categorías suman el de '__global__'; las tasas solo hasta el redondeo—. LÍMITE: 'tasa_condena' de '__global__' es COTA INFERIOR del FPR de un sistema de firmas-primero y lo citable es 'n_condenadas' — el porqué está en el puntero y no se replica aquí. UMBRAL_CONF se lee del descriptor del híbrido (ver 'origen_umbral_conf') donde lo dejó la calibración out-of-fold sobre D3. Cero fit: solo inferencia sobre modelos persistidos y D2 SOLO se reporta — ninguna decisión sale de esta tabla (P-4). Lectura cifras y porqué del límite: Implementacion/PIPELINE.md sección 'La cascada invertida (T3)',54,False,54,RandomForest,0.5,hibrido_54_semilla7.joblib::umbral_conf_elegido,probe,9711,1441,1108,333,0.114097,0.58,7,df30cb2,2026-08-12T23:44:32
medida CONTRAFACTUAL de la cascada invertida (T3): predict_proba del clasificador de firmas YA ENTRENADO sobre la POBLACIÓN de las filas normales de D2 —que en el sistema real NUNCA llegan a la etapa 2— para contar cuántas conservarían etiqueta de ataque con confianza >= UMBRAL_CONF. NO describe el híbrido publicado y NO es comparable con ninguna columna de metricas_firmas.csv ni de metricas_hibrido.csv. La etapa 2 carece de clase 'normal' (D3 son solo ataques) así que etiqueta como ataque TODA fila: por eso 'n_argmax' de '__global__' es el total de normales. DENOMINADOR de 'tasa_condena': ese total y no el bucket de la fila —así los RECUENTOS de las cuatro categorías suman el de '__global__'; las tasas solo hasta el redondeo—. LÍMITE: 'tasa_condena' de '__global__' es COTA INFERIOR del FPR de un sistema de firmas-primero y lo citable es 'n_condenadas' — el porqué está en el puntero y no se replica aquí. UMBRAL_CONF se lee del descriptor del híbrido (ver 'origen_umbral_conf') donde lo dejó la calibración out-of-fold sobre D3. Cero fit: solo inferencia sobre modelos persistidos y D2 SOLO se reporta — ninguna decisión sale de esta tabla (P-4). Lectura cifras y porqué del límite: Implementacion/PIPELINE.md sección 'La cascada invertida (T3)',54,False,54,RandomForest,0.5,hibrido_54_semilla7.joblib::umbral_conf_elegido,r2l,9711,895,335,560,0.034497,0.47,7,df30cb2,2026-08-12T23:44:32
medida CONTRAFACTUAL de la cascada invertida (T3): predict_proba del clasificador de firmas YA ENTRENADO sobre la POBLACIÓN de las filas normales de D2 —que en el sistema real NUNCA llegan a la etapa 2— para contar cuántas conservarían etiqueta de ataque con confianza >= UMBRAL_CONF. NO describe el híbrido publicado y NO es comparable con ninguna columna de metricas_firmas.csv ni de metricas_hibrido.csv. La etapa 2 carece de clase 'normal' (D3 son solo ataques) así que etiqueta como ataque TODA fila: por eso 'n_argmax' de '__global__' es el total de normales. DENOMINADOR de 'tasa_condena': ese total y no el bucket de la fila —así los RECUENTOS de las cuatro categorías suman el de '__global__'; las tasas solo hasta el redondeo—. LÍMITE: 'tasa_condena' de '__global__' es COTA INFERIOR del FPR de un sistema de firmas-primero y lo citable es 'n_condenadas' — el porqué está en el puntero y no se replica aquí. UMBRAL_CONF se lee del descriptor del híbrido (ver 'origen_umbral_conf') donde lo dejó la calibración out-of-fold sobre D3. Cero fit: solo inferencia sobre modelos persistidos y D2 SOLO se reporta — ninguna decisión sale de esta tabla (P-4). Lectura cifras y porqué del límite: Implementacion/PIPELINE.md sección 'La cascada invertida (T3)',54,False,54,RandomForest,0.5,hibrido_54_semilla7.joblib::umbral_conf_elegido,u2r,9711,18,13,5,0.001339,0.675,7,df30cb2,2026-08-12T23:44:32
medida CONTRAFACTUAL de la cascada invertida (T3): predict_proba del clasificador de firmas YA ENTRENADO sobre la POBLACIÓN de las filas normales de D2 —que en el sistema real NUNCA llegan a la etapa 2— para contar cuántas conservarían etiqueta de ataque con confianza >= UMBRAL_CONF. NO describe el híbrido publicado y NO es comparable con ninguna columna de metricas_firmas.csv ni de metricas_hibrido.csv. La etapa 2 carece de clase 'normal' (D3 son solo ataques) así que etiqueta como ataque TODA fila: por eso 'n_argmax' de '__global__' es el total de normales. DENOMINADOR de 'tasa_condena': ese total y no el bucket de la fila —así los RECUENTOS de las cuatro categorías suman el de '__global__'; las tasas solo hasta el redondeo—. LÍMITE: 'tasa_condena' de '__global__' es COTA INFERIOR del FPR de un sistema de firmas-primero y lo citable es 'n_condenadas' — el porqué está en el puntero y no se replica aquí. UMBRAL_CONF se lee del descriptor del híbrido (ver 'origen_umbral_conf') donde lo dejó la calibración out-of-fold sobre D3. Cero fit: solo inferencia sobre modelos persistidos y D2 SOLO se reporta — ninguna decisión sale de esta tabla (P-4). Lectura cifras y porqué del límite: Implementacion/PIPELINE.md sección 'La cascada invertida (T3)',54,False,54,RandomForest,0.5,hibrido_54_semilla7.joblib::umbral_conf_elegido,__global__,9711,9711,7531,2180,0.775512,0.56,7,df30cb2,2026-08-12T23:44:32
medida CONTRAFACTUAL de la cascada invertida (T3): predict_proba del clasificador de firmas YA ENTRENADO sobre la POBLACIÓN de las filas normales de D2 —que en el sistema real NUNCA llegan a la etapa 2— para contar cuántas conservarían etiqueta de ataque con confianza >= UMBRAL_CONF. NO describe el híbrido publicado y NO es comparable con ninguna columna de metricas_firmas.csv ni de metricas_hibrido.csv. La etapa 2 carece de clase 'normal' (D3 son solo ataques) así que etiqueta como ataque TODA fila: por eso 'n_argmax' de '__global__' es el total de normales. DENOMINADOR de 'tasa_condena': ese total y no el bucket de la fila —así los RECUENTOS de las cuatro categorías suman el de '__global__'; las tasas solo hasta el redondeo—. LÍMITE: 'tasa_condena' de '__global__' es COTA INFERIOR del FPR de un sistema de firmas-primero y lo citable es 'n_condenadas' — el porqué está en el puntero y no se replica aquí. UMBRAL_CONF se lee del descriptor del híbrido (ver 'origen_umbral_conf') donde lo dejó la calibración out-of-fold sobre D3. Cero fit: solo inferencia sobre modelos persistidos y D2 SOLO se reporta — ninguna decisión sale de esta tabla (P-4). Lectura cifras y porqué del límite: Implementacion/PIPELINE.md sección 'La cascada invertida (T3)',122_sin_seleccion,True,122,RandomForest,0.5,hibrido_122_sin_seleccion_semilla7.joblib::umbral_conf_elegido,dos,9711,5777,3580,2197,0.368654,0.516667,7,df30cb2,2026-08-12T23:53:12
medida CONTRAFACTUAL de la cascada invertida (T3): predict_proba del clasificador de firmas YA ENTRENADO sobre la POBLACIÓN de las filas normales de D2 —que en el sistema real NUNCA llegan a la etapa 2— para contar cuántas conservarían etiqueta de ataque con confianza >= UMBRAL_CONF. NO describe el híbrido publicado y NO es comparable con ninguna columna de metricas_firmas.csv ni de metricas_hibrido.csv. La etapa 2 carece de clase 'normal' (D3 son solo ataques) así que etiqueta como ataque TODA fila: por eso 'n_argmax' de '__global__' es el total de normales. DENOMINADOR de 'tasa_condena': ese total y no el bucket de la fila —así los RECUENTOS de las cuatro categorías suman el de '__global__'; las tasas solo hasta el redondeo—. LÍMITE: 'tasa_condena' de '__global__' es COTA INFERIOR del FPR de un sistema de firmas-primero y lo citable es 'n_condenadas' — el porqué está en el puntero y no se replica aquí. UMBRAL_CONF se lee del descriptor del híbrido (ver 'origen_umbral_conf') donde lo dejó la calibración out-of-fold sobre D3. Cero fit: solo inferencia sobre modelos persistidos y D2 SOLO se reporta — ninguna decisión sale de esta tabla (P-4). Lectura cifras y porqué del límite: Implementacion/PIPELINE.md sección 'La cascada invertida (T3)',122_sin_seleccion,True,122,RandomForest,0.5,hibrido_122_sin_seleccion_semilla7.joblib::umbral_conf_elegido,probe,9711,2471,1816,655,0.187004,0.53,7,df30cb2,2026-08-12T23:53:12
medida CONTRAFACTUAL de la cascada invertida (T3): predict_proba del clasificador de firmas YA ENTRENADO sobre la POBLACIÓN de las filas normales de D2 —que en el sistema real NUNCA llegan a la etapa 2— para contar cuántas conservarían etiqueta de ataque con confianza >= UMBRAL_CONF. NO describe el híbrido publicado y NO es comparable con ninguna columna de metricas_firmas.csv ni de metricas_hibrido.csv. La etapa 2 carece de clase 'normal' (D3 son solo ataques) así que etiqueta como ataque TODA fila: por eso 'n_argmax' de '__global__' es el total de normales. DENOMINADOR de 'tasa_condena': ese total y no el bucket de la fila —así los RECUENTOS de las cuatro categorías suman el de '__global__'; las tasas solo hasta el redondeo—. LÍMITE: 'tasa_condena' de '__global__' es COTA INFERIOR del FPR de un sistema de firmas-primero y lo citable es 'n_condenadas' — el porqué está en el puntero y no se replica aquí. UMBRAL_CONF se lee del descriptor del híbrido (ver 'origen_umbral_conf') donde lo dejó la calibración out-of-fold sobre D3. Cero fit: solo inferencia sobre modelos persistidos y D2 SOLO se reporta — ninguna decisión sale de esta tabla (P-4). Lectura cifras y porqué del límite: Implementacion/PIPELINE.md sección 'La cascada invertida (T3)',122_sin_seleccion,True,122,RandomForest,0.5,hibrido_122_sin_seleccion_semilla7.joblib::umbral_conf_elegido,r2l,9711,1438,556,882,0.057255,0.476667,7,df30cb2,2026-08-12T23:53:12
medida CONTRAFACTUAL de la cascada invertida (T3): predict_proba del clasificador de firmas YA ENTRENADO sobre la POBLACIÓN de las filas normales de D2 —que en el sistema real NUNCA llegan a la etapa 2— para contar cuántas conservarían etiqueta de ataque con confianza >= UMBRAL_CONF. NO describe el híbrido publicado y NO es comparable con ninguna columna de metricas_firmas.csv ni de metricas_hibrido.csv. La etapa 2 carece de clase 'normal' (D3 son solo ataques) así que etiqueta como ataque TODA fila: por eso 'n_argmax' de '__global__' es el total de normales. DENOMINADOR de 'tasa_condena': ese total y no el bucket de la fila —así los RECUENTOS de las cuatro categorías suman el de '__global__'; las tasas solo hasta el redondeo—. LÍMITE: 'tasa_condena' de '__global__' es COTA INFERIOR del FPR de un sistema de firmas-primero y lo citable es 'n_condenadas' — el porqué está en el puntero y no se replica aquí. UMBRAL_CONF se lee del descriptor del híbrido (ver 'origen_umbral_conf') donde lo dejó la calibración out-of-fold sobre D3. Cero fit: solo inferencia sobre modelos persistidos y D2 SOLO se reporta — ninguna decisión sale de esta tabla (P-4). Lectura cifras y porqué del límite: Implementacion/PIPELINE.md sección 'La cascada invertida (T3)',122_sin_seleccion,True,122,RandomForest,0.5,hibrido_122_sin_seleccion_semilla7.joblib::umbral_conf_elegido,u2r,9711,25,15,10,0.001545,0.653333,7,df30cb2,2026-08-12T23:53:12
medida CONTRAFACTUAL de la cascada invertida (T3): predict_proba del clasificador de firmas YA ENTRENADO sobre la POBLACIÓN de las filas normales de D2 —que en el sistema real NUNCA llegan a la etapa 2— para contar cuántas conservarían etiqueta de ataque con confianza >= UMBRAL_CONF. NO describe el híbrido publicado y NO es comparable con ninguna columna de metricas_firmas.csv ni de metricas_hibrido.csv. La etapa 2 carece de clase 'normal' (D3 son solo ataques) así que etiqueta como ataque TODA fila: por eso 'n_argmax' de '__global__' es el total de normales. DENOMINADOR de 'tasa_condena': ese total y no el bucket de la fila —así los RECUENTOS de las cuatro categorías suman el de '__global__'; las tasas solo hasta el redondeo—. LÍMITE: 'tasa_condena' de '__global__' es COTA INFERIOR del FPR de un sistema de firmas-primero y lo citable es 'n_condenadas' — el porqué está en el puntero y no se replica aquí. UMBRAL_CONF se lee del descriptor del híbrido (ver 'origen_umbral_conf') donde lo dejó la calibración out-of-fold sobre D3. Cero fit: solo inferencia sobre modelos persistidos y D2 SOLO se reporta — ninguna decisión sale de esta tabla (P-4). Lectura cifras y porqué del límite: Implementacion/PIPELINE.md sección 'La cascada invertida (T3)',122_sin_seleccion,True,122,RandomForest,0.5,hibrido_122_sin_seleccion_semilla7.joblib::umbral_conf_elegido,__global__,9711,9711,5967,3744,0.614458,0.516667,7,df30cb2,2026-08-12T23:53:12
medida CONTRAFACTUAL de la cascada invertida (T3): predict_proba del clasificador de firmas YA ENTRENADO sobre la POBLACIÓN de las filas normales de D2 —que en el sistema real NUNCA llegan a la etapa 2— para contar cuántas conservarían etiqueta de ataque con confianza >= UMBRAL_CONF. NO describe el híbrido publicado y NO es comparable con ninguna columna de metricas_firmas.csv ni de metricas_hibrido.csv. La etapa 2 carece de clase 'normal' (D3 son solo ataques) así que etiqueta como ataque TODA fila: por eso 'n_argmax' de '__global__' es el total de normales. DENOMINADOR de 'tasa_condena': ese total y no el bucket de la fila —así los RECUENTOS de las cuatro categorías suman el de '__global__'; las tasas solo hasta el redondeo—. LÍMITE: 'tasa_condena' de '__global__' es COTA INFERIOR del FPR de un sistema de firmas-primero y lo citable es 'n_condenadas' — el porqué está en el puntero y no se replica aquí. UMBRAL_CONF se lee del descriptor del híbrido (ver 'origen_umbral_conf') donde lo dejó la calibración out-of-fold sobre D3. Cero fit: solo inferencia sobre modelos persistidos y D2 SOLO se reporta — ninguna decisión sale de esta tabla (P-4). Lectura cifras y porqué del límite: Implementacion/PIPELINE.md sección 'La cascada invertida (T3)',54,False,54,RandomForest,0.5,hibrido_54_semilla8.joblib::umbral_conf_elegido,dos,9711,6041,4082,1959,0.420348,0.54,8,df30cb2,2026-08-12T23:59:08
medida CONTRAFACTUAL de la cascada invertida (T3): predict_proba del clasificador de firmas YA ENTRENADO sobre la POBLACIÓN de las filas normales de D2 —que en el sistema real NUNCA llegan a la etapa 2— para contar cuántas conservarían etiqueta de ataque con confianza >= UMBRAL_CONF. NO describe el híbrido publicado y NO es comparable con ninguna columna de metricas_firmas.csv ni de metricas_hibrido.csv. La etapa 2 carece de clase 'normal' (D3 son solo ataques) así que etiqueta como ataque TODA fila: por eso 'n_argmax' de '__global__' es el total de normales. DENOMINADOR de 'tasa_condena': ese total y no el bucket de la fila —así los RECUENTOS de las cuatro categorías suman el de '__global__'; las tasas solo hasta el redondeo—. LÍMITE: 'tasa_condena' de '__global__' es COTA INFERIOR del FPR de un sistema de firmas-primero y lo citable es 'n_condenadas' — el porqué está en el puntero y no se replica aquí. UMBRAL_CONF se lee del descriptor del híbrido (ver 'origen_umbral_conf') donde lo dejó la calibración out-of-fold sobre D3. Cero fit: solo inferencia sobre modelos persistidos y D2 SOLO se reporta — ninguna decisión sale de esta tabla (P-4). Lectura cifras y porqué del límite: Implementacion/PIPELINE.md sección 'La cascada invertida (T3)',54,False,54,RandomForest,0.5,hibrido_54_semilla8.joblib::umbral_conf_elegido,probe,9711,2560,1784,776,0.183709,0.55,8,df30cb2,2026-08-12T23:59:08
medida CONTRAFACTUAL de la cascada invertida (T3): predict_proba del clasificador de firmas YA ENTRENADO sobre la POBLACIÓN de las filas normales de D2 —que en el sistema real NUNCA llegan a la etapa 2— para contar cuántas conservarían etiqueta de ataque con confianza >= UMBRAL_CONF. NO describe el híbrido publicado y NO es comparable con ninguna columna de metricas_firmas.csv ni de metricas_hibrido.csv. La etapa 2 carece de clase 'normal' (D3 son solo ataques) así que etiqueta como ataque TODA fila: por eso 'n_argmax' de '__global__' es el total de normales. DENOMINADOR de 'tasa_condena': ese total y no el bucket de la fila —así los RECUENTOS de las cuatro categorías suman el de '__global__'; las tasas solo hasta el redondeo—. LÍMITE: 'tasa_condena' de '__global__' es COTA INFERIOR del FPR de un sistema de firmas-primero y lo citable es 'n_condenadas' — el porqué está en el puntero y no se replica aquí. UMBRAL_CONF se lee del descriptor del híbrido (ver 'origen_umbral_conf') donde lo dejó la calibración out-of-fold sobre D3. Cero fit: solo inferencia sobre modelos persistidos y D2 SOLO se reporta — ninguna decisión sale de esta tabla (P-4). Lectura cifras y porqué del límite: Implementacion/PIPELINE.md sección 'La cascada invertida (T3)',54,False,54,RandomForest,0.5,hibrido_54_semilla8.joblib::umbral_conf_elegido,r2l,9711,1090,480,610,0.049428,0.48,8,df30cb2,2026-08-12T23:59:08
medida CONTRAFACTUAL de la cascada invertida (T3): predict_proba del clasificador de firmas YA ENTRENADO sobre la POBLACIÓN de las filas normales de D2 —que en el sistema real NUNCA llegan a la etapa 2— para contar cuántas conservarían etiqueta de ataque con confianza >= UMBRAL_CONF. NO describe el híbrido publicado y NO es comparable con ninguna columna de metricas_firmas.csv ni de metricas_hibrido.csv. La etapa 2 carece de clase 'normal' (D3 son solo ataques) así que etiqueta como ataque TODA fila: por eso 'n_argmax' de '__global__' es el total de normales. DENOMINADOR de 'tasa_condena': ese total y no el bucket de la fila —así los RECUENTOS de las cuatro categorías suman el de '__global__'; las tasas solo hasta el redondeo—. LÍMITE: 'tasa_condena' de '__global__' es COTA INFERIOR del FPR de un sistema de firmas-primero y lo citable es 'n_condenadas' — el porqué está en el puntero y no se replica aquí. UMBRAL_CONF se lee del descriptor del híbrido (ver 'origen_umbral_conf') donde lo dejó la calibración out-of-fold sobre D3. Cero fit: solo inferencia sobre modelos persistidos y D2 SOLO se reporta — ninguna decisión sale de esta tabla (P-4). Lectura cifras y porqué del límite: Implementacion/PIPELINE.md sección 'La cascada invertida (T3)',54,False,54,RandomForest,0.5,hibrido_54_semilla8.joblib::umbral_conf_elegido,u2r,9711,20,16,4,0.001648,0.71,8,df30cb2,2026-08-12T23:59:08
medida CONTRAFACTUAL de la cascada invertida (T3): predict_proba del clasificador de firmas YA ENTRENADO sobre la POBLACIÓN de las filas normales de D2 —que en el sistema real NUNCA llegan a la etapa 2— para contar cuántas conservarían etiqueta de ataque con confianza >= UMBRAL_CONF. NO describe el híbrido publicado y NO es comparable con ninguna columna de metricas_firmas.csv ni de metricas_hibrido.csv. La etapa 2 carece de clase 'normal' (D3 son solo ataques) así que etiqueta como ataque TODA fila: por eso 'n_argmax' de '__global__' es el total de normales. DENOMINADOR de 'tasa_condena': ese total y no el bucket de la fila —así los RECUENTOS de las cuatro categorías suman el de '__global__'; las tasas solo hasta el redondeo—. LÍMITE: 'tasa_condena' de '__global__' es COTA INFERIOR del FPR de un sistema de firmas-primero y lo citable es 'n_condenadas' — el porqué está en el puntero y no se replica aquí. UMBRAL_CONF se lee del descriptor del híbrido (ver 'origen_umbral_conf') donde lo dejó la calibración out-of-fold sobre D3. Cero fit: solo inferencia sobre modelos persistidos y D2 SOLO se reporta — ninguna decisión sale de esta tabla (P-4). Lectura cifras y porqué del límite: Implementacion/PIPELINE.md sección 'La cascada invertida (T3)',54,False,54,RandomForest,0.5,hibrido_54_semilla8.joblib::umbral_conf_elegido,__global__,9711,9711,6362,3349,0.655133,0.54,8,df30cb2,2026-08-12T23:59:08
medida CONTRAFACTUAL de la cascada invertida (T3): predict_proba del clasificador de firmas YA ENTRENADO sobre la POBLACIÓN de las filas normales de D2 —que en el sistema real NUNCA llegan a la etapa 2— para contar cuántas conservarían etiqueta de ataque con confianza >= UMBRAL_CONF. NO describe el híbrido publicado y NO es comparable con ninguna columna de metricas_firmas.csv ni de metricas_hibrido.csv. La etapa 2 carece de clase 'normal' (D3 son solo ataques) así que etiqueta como ataque TODA fila: por eso 'n_argmax' de '__global__' es el total de normales. DENOMINADOR de 'tasa_condena': ese total y no el bucket de la fila —así los RECUENTOS de las cuatro categorías suman el de '__global__'; las tasas solo hasta el redondeo—. LÍMITE: 'tasa_condena' de '__global__' es COTA INFERIOR del FPR de un sistema de firmas-primero y lo citable es 'n_condenadas' — el porqué está en el puntero y no se replica aquí. UMBRAL_CONF se lee del descriptor del híbrido (ver 'origen_umbral_conf') donde lo dejó la calibración out-of-fold sobre D3. Cero fit: solo inferencia sobre modelos persistidos y D2 SOLO se reporta — ninguna decisión sale de esta tabla (P-4). Lectura cifras y porqué del límite: Implementacion/PIPELINE.md sección 'La cascada invertida (T3)',122_sin_seleccion,True,122,RandomForest,0.5,hibrido_122_sin_seleccion_semilla8.joblib::umbral_conf_elegido,dos,9711,5926,1585,4341,0.163217,0.458481,8,df30cb2,2026-08-13T00:08:08
medida CONTRAFACTUAL de la cascada invertida (T3): predict_proba del clasificador de firmas YA ENTRENADO sobre la POBLACIÓN de las filas normales de D2 —que en el sistema real NUNCA llegan a la etapa 2— para contar cuántas conservarían etiqueta de ataque con confianza >= UMBRAL_CONF. NO describe el híbrido publicado y NO es comparable con ninguna columna de metricas_firmas.csv ni de metricas_hibrido.csv. La etapa 2 carece de clase 'normal' (D3 son solo ataques) así que etiqueta como ataque TODA fila: por eso 'n_argmax' de '__global__' es el total de normales. DENOMINADOR de 'tasa_condena': ese total y no el bucket de la fila —así los RECUENTOS de las cuatro categorías suman el de '__global__'; las tasas solo hasta el redondeo—. LÍMITE: 'tasa_condena' de '__global__' es COTA INFERIOR del FPR de un sistema de firmas-primero y lo citable es 'n_condenadas' — el porqué está en el puntero y no se replica aquí. UMBRAL_CONF se lee del descriptor del híbrido (ver 'origen_umbral_conf') donde lo dejó la calibración out-of-fold sobre D3. Cero fit: solo inferencia sobre modelos persistidos y D2 SOLO se reporta — ninguna decisión sale de esta tabla (P-4). Lectura cifras y porqué del límite: Implementacion/PIPELINE.md sección 'La cascada invertida (T3)',122_sin_seleccion,True,122,RandomForest,0.5,hibrido_122_sin_seleccion_semilla8.joblib::umbral_conf_elegido,probe,9711,1468,701,767,0.072186,0.493181,8,df30cb2,2026-08-13T00:08:08
medida CONTRAFACTUAL de la cascada invertida (T3): predict_proba del clasificador de firmas YA ENTRENADO sobre la POBLACIÓN de las filas normales de D2 —que en el sistema real NUNCA llegan a la etapa 2— para contar cuántas conservarían etiqueta de ataque con confianza >= UMBRAL_CONF. NO describe el híbrido publicado y NO es comparable con ninguna columna de metricas_firmas.csv ni de metricas_hibrido.csv. La etapa 2 carece de clase 'normal' (D3 son solo ataques) así que etiqueta como ataque TODA fila: por eso 'n_argmax' de '__global__' es el total de normales. DENOMINADOR de 'tasa_condena': ese total y no el bucket de la fila —así los RECUENTOS de las cuatro categorías suman el de '__global__'; las tasas solo hasta el redondeo—. LÍMITE: 'tasa_condena' de '__global__' es COTA INFERIOR del FPR de un sistema de firmas-primero y lo citable es 'n_condenadas' — el porqué está en el puntero y no se replica aquí. UMBRAL_CONF se lee del descriptor del híbrido (ver 'origen_umbral_conf') donde lo dejó la calibración out-of-fold sobre D3. Cero fit: solo inferencia sobre modelos persistidos y D2 SOLO se reporta — ninguna decisión sale de esta tabla (P-4). Lectura cifras y porqué del límite: Implementacion/PIPELINE.md sección 'La cascada invertida (T3)',122_sin_seleccion,True,122,RandomForest,0.5,hibrido_122_sin_seleccion_semilla8.joblib::umbral_conf_elegido,r2l,9711,2252,461,1791,0.047472,0.439406,8,df30cb2,2026-08-13T00:08:08
medida CONTRAFACTUAL de la cascada invertida (T3): predict_proba del clasificador de firmas YA ENTRENADO sobre la POBLACIÓN de las filas normales de D2 —que en el sistema real NUNCA llegan a la etapa 2— para contar cuántas conservarían etiqueta de ataque con confianza >= UMBRAL_CONF. NO describe el híbrido publicado y NO es comparable con ninguna columna de metricas_firmas.csv ni de metricas_hibrido.csv. La etapa 2 carece de clase 'normal' (D3 son solo ataques) así que etiqueta como ataque TODA fila: por eso 'n_argmax' de '__global__' es el total de normales. DENOMINADOR de 'tasa_condena': ese total y no el bucket de la fila —así los RECUENTOS de las cuatro categorías suman el de '__global__'; las tasas solo hasta el redondeo—. LÍMITE: 'tasa_condena' de '__global__' es COTA INFERIOR del FPR de un sistema de firmas-primero y lo citable es 'n_condenadas' — el porqué está en el puntero y no se replica aquí. UMBRAL_CONF se lee del descriptor del híbrido (ver 'origen_umbral_conf') donde lo dejó la calibración out-of-fold sobre D3. Cero fit: solo inferencia sobre modelos persistidos y D2 SOLO se reporta — ninguna decisión sale de esta tabla (P-4). Lectura cifras y porqué del límite: Implementacion/PIPELINE.md sección 'La cascada invertida (T3)',122_sin_seleccion,True,122,RandomForest,0.5,hibrido_122_sin_seleccion_semilla8.joblib::umbral_conf_elegido,u2r,9711,65,24,41,0.002471,0.462669,8,df30cb2,2026-08-13T00:08:08
medida CONTRAFACTUAL de la cascada invertida (T3): predict_proba del clasificador de firmas YA ENTRENADO sobre la POBLACIÓN de las filas normales de D2 —que en el sistema real NUNCA llegan a la etapa 2— para contar cuántas conservarían etiqueta de ataque con confianza >= UMBRAL_CONF. NO describe el híbrido publicado y NO es comparable con ninguna columna de metricas_firmas.csv ni de metricas_hibrido.csv. La etapa 2 carece de clase 'normal' (D3 son solo ataques) así que etiqueta como ataque TODA fila: por eso 'n_argmax' de '__global__' es el total de normales. DENOMINADOR de 'tasa_condena': ese total y no el bucket de la fila —así los RECUENTOS de las cuatro categorías suman el de '__global__'; las tasas solo hasta el redondeo—. LÍMITE: 'tasa_condena' de '__global__' es COTA INFERIOR del FPR de un sistema de firmas-primero y lo citable es 'n_condenadas' — el porqué está en el puntero y no se replica aquí. UMBRAL_CONF se lee del descriptor del híbrido (ver 'origen_umbral_conf') donde lo dejó la calibración out-of-fold sobre D3. Cero fit: solo inferencia sobre modelos persistidos y D2 SOLO se reporta — ninguna decisión sale de esta tabla (P-4). Lectura cifras y porqué del límite: Implementacion/PIPELINE.md sección 'La cascada invertida (T3)',122_sin_seleccion,True,122,RandomForest,0.5,hibrido_122_sin_seleccion_semilla8.joblib::umbral_conf_elegido,__global__,9711,9711,2771,6940,0.285347,0.457477,8,df30cb2,2026-08-13T00:08:08
medida CONTRAFACTUAL de la cascada invertida (T3): predict_proba del clasificador de firmas YA ENTRENADO sobre la POBLACIÓN de las filas normales de D2 —que en el sistema real NUNCA llegan a la etapa 2— para contar cuántas conservarían etiqueta de ataque con confianza >= UMBRAL_CONF. NO describe el híbrido publicado y NO es comparable con ninguna columna de metricas_firmas.csv ni de metricas_hibrido.csv. La etapa 2 carece de clase 'normal' (D3 son solo ataques) así que etiqueta como ataque TODA fila: por eso 'n_argmax' de '__global__' es el total de normales. DENOMINADOR de 'tasa_condena': ese total y no el bucket de la fila —así los RECUENTOS de las cuatro categorías suman el de '__global__'; las tasas solo hasta el redondeo—. LÍMITE: 'tasa_condena' de '__global__' es COTA INFERIOR del FPR de un sistema de firmas-primero y lo citable es 'n_condenadas' — el porqué está en el puntero y no se replica aquí. UMBRAL_CONF se lee del descriptor del híbrido (ver 'origen_umbral_conf') donde lo dejó la calibración out-of-fold sobre D3. Cero fit: solo inferencia sobre modelos persistidos y D2 SOLO se reporta — ninguna decisión sale de esta tabla (P-4). Lectura cifras y porqué del límite: Implementacion/PIPELINE.md sección 'La cascada invertida (T3)',54,False,54,RandomForest,0.4,hibrido_54_semilla9.joblib::umbral_conf_elegido,dos,9711,7340,7281,59,0.749768,0.6,9,df30cb2,2026-08-13T00:13:40
medida CONTRAFACTUAL de la cascada invertida (T3): predict_proba del clasificador de firmas YA ENTRENADO sobre la POBLACIÓN de las filas normales de D2 —que en el sistema real NUNCA llegan a la etapa 2— para contar cuántas conservarían etiqueta de ataque con confianza >= UMBRAL_CONF. NO describe el híbrido publicado y NO es comparable con ninguna columna de metricas_firmas.csv ni de metricas_hibrido.csv. La etapa 2 carece de clase 'normal' (D3 son solo ataques) así que etiqueta como ataque TODA fila: por eso 'n_argmax' de '__global__' es el total de normales. DENOMINADOR de 'tasa_condena': ese total y no el bucket de la fila —así los RECUENTOS de las cuatro categorías suman el de '__global__'; las tasas solo hasta el redondeo—. LÍMITE: 'tasa_condena' de '__global__' es COTA INFERIOR del FPR de un sistema de firmas-primero y lo citable es 'n_condenadas' — el porqué está en el puntero y no se replica aquí. UMBRAL_CONF se lee del descriptor del híbrido (ver 'origen_umbral_conf') donde lo dejó la calibración out-of-fold sobre D3. Cero fit: solo inferencia sobre modelos persistidos y D2 SOLO se reporta — ninguna decisión sale de esta tabla (P-4). Lectura cifras y porqué del límite: Implementacion/PIPELINE.md sección 'La cascada invertida (T3)',54,False,54,RandomForest,0.4,hibrido_54_semilla9.joblib::umbral_conf_elegido,probe,9711,1418,1385,33,0.142622,0.585,9,df30cb2,2026-08-13T00:13:40
medida CONTRAFACTUAL de la cascada invertida (T3): predict_proba del clasificador de firmas YA ENTRENADO sobre la POBLACIÓN de las filas normales de D2 —que en el sistema real NUNCA llegan a la etapa 2— para contar cuántas conservarían etiqueta de ataque con confianza >= UMBRAL_CONF. NO describe el híbrido publicado y NO es comparable con ninguna columna de metricas_firmas.csv ni de metricas_hibrido.csv. La etapa 2 carece de clase 'normal' (D3 son solo ataques) así que etiqueta como ataque TODA fila: por eso 'n_argmax' de '__global__' es el total de normales. DENOMINADOR de 'tasa_condena': ese total y no el bucket de la fila —así los RECUENTOS de las cuatro categorías suman el de '__global__'; las tasas solo hasta el redondeo—. LÍMITE: 'tasa_condena' de '__global__' es COTA INFERIOR del FPR de un sistema de firmas-primero y lo citable es 'n_condenadas' — el porqué está en el puntero y no se replica aquí. UMBRAL_CONF se lee del descriptor del híbrido (ver 'origen_umbral_conf') donde lo dejó la calibración out-of-fold sobre D3. Cero fit: solo inferencia sobre modelos persistidos y D2 SOLO se reporta — ninguna decisión sale de esta tabla (P-4). Lectura cifras y porqué del límite: Implementacion/PIPELINE.md sección 'La cascada invertida (T3)',54,False,54,RandomForest,0.4,hibrido_54_semilla9.joblib::umbral_conf_elegido,r2l,9711,934,902,32,0.092884,0.48,9,df30cb2,2026-08-13T00:13:40
medida CONTRAFACTUAL de la cascada invertida (T3): predict_proba del clasificador de firmas YA ENTRENADO sobre la POBLACIÓN de las filas normales de D2 —que en el sistema real NUNCA llegan a la etapa 2— para contar cuántas conservarían etiqueta de ataque con confianza >= UMBRAL_CONF. NO describe el híbrido publicado y NO es comparable con ninguna columna de metricas_firmas.csv ni de metricas_hibrido.csv. La etapa 2 carece de clase 'normal' (D3 son solo ataques) así que etiqueta como ataque TODA fila: por eso 'n_argmax' de '__global__' es el total de normales. DENOMINADOR de 'tasa_condena': ese total y no el bucket de la fila —así los RECUENTOS de las cuatro categorías suman el de '__global__'; las tasas solo hasta el redondeo—. LÍMITE: 'tasa_condena' de '__global__' es COTA INFERIOR del FPR de un sistema de firmas-primero y lo citable es 'n_condenadas' — el porqué está en el puntero y no se replica aquí. UMBRAL_CONF se lee del descriptor del híbrido (ver 'origen_umbral_conf') donde lo dejó la calibración out-of-fold sobre D3. Cero fit: solo inferencia sobre modelos persistidos y D2 SOLO se reporta — ninguna decisión sale de esta tabla (P-4). Lectura cifras y porqué del límite: Implementacion/PIPELINE.md sección 'La cascada invertida (T3)',54,False,54,RandomForest,0.4,hibrido_54_semilla9.joblib::umbral_conf_elegido,u2r,9711,19,18,1,0.001854,0.74,9,df30cb2,2026-08-13T00:13:40
medida CONTRAFACTUAL de la cascada invertida (T3): predict_proba del clasificador de firmas YA ENTRENADO sobre la POBLACIÓN de las filas normales de D2 —que en el sistema real NUNCA llegan a la etapa 2— para contar cuántas conservarían etiqueta de ataque con confianza >= UMBRAL_CONF. NO describe el híbrido publicado y NO es comparable con ninguna columna de metricas_firmas.csv ni de metricas_hibrido.csv. La etapa 2 carece de clase 'normal' (D3 son solo ataques) así que etiqueta como ataque TODA fila: por eso 'n_argmax' de '__global__' es el total de normales. DENOMINADOR de 'tasa_condena': ese total y no el bucket de la fila —así los RECUENTOS de las cuatro categorías suman el de '__global__'; las tasas solo hasta el redondeo—. LÍMITE: 'tasa_condena' de '__global__' es COTA INFERIOR del FPR de un sistema de firmas-primero y lo citable es 'n_condenadas' — el porqué está en el puntero y no se replica aquí. UMBRAL_CONF se lee del descriptor del híbrido (ver 'origen_umbral_conf') donde lo dejó la calibración out-of-fold sobre D3. Cero fit: solo inferencia sobre modelos persistidos y D2 SOLO se reporta — ninguna decisión sale de esta tabla (P-4). Lectura cifras y porqué del límite: Implementacion/PIPELINE.md sección 'La cascada invertida (T3)',54,False,54,RandomForest,0.4,hibrido_54_semilla9.joblib::umbral_conf_elegido,__global__,9711,9711,9586,125,0.987128,0.59,9,df30cb2,2026-08-13T00:13:40
medida CONTRAFACTUAL de la cascada invertida (T3): predict_proba del clasificador de firmas YA ENTRENADO sobre la POBLACIÓN de las filas normales de D2 —que en el sistema real NUNCA llegan a la etapa 2— para contar cuántas conservarían etiqueta de ataque con confianza >= UMBRAL_CONF. NO describe el híbrido publicado y NO es comparable con ninguna columna de metricas_firmas.csv ni de metricas_hibrido.csv. La etapa 2 carece de clase 'normal' (D3 son solo ataques) así que etiqueta como ataque TODA fila: por eso 'n_argmax' de '__global__' es el total de normales. DENOMINADOR de 'tasa_condena': ese total y no el bucket de la fila —así los RECUENTOS de las cuatro categorías suman el de '__global__'; las tasas solo hasta el redondeo—. LÍMITE: 'tasa_condena' de '__global__' es COTA INFERIOR del FPR de un sistema de firmas-primero y lo citable es 'n_condenadas' — el porqué está en el puntero y no se replica aquí. UMBRAL_CONF se lee del descriptor del híbrido (ver 'origen_umbral_conf') donde lo dejó la calibración out-of-fold sobre D3. Cero fit: solo inferencia sobre modelos persistidos y D2 SOLO se reporta — ninguna decisión sale de esta tabla (P-4). Lectura cifras y porqué del límite: Implementacion/PIPELINE.md sección 'La cascada invertida (T3)',122_sin_seleccion,True,122,RandomForest,0.4,hibrido_122_sin_seleccion_semilla9.joblib::umbral_conf_elegido,dos,9711,6717,6395,322,0.658532,0.546667,9,df30cb2,2026-08-13T00:22:00
medida CONTRAFACTUAL de la cascada invertida (T3): predict_proba del clasificador de firmas YA ENTRENADO sobre la POBLACIÓN de las filas normales de D2 —que en el sistema real NUNCA llegan a la etapa 2— para contar cuántas conservarían etiqueta de ataque con confianza >= UMBRAL_CONF. NO describe el híbrido publicado y NO es comparable con ninguna columna de metricas_firmas.csv ni de metricas_hibrido.csv. La etapa 2 carece de clase 'normal' (D3 son solo ataques) así que etiqueta como ataque TODA fila: por eso 'n_argmax' de '__global__' es el total de normales. DENOMINADOR de 'tasa_condena': ese total y no el bucket de la fila —así los RECUENTOS de las cuatro categorías suman el de '__global__'; las tasas solo hasta el redondeo—. LÍMITE: 'tasa_condena' de '__global__' es COTA INFERIOR del FPR de un sistema de firmas-primero y lo citable es 'n_condenadas' — el porqué está en el puntero y no se replica aquí. UMBRAL_CONF se lee del descriptor del híbrido (ver 'origen_umbral_conf') donde lo dejó la calibración out-of-fold sobre D3. Cero fit: solo inferencia sobre modelos persistidos y D2 SOLO se reporta — ninguna decisión sale de esta tabla (P-4). Lectura cifras y porqué del límite: Implementacion/PIPELINE.md sección 'La cascada invertida (T3)',122_sin_seleccion,True,122,RandomForest,0.4,hibrido_122_sin_seleccion_semilla9.joblib::umbral_conf_elegido,probe,9711,2043,2015,28,0.207497,0.543333,9,df30cb2,2026-08-13T00:22:00
medida CONTRAFACTUAL de la cascada invertida (T3): predict_proba del clasificador de firmas YA ENTRENADO sobre la POBLACIÓN de las filas normales de D2 —que en el sistema real NUNCA llegan a la etapa 2— para contar cuántas conservarían etiqueta de ataque con confianza >= UMBRAL_CONF. NO describe el híbrido publicado y NO es comparable con ninguna columna de metricas_firmas.csv ni de metricas_hibrido.csv. La etapa 2 carece de clase 'normal' (D3 son solo ataques) así que etiqueta como ataque TODA fila: por eso 'n_argmax' de '__global__' es el total de normales. DENOMINADOR de 'tasa_condena': ese total y no el bucket de la fila —así los RECUENTOS de las cuatro categorías suman el de '__global__'; las tasas solo hasta el redondeo—. LÍMITE: 'tasa_condena' de '__global__' es COTA INFERIOR del FPR de un sistema de firmas-primero y lo citable es 'n_condenadas' — el porqué está en el puntero y no se replica aquí. UMBRAL_CONF se lee del descriptor del híbrido (ver 'origen_umbral_conf') donde lo dejó la calibración out-of-fold sobre D3. Cero fit: solo inferencia sobre modelos persistidos y D2 SOLO se reporta — ninguna decisión sale de esta tabla (P-4). Lectura cifras y porqué del límite: Implementacion/PIPELINE.md sección 'La cascada invertida (T3)',122_sin_seleccion,True,122,RandomForest,0.4,hibrido_122_sin_seleccion_semilla9.joblib::umbral_conf_elegido,r2l,9711,924,622,302,0.064051,0.42,9,df30cb2,2026-08-13T00:22:00
medida CONTRAFACTUAL de la cascada invertida (T3): predict_proba del clasificador de firmas YA ENTRENADO sobre la POBLACIÓN de las filas normales de D2 —que en el sistema real NUNCA llegan a la etapa 2— para contar cuántas conservarían etiqueta de ataque con confianza >= UMBRAL_CONF. NO describe el híbrido publicado y NO es comparable con ninguna columna de metricas_firmas.csv ni de metricas_hibrido.csv. La etapa 2 carece de clase 'normal' (D3 son solo ataques) así que etiqueta como ataque TODA fila: por eso 'n_argmax' de '__global__' es el total de normales. DENOMINADOR de 'tasa_condena': ese total y no el bucket de la fila —así los RECUENTOS de las cuatro categorías suman el de '__global__'; las tasas solo hasta el redondeo—. LÍMITE: 'tasa_condena' de '__global__' es COTA INFERIOR del FPR de un sistema de firmas-primero y lo citable es 'n_condenadas' — el porqué está en el puntero y no se replica aquí. UMBRAL_CONF se lee del descriptor del híbrido (ver 'origen_umbral_conf') donde lo dejó la calibración out-of-fold sobre D3. Cero fit: solo inferencia sobre modelos persistidos y D2 SOLO se reporta — ninguna decisión sale de esta tabla (P-4). Lectura cifras y porqué del límite: Implementacion/PIPELINE.md sección 'La cascada invertida (T3)',122_sin_seleccion,True,122,RandomForest,0.4,hibrido_122_sin_seleccion_semilla9.joblib::umbral_conf_elegido,u2r,9711,27,19,8,0.001957,0.486667,9,df30cb2,2026-08-13T00:22:00
medida CONTRAFACTUAL de la cascada invertida (T3): predict_proba del clasificador de firmas YA ENTRENADO sobre la POBLACIÓN de las filas normales de D2 —que en el sistema real NUNCA llegan a la etapa 2— para contar cuántas conservarían etiqueta de ataque con confianza >= UMBRAL_CONF. NO describe el híbrido publicado y NO es comparable con ninguna columna de metricas_firmas.csv ni de metricas_hibrido.csv. La etapa 2 carece de clase 'normal' (D3 son solo ataques) así que etiqueta como ataque TODA fila: por eso 'n_argmax' de '__global__' es el total de normales. DENOMINADOR de 'tasa_condena': ese total y no el bucket de la fila —así los RECUENTOS de las cuatro categorías suman el de '__global__'; las tasas solo hasta el redondeo—. LÍMITE: 'tasa_condena' de '__global__' es COTA INFERIOR del FPR de un sistema de firmas-primero y lo citable es 'n_condenadas' — el porqué está en el puntero y no se replica aquí. UMBRAL_CONF se lee del descriptor del híbrido (ver 'origen_umbral_conf') donde lo dejó la calibración out-of-fold sobre D3. Cero fit: solo inferencia sobre modelos persistidos y D2 SOLO se reporta — ninguna decisión sale de esta tabla (P-4). Lectura cifras y porqué del límite: Implementacion/PIPELINE.md sección 'La cascada invertida (T3)',122_sin_seleccion,True,122,RandomForest,0.4,hibrido_122_sin_seleccion_semilla9.joblib::umbral_conf_elegido,__global__,9711,9711,9051,660,0.932036,0.54,9,df30cb2,2026-08-13T00:22:00
medida CONTRAFACTUAL de la cascada invertida (T3): predict_proba del clasificador de firmas YA ENTRENADO sobre la POBLACIÓN de las filas normales de D2 —que en el sistema real NUNCA llegan a la etapa 2— para contar cuántas conservarían etiqueta de ataque con confianza >= UMBRAL_CONF. NO describe el híbrido publicado y NO es comparable con ninguna columna de metricas_firmas.csv ni de metricas_hibrido.csv. La etapa 2 carece de clase 'normal' (D3 son solo ataques) así que etiqueta como ataque TODA fila: por eso 'n_argmax' de '__global__' es el total de normales. DENOMINADOR de 'tasa_condena': ese total y no el bucket de la fila —así los RECUENTOS de las cuatro categorías suman el de '__global__'; las tasas solo hasta el redondeo—. LÍMITE: 'tasa_condena' de '__global__' es COTA INFERIOR del FPR de un sistema de firmas-primero y lo citable es 'n_condenadas' — el porqué está en el puntero y no se replica aquí. UMBRAL_CONF se lee del descriptor del híbrido (ver 'origen_umbral_conf') donde lo dejó la calibración out-of-fold sobre D3. Cero fit: solo inferencia sobre modelos persistidos y D2 SOLO se reporta — ninguna decisión sale de esta tabla (P-4). Lectura cifras y porqué del límite: Implementacion/PIPELINE.md sección 'La cascada invertida (T3)',54,False,54,RandomForest,0.5,hibrido_54_semilla10.joblib::umbral_conf_elegido,dos,9711,6583,5351,1232,0.551025,0.55,10,df30cb2,2026-08-13T00:28:20
medida CONTRAFACTUAL de la cascada invertida (T3): predict_proba del clasificador de firmas YA ENTRENADO sobre la POBLACIÓN de las filas normales de D2 —que en el sistema real NUNCA llegan a la etapa 2— para contar cuántas conservarían etiqueta de ataque con confianza >= UMBRAL_CONF. NO describe el híbrido publicado y NO es comparable con ninguna columna de metricas_firmas.csv ni de metricas_hibrido.csv. La etapa 2 carece de clase 'normal' (D3 son solo ataques) así que etiqueta como ataque TODA fila: por eso 'n_argmax' de '__global__' es el total de normales. DENOMINADOR de 'tasa_condena': ese total y no el bucket de la fila —así los RECUENTOS de las cuatro categorías suman el de '__global__'; las tasas solo hasta el redondeo—. LÍMITE: 'tasa_condena' de '__global__' es COTA INFERIOR del FPR de un sistema de firmas-primero y lo citable es 'n_condenadas' — el porqué está en el puntero y no se replica aquí. UMBRAL_CONF se lee del descriptor del híbrido (ver 'origen_umbral_conf') donde lo dejó la calibración out-of-fold sobre D3. Cero fit: solo inferencia sobre modelos persistidos y D2 SOLO se reporta — ninguna decisión sale de esta tabla (P-4). Lectura cifras y porqué del límite: Implementacion/PIPELINE.md sección 'La cascada invertida (T3)',54,False,54,RandomForest,0.5,hibrido_54_semilla10.joblib::umbral_conf_elegido,probe,9711,2543,1984,559,0.204304,0.56,10,df30cb2,2026-08-13T00:28:20
medida CONTRAFACTUAL de la cascada invertida (T3): predict_proba del clasificador de firmas YA ENTRENADO sobre la POBLACIÓN de las filas normales de D2 —que en el sistema real NUNCA llegan a la etapa 2— para contar cuántas conservarían etiqueta de ataque con confianza >= UMBRAL_CONF. NO describe el híbrido publicado y NO es comparable con ninguna columna de metricas_firmas.csv ni de metricas_hibrido.csv. La etapa 2 carece de clase 'normal' (D3 son solo ataques) así que etiqueta como ataque TODA fila: por eso 'n_argmax' de '__global__' es el total de normales. DENOMINADOR de 'tasa_condena': ese total y no el bucket de la fila —así los RECUENTOS de las cuatro categorías suman el de '__global__'; las tasas solo hasta el redondeo—. LÍMITE: 'tasa_condena' de '__global__' es COTA INFERIOR del FPR de un sistema de firmas-primero y lo citable es 'n_condenadas' — el porqué está en el puntero y no se replica aquí. UMBRAL_CONF se lee del descriptor del híbrido (ver 'origen_umbral_conf') donde lo dejó la calibración out-of-fold sobre D3. Cero fit: solo inferencia sobre modelos persistidos y D2 SOLO se reporta — ninguna decisión sale de esta tabla (P-4). Lectura cifras y porqué del límite: Implementacion/PIPELINE.md sección 'La cascada invertida (T3)',54,False,54,RandomForest,0.5,hibrido_54_semilla10.joblib::umbral_conf_elegido,r2l,9711,565,292,273,0.030069,0.5,10,df30cb2,2026-08-13T00:28:20
medida CONTRAFACTUAL de la cascada invertida (T3): predict_proba del clasificador de firmas YA ENTRENADO sobre la POBLACIÓN de las filas normales de D2 —que en el sistema real NUNCA llegan a la etapa 2— para contar cuántas conservarían etiqueta de ataque con confianza >= UMBRAL_CONF. NO describe el híbrido publicado y NO es comparable con ninguna columna de metricas_firmas.csv ni de metricas_hibrido.csv. La etapa 2 carece de clase 'normal' (D3 son solo ataques) así que etiqueta como ataque TODA fila: por eso 'n_argmax' de '__global__' es el total de normales. DENOMINADOR de 'tasa_condena': ese total y no el bucket de la fila —así los RECUENTOS de las cuatro categorías suman el de '__global__'; las tasas solo hasta el redondeo—. LÍMITE: 'tasa_condena' de '__global__' es COTA INFERIOR del FPR de un sistema de firmas-primero y lo citable es 'n_condenadas' — el porqué está en el puntero y no se replica aquí. UMBRAL_CONF se lee del descriptor del híbrido (ver 'origen_umbral_conf') donde lo dejó la calibración out-of-fold sobre D3. Cero fit: solo inferencia sobre modelos persistidos y D2 SOLO se reporta — ninguna decisión sale de esta tabla (P-4). Lectura cifras y porqué del límite: Implementacion/PIPELINE.md sección 'La cascada invertida (T3)',54,False,54,RandomForest,0.5,hibrido_54_semilla10.joblib::umbral_conf_elegido,u2r,9711,20,16,4,0.001648,0.66,10,df30cb2,2026-08-13T00:28:20
medida CONTRAFACTUAL de la cascada invertida (T3): predict_proba del clasificador de firmas YA ENTRENADO sobre la POBLACIÓN de las filas normales de D2 —que en el sistema real NUNCA llegan a la etapa 2— para contar cuántas conservarían etiqueta de ataque con confianza >= UMBRAL_CONF. NO describe el híbrido publicado y NO es comparable con ninguna columna de metricas_firmas.csv ni de metricas_hibrido.csv. La etapa 2 carece de clase 'normal' (D3 son solo ataques) así que etiqueta como ataque TODA fila: por eso 'n_argmax' de '__global__' es el total de normales. DENOMINADOR de 'tasa_condena': ese total y no el bucket de la fila —así los RECUENTOS de las cuatro categorías suman el de '__global__'; las tasas solo hasta el redondeo—. LÍMITE: 'tasa_condena' de '__global__' es COTA INFERIOR del FPR de un sistema de firmas-primero y lo citable es 'n_condenadas' — el porqué está en el puntero y no se replica aquí. UMBRAL_CONF se lee del descriptor del híbrido (ver 'origen_umbral_conf') donde lo dejó la calibración out-of-fold sobre D3. Cero fit: solo inferencia sobre modelos persistidos y D2 SOLO se reporta — ninguna decisión sale de esta tabla (P-4). Lectura cifras y porqué del límite: Implementacion/PIPELINE.md sección 'La cascada invertida (T3)',54,False,54,RandomForest,0.5,hibrido_54_semilla10.joblib::umbral_conf_elegido,__global__,9711,9711,7643,2068,0.787046,0.55,10,df30cb2,2026-08-13T00:28:20
medida CONTRAFACTUAL de la cascada invertida (T3): predict_proba del clasificador de firmas YA ENTRENADO sobre la POBLACIÓN de las filas normales de D2 —que en el sistema real NUNCA llegan a la etapa 2— para contar cuántas conservarían etiqueta de ataque con confianza >= UMBRAL_CONF. NO describe el híbrido publicado y NO es comparable con ninguna columna de metricas_firmas.csv ni de metricas_hibrido.csv. La etapa 2 carece de clase 'normal' (D3 son solo ataques) así que etiqueta como ataque TODA fila: por eso 'n_argmax' de '__global__' es el total de normales. DENOMINADOR de 'tasa_condena': ese total y no el bucket de la fila —así los RECUENTOS de las cuatro categorías suman el de '__global__'; las tasas solo hasta el redondeo—. LÍMITE: 'tasa_condena' de '__global__' es COTA INFERIOR del FPR de un sistema de firmas-primero y lo citable es 'n_condenadas' — el porqué está en el puntero y no se replica aquí. UMBRAL_CONF se lee del descriptor del híbrido (ver 'origen_umbral_conf') donde lo dejó la calibración out-of-fold sobre D3. Cero fit: solo inferencia sobre modelos persistidos y D2 SOLO se reporta — ninguna decisión sale de esta tabla (P-4). Lectura cifras y porqué del límite: Implementacion/PIPELINE.md sección 'La cascada invertida (T3)',122_sin_seleccion,True,122,RandomForest,0.5,hibrido_122_sin_seleccion_semilla10.joblib::umbral_conf_elegido,dos,9711,5760,2687,3073,0.276697,0.494621,10,df30cb2,2026-08-13T00:37:56
medida CONTRAFACTUAL de la cascada invertida (T3): predict_proba del clasificador de firmas YA ENTRENADO sobre la POBLACIÓN de las filas normales de D2 —que en el sistema real NUNCA llegan a la etapa 2— para contar cuántas conservarían etiqueta de ataque con confianza >= UMBRAL_CONF. NO describe el híbrido publicado y NO es comparable con ninguna columna de metricas_firmas.csv ni de metricas_hibrido.csv. La etapa 2 carece de clase 'normal' (D3 son solo ataques) así que etiqueta como ataque TODA fila: por eso 'n_argmax' de '__global__' es el total de normales. DENOMINADOR de 'tasa_condena': ese total y no el bucket de la fila —así los RECUENTOS de las cuatro categorías suman el de '__global__'; las tasas solo hasta el redondeo—. LÍMITE: 'tasa_condena' de '__global__' es COTA INFERIOR del FPR de un sistema de firmas-primero y lo citable es 'n_condenadas' — el porqué está en el puntero y no se replica aquí. UMBRAL_CONF se lee del descriptor del híbrido (ver 'origen_umbral_conf') donde lo dejó la calibración out-of-fold sobre D3. Cero fit: solo inferencia sobre modelos persistidos y D2 SOLO se reporta — ninguna decisión sale de esta tabla (P-4). Lectura cifras y porqué del límite: Implementacion/PIPELINE.md sección 'La cascada invertida (T3)',122_sin_seleccion,True,122,RandomForest,0.5,hibrido_122_sin_seleccion_semilla10.joblib::umbral_conf_elegido,probe,9711,1546,755,791,0.077747,0.496123,10,df30cb2,2026-08-13T00:37:56
medida CONTRAFACTUAL de la cascada invertida (T3): predict_proba del clasificador de firmas YA ENTRENADO sobre la POBLACIÓN de las filas normales de D2 —que en el sistema real NUNCA llegan a la etapa 2— para contar cuántas conservarían etiqueta de ataque con confianza >= UMBRAL_CONF. NO describe el híbrido publicado y NO es comparable con ninguna columna de metricas_firmas.csv ni de metricas_hibrido.csv. La etapa 2 carece de clase 'normal' (D3 son solo ataques) así que etiqueta como ataque TODA fila: por eso 'n_argmax' de '__global__' es el total de normales. DENOMINADOR de 'tasa_condena': ese total y no el bucket de la fila —así los RECUENTOS de las cuatro categorías suman el de '__global__'; las tasas solo hasta el redondeo—. LÍMITE: 'tasa_condena' de '__global__' es COTA INFERIOR del FPR de un sistema de firmas-primero y lo citable es 'n_condenadas' — el porqué está en el puntero y no se replica aquí. UMBRAL_CONF se lee del descriptor del híbrido (ver 'origen_umbral_conf') donde lo dejó la calibración out-of-fold sobre D3. Cero fit: solo inferencia sobre modelos persistidos y D2 SOLO se reporta — ninguna decisión sale de esta tabla (P-4). Lectura cifras y porqué del límite: Implementacion/PIPELINE.md sección 'La cascada invertida (T3)',122_sin_seleccion,True,122,RandomForest,0.5,hibrido_122_sin_seleccion_semilla10.joblib::umbral_conf_elegido,r2l,9711,2355,708,1647,0.072907,0.465271,10,df30cb2,2026-08-13T00:37:56
medida CONTRAFACTUAL de la cascada invertida (T3): predict_proba del clasificador de firmas YA ENTRENADO sobre la POBLACIÓN de las filas normales de D2 —que en el sistema real NUNCA llegan a la etapa 2— para contar cuántas conservarían etiqueta de ataque con confianza >= UMBRAL_CONF. NO describe el híbrido publicado y NO es comparable con ninguna columna de metricas_firmas.csv ni de metricas_hibrido.csv. La etapa 2 carece de clase 'normal' (D3 son solo ataques) así que etiqueta como ataque TODA fila: por eso 'n_argmax' de '__global__' es el total de normales. DENOMINADOR de 'tasa_condena': ese total y no el bucket de la fila —así los RECUENTOS de las cuatro categorías suman el de '__global__'; las tasas solo hasta el redondeo—. LÍMITE: 'tasa_condena' de '__global__' es COTA INFERIOR del FPR de un sistema de firmas-primero y lo citable es 'n_condenadas' — el porqué está en el puntero y no se replica aquí. UMBRAL_CONF se lee del descriptor del híbrido (ver 'origen_umbral_conf') donde lo dejó la calibración out-of-fold sobre D3. Cero fit: solo inferencia sobre modelos persistidos y D2 SOLO se reporta — ninguna decisión sale de esta tabla (P-4). Lectura cifras y porqué del límite: Implementacion/PIPELINE.md sección 'La cascada invertida (T3)',122_sin_seleccion,True,122,RandomForest,0.5,hibrido_122_sin_seleccion_semilla10.joblib::umbral_conf_elegido,u2r,9711,50,20,30,0.00206,0.475999,10,df30cb2,2026-08-13T00:37:56
medida CONTRAFACTUAL de la cascada invertida (T3): predict_proba del clasificador de firmas YA ENTRENADO sobre la POBLACIÓN de las filas normales de D2 —que en el sistema real NUNCA llegan a la etapa 2— para contar cuántas conservarían etiqueta de ataque con confianza >= UMBRAL_CONF. NO describe el híbrido publicado y NO es comparable con ninguna columna de metricas_firmas.csv ni de metricas_hibrido.csv. La etapa 2 carece de clase 'normal' (D3 son solo ataques) así que etiqueta como ataque TODA fila: por eso 'n_argmax' de '__global__' es el total de normales. DENOMINADOR de 'tasa_condena': ese total y no el bucket de la fila —así los RECUENTOS de las cuatro categorías suman el de '__global__'; las tasas solo hasta el redondeo—. LÍMITE: 'tasa_condena' de '__global__' es COTA INFERIOR del FPR de un sistema de firmas-primero y lo citable es 'n_condenadas' — el porqué está en el puntero y no se replica aquí. UMBRAL_CONF se lee del descriptor del híbrido (ver 'origen_umbral_conf') donde lo dejó la calibración out-of-fold sobre D3. Cero fit: solo inferencia sobre modelos persistidos y D2 SOLO se reporta — ninguna decisión sale de esta tabla (P-4). Lectura cifras y porqué del límite: Implementacion/PIPELINE.md sección 'La cascada invertida (T3)',122_sin_seleccion,True,122,RandomForest,0.5,hibrido_122_sin_seleccion_semilla10.joblib::umbral_conf_elegido,__global__,9711,9711,4170,5541,0.42941,0.488002,10,df30cb2,2026-08-13T00:37:56
